production_id,machine_id,production_date,shift,anomaly,anomaly_score
1,1,2025-08-24,Morning,0,0.08444620219770793
2,1,2025-08-24,Afternoon,0,0.06977358649424165
3,1,2025-08-24,Night,0,0.09280173882497883
4,2,2025-08-24,Morning,0,0.0527896238570863
5,2,2025-08-24,Afternoon,0,0.03551926263561367
6,2,2025-08-24,Night,0,0.02651619468107158
7,3,2025-08-24,Morning,0,0.01103222462263409
8,3,2025-08-24,Afternoon,0,0.01939193798796135
9,3,2025-08-24,Night,0,0.031985338948622766
10,4,2025-08-24,Morning,0,0.018076535720380704
11,4,2025-08-24,Afternoon,0,0.004861383751266657
12,4,2025-08-24,Night,0,0.025529225631699237
13,5,2025-08-24,Morning,0,0.04644956304434844
14,5,2025-08-24,Afternoon,0,0.06065365334883899
15,5,2025-08-24,Night,0,0.0707181587723133
16,1,2025-08-25,Morning,0,0.05488639495643288
17,1,2025-08-25,Afternoon,0,0.08766435487168023
18,1,2025-08-25,Night,0,0.09141908954291839
19,2,2025-08-25,Morning,0,0.06340792252449107
20,2,2025-08-25,Afternoon,0,0.0449555098102975
21,2,2025-08-25,Night,0,0.09136144940086272
22,3,2025-08-25,Morning,0,0.049106890324681185
23,3,2025-08-25,Afternoon,0,0.020097471467162453
24,3,2025-08-25,Night,0,0.01520494032434272
25,4,2025-08-25,Morning,0,0.046560779567487054
26,4,2025-08-25,Afternoon,0,0.03081435242982844
27,4,2025-08-25,Night,0,0.04056832715561365
28,5,2025-08-25,Morning,0,0.09539671051963167
29,5,2025-08-25,Afternoon,0,0.10270384213577294
30,5,2025-08-25,Night,0,0.08676684199635198
31,1,2025-08-26,Morning,0,0.07127474258442107
32,1,2025-08-26,Afternoon,0,0.07900529250193239
33,1,2025-08-26,Night,0,0.052433459510533464
34,2,2025-08-26,Morning,0,0.08251533032197567
35,2,2025-08-26,Afternoon,0,0.0832083026688471
36,2,2025-08-26,Night,0,0.04747667235344011
37,3,2025-08-26,Morning,0,0.006201994583703074
38,3,2025-08-26,Afternoon,1,-0.00774796200991712
39,3,2025-08-26,Night,0,0.024797681498727853
40,4,2025-08-26,Morning,0,0.0596549646118687
41,4,2025-08-26,Afternoon,0,0.05935506760331766
42,4,2025-08-26,Night,0,0.06783608441798233
43,5,2025-08-26,Morning,0,0.1080971189790591
44,5,2025-08-26,Afternoon,0,0.09226309135344474
45,5,2025-08-26,Night,0,0.11369375549513117
46,1,2025-08-27,Morning,0,0.048461934241617044
47,1,2025-08-27,Afternoon,0,0.07824929554955679
48,1,2025-08-27,Night,0,0.08334253413163889
49,2,2025-08-27,Morning,0,0.0816824261528507
50,2,2025-08-27,Afternoon,0,0.08767901060762512
51,2,2025-08-27,Night,0,0.07710258382282925
52,3,2025-08-27,Morning,0,0.05152854496562442
53,3,2025-08-27,Afternoon,0,0.03995736353257118
54,3,2025-08-27,Night,0,0.04351791159382645
55,4,2025-08-27,Morning,0,0.07153961793836694
56,4,2025-08-27,Afternoon,0,0.03146728263292775
57,4,2025-08-27,Night,0,0.042355443936456516
58,5,2025-08-27,Morning,0,0.1053517804362652
59,5,2025-08-27,Afternoon,0,0.08238681336103149
60,5,2025-08-27,Night,0,0.08036525393741845
61,1,2025-08-28,Morning,0,0.08601731682033242
62,1,2025-08-28,Afternoon,0,0.06419767720976438
63,1,2025-08-28,Night,0,0.08676206319166291
64,2,2025-08-28,Morning,0,0.0824563379059099
65,2,2025-08-28,Afternoon,0,0.07422720524147158
66,2,2025-08-28,Night,0,0.039628182239694554
67,3,2025-08-28,Morning,0,0.03506821007223215
68,3,2025-08-28,Afternoon,1,-0.015086221452768722
69,3,2025-08-28,Night,1,-0.013773152738627559
70,4,2025-08-28,Morning,0,0.04280282925577683
71,4,2025-08-28,Afternoon,0,0.004647097536885192
72,4,2025-08-28,Night,0,0.05806297221776474
73,5,2025-08-28,Morning,0,0.10215982108475874
74,5,2025-08-28,Afternoon,0,0.07336268839729271
75,5,2025-08-28,Night,0,0.08707914261979888
76,1,2025-08-29,Morning,0,0.08565821478479468
77,1,2025-08-29,Afternoon,0,0.06938458293963057
78,1,2025-08-29,Night,0,0.0547550758984342
79,2,2025-08-29,Morning,0,0.06197884396836956
80,2,2025-08-29,Afternoon,0,0.06013129752824997
81,2,2025-08-29,Night,0,0.08216794724041582
82,3,2025-08-29,Morning,1,-0.04901387311632577
83,3,2025-08-29,Afternoon,1,-0.02864569874968237
84,3,2025-08-29,Night,1,-0.0031776552886816356
85,4,2025-08-29,Morning,0,0.03808681614136822
86,4,2025-08-29,Afternoon,0,0.0671908331304572
87,4,2025-08-29,Night,0,0.04931555909788965
88,5,2025-08-29,Morning,0,0.07549199923489924
89,5,2025-08-29,Afternoon,0,0.07733213153578461
90,5,2025-08-29,Night,0,0.09714062436646703
91,1,2025-08-30,Morning,0,0.0738517310825752
92,1,2025-08-30,Afternoon,0,0.09110404582394471
93,1,2025-08-30,Night,0,0.07591715692469081
94,2,2025-08-30,Morning,0,0.06763397533282611
95,2,2025-08-30,Afternoon,0,0.06258292559306139
96,2,2025-08-30,Night,0,0.07575858924452988
97,3,2025-08-30,Morning,1,-0.006553443127653491
98,3,2025-08-30,Afternoon,0,0.009876681154136313
99,3,2025-08-30,Night,0,0.019673979012269527
100,4,2025-08-30,Morning,0,0.029763932476503885
101,4,2025-08-30,Afternoon,0,0.07140254905057203
102,4,2025-08-30,Night,0,0.07879270019805878
103,5,2025-08-30,Morning,0,0.11313457248864106
104,5,2025-08-30,Afternoon,0,0.08276567194278528
105,5,2025-08-30,Night,0,0.05847362511411819
106,1,2025-08-31,Morning,0,0.09675917876738604
107,1,2025-08-31,Afternoon,0,0.101252163926639
108,1,2025-08-31,Night,0,0.06699004774698786
109,2,2025-08-31,Morning,0,0.09898638722845549
110,2,2025-08-31,Afternoon,0,0.03540142487617848
111,2,2025-08-31,Night,0,0.024426583368935884
112,3,2025-08-31,Morning,0,0.02643836093937524
113,3,2025-08-31,Afternoon,0,0.03906046468024893
114,3,2025-08-31,Night,1,-0.01110022048231607
115,4,2025-08-31,Morning,0,0.04634018804393958
116,4,2025-08-31,Afternoon,0,0.04449021861391744
117,4,2025-08-31,Night,0,0.050669327430156286
118,5,2025-08-31,Morning,0,0.08283854645136407
119,5,2025-08-31,Afternoon,0,0.0609232647292679
120,5,2025-08-31,Night,0,0.08282522169195217
121,1,2025-09-01,Morning,0,0.07981910111363599
122,1,2025-09-01,Afternoon,0,0.07321278699771128
123,1,2025-09-01,Night,0,0.07688483005526664
124,2,2025-09-01,Morning,0,0.070699938697033
125,2,2025-09-01,Afternoon,0,0.07647158552933514
126,2,2025-09-01,Night,0,0.08203101175921723
127,3,2025-09-01,Morning,0,0.02088311038688473
128,3,2025-09-01,Afternoon,1,-0.0050733383191547965
129,3,2025-09-01,Night,1,-0.018628033429320956
130,4,2025-09-01,Morning,0,0.0023124594195057524
131,4,2025-09-01,Afternoon,0,0.008158805249477985
132,4,2025-09-01,Night,0,0.030879033140089884
133,5,2025-09-01,Morning,0,0.08988229071444459
134,5,2025-09-01,Afternoon,0,0.067066946526747
135,5,2025-09-01,Night,0,0.07281960442922197
136,1,2025-09-02,Morning,0,0.04775041831789273
137,1,2025-09-02,Afternoon,0,0.05847267307765075
138,1,2025-09-02,Night,0,0.07247164709748599
139,2,2025-09-02,Morning,0,0.09798928250418187
140,2,2025-09-02,Afternoon,0,0.07147062518058994
141,2,2025-09-02,Night,0,0.08223744431802738
142,3,2025-09-02,Morning,1,-0.019795441368344324
143,3,2025-09-02,Afternoon,1,-0.006013550901584397
144,3,2025-09-02,Night,1,-0.01760367345836833
145,4,2025-09-02,Morning,0,0.005046143068759168
146,4,2025-09-02,Afternoon,0,0.011913618305186446
147,4,2025-09-02,Night,0,0.07469405808066959
148,5,2025-09-02,Morning,0,0.06638023287610656
149,5,2025-09-02,Afternoon,0,0.04540158084157919
150,5,2025-09-02,Night,0,0.07467885195965568
151,1,2025-09-03,Morning,0,0.0760424722823157
152,1,2025-09-03,Afternoon,0,0.06858689143240365
153,1,2025-09-03,Night,0,0.0616133095235783
154,2,2025-09-03,Morning,0,0.10938920801929186
155,2,2025-09-03,Afternoon,0,0.0670479156714171
156,2,2025-09-03,Night,0,0.0337037470115682
157,3,2025-09-03,Morning,0,0.03585650513850991
158,3,2025-09-03,Afternoon,0,0.041499356154069855
159,3,2025-09-03,Night,0,0.0020057710835367226
160,4,2025-09-03,Morning,0,0.06625341714976529
161,4,2025-09-03,Afternoon,0,0.07525366820402557
162,4,2025-09-03,Night,0,0.04197006335860132
163,5,2025-09-03,Morning,0,0.10436925066962477
164,5,2025-09-03,Afternoon,0,0.06872859122479513
165,5,2025-09-03,Night,0,0.07527949080116014
166,1,2025-09-04,Morning,0,0.06460100732650714
167,1,2025-09-04,Afternoon,0,0.06736443562889582
168,1,2025-09-04,Night,0,0.0780818104833847
169,2,2025-09-04,Morning,0,0.050223877075506795
170,2,2025-09-04,Afternoon,0,0.05351250274336872
171,2,2025-09-04,Night,0,0.07531116763362988
172,3,2025-09-04,Morning,1,-0.03288758839686423
173,3,2025-09-04,Afternoon,0,0.012613606901270003
174,3,2025-09-04,Night,0,0.039296179137857656
175,4,2025-09-04,Morning,0,0.023882025482968472
176,4,2025-09-04,Afternoon,0,0.056225176182021996
177,4,2025-09-04,Night,0,0.051729772868709056
178,5,2025-09-04,Morning,0,0.08211402682086927
179,5,2025-09-04,Afternoon,0,0.09851204960602378
180,5,2025-09-04,Night,0,0.0760908472489038
181,1,2025-09-05,Morning,0,0.07334977023463679
182,1,2025-09-05,Afternoon,0,0.09617472411806671
183,1,2025-09-05,Night,0,0.09378604118260414
184,2,2025-09-05,Morning,0,0.05313302401062048
185,2,2025-09-05,Afternoon,0,0.06677285926956833
186,2,2025-09-05,Night,0,0.07744288387612386
187,3,2025-09-05,Morning,0,0.03151563418651804
188,3,2025-09-05,Afternoon,1,-0.002930753817561693
189,3,2025-09-05,Night,0,0.022080768457006572
190,4,2025-09-05,Morning,0,0.0685986078533482
191,4,2025-09-05,Afternoon,0,0.0800379255193232
192,4,2025-09-05,Night,0,0.07291551650451228
193,5,2025-09-05,Morning,0,0.07826616120527952
194,5,2025-09-05,Afternoon,0,0.07863690351652974
195,5,2025-09-05,Night,0,0.07374663350505029
196,1,2025-09-06,Morning,0,0.061401372577367996
197,1,2025-09-06,Afternoon,0,0.08239431722615925
198,1,2025-09-06,Night,0,0.0783203587743011
199,2,2025-09-06,Morning,0,0.08817368290627303
200,2,2025-09-06,Afternoon,0,0.07803179877525046
201,2,2025-09-06,Night,0,0.07070582224250271
202,3,2025-09-06,Morning,0,0.03166988023959316
203,3,2025-09-06,Afternoon,1,-0.00041232154692594225
204,3,2025-09-06,Night,0,0.01485815311740546
205,4,2025-09-06,Morning,0,0.03158259583771805
206,4,2025-09-06,Afternoon,0,0.02661873694139505
207,4,2025-09-06,Night,0,0.05456135041293375
208,5,2025-09-06,Morning,0,0.07756147017301979
209,5,2025-09-06,Afternoon,0,0.09739708087686799
210,5,2025-09-06,Night,0,0.06738950686293221
211,1,2025-09-07,Morning,0,0.07806795267384137
212,1,2025-09-07,Afternoon,0,0.05758204296040775
213,1,2025-09-07,Night,0,0.045275709603372016
214,2,2025-09-07,Morning,0,0.08399220714751243
215,2,2025-09-07,Afternoon,0,0.08586430045473964
216,2,2025-09-07,Night,0,0.0881664786254992
217,3,2025-09-07,Morning,0,0.020043466229604956
218,3,2025-09-07,Afternoon,0,0.03393905758644
219,3,2025-09-07,Night,0,0.06653944083916624
220,4,2025-09-07,Morning,0,0.03578169793608643
221,4,2025-09-07,Afternoon,0,0.04939404534102698
222,4,2025-09-07,Night,0,0.05160045267656721
223,5,2025-09-07,Morning,0,0.0884485586955816
224,5,2025-09-07,Afternoon,0,0.043344837470734476
225,5,2025-09-07,Night,0,0.07937853325214284
226,1,2025-09-08,Morning,0,0.0726886613975708
227,1,2025-09-08,Afternoon,0,0.08837727729148315
228,1,2025-09-08,Night,0,0.06666377482333646
229,2,2025-09-08,Morning,0,0.08401333928630711
230,2,2025-09-08,Afternoon,0,0.07242386757236724
231,2,2025-09-08,Night,0,0.057352744008866086
232,3,2025-09-08,Morning,0,0.006429368667343671
233,3,2025-09-08,Afternoon,1,-0.027560418702726297
234,3,2025-09-08,Night,1,-0.04034344820789704
235,4,2025-09-08,Morning,0,0.0167568620925046
236,4,2025-09-08,Afternoon,0,0.012826272201637678
237,4,2025-09-08,Night,0,0.030679846401516442
238,5,2025-09-08,Morning,0,0.07134359925742106
239,5,2025-09-08,Afternoon,0,0.08771534811759507
240,5,2025-09-08,Night,0,0.0798592912529002
241,1,2025-09-09,Morning,0,0.06637157626685186
242,1,2025-09-09,Afternoon,0,0.09625024155755502
243,1,2025-09-09,Night,0,0.09699700405048023
244,2,2025-09-09,Morning,0,0.0518552288046189
245,2,2025-09-09,Afternoon,0,0.04595117002650728
246,2,2025-09-09,Night,0,0.06694272707945897
247,3,2025-09-09,Morning,0,0.023744315566187724
248,3,2025-09-09,Afternoon,0,0.03299649936207971
249,3,2025-09-09,Night,1,-0.009751836504754197
250,4,2025-09-09,Morning,0,0.06509457585372586
251,4,2025-09-09,Afternoon,0,0.0328011929211629
252,4,2025-09-09,Night,0,0.07113952897591119
253,5,2025-09-09,Morning,0,0.08163149824478338
254,5,2025-09-09,Afternoon,0,0.07751752252154165
255,5,2025-09-09,Night,0,0.07260464807120937
256,1,2025-09-10,Morning,0,0.09504342698454271
257,1,2025-09-10,Afternoon,0,0.06548374544694624
258,1,2025-09-10,Night,0,0.03672808957986984
259,2,2025-09-10,Morning,0,0.0818526374601003
260,2,2025-09-10,Afternoon,0,0.06165983289193133
261,2,2025-09-10,Night,0,0.05443953287757752
262,3,2025-09-10,Morning,1,-0.004939252777372283
263,3,2025-09-10,Afternoon,0,0.027355384526781767
264,3,2025-09-10,Night,0,0.043344640704649495
265,4,2025-09-10,Morning,0,0.04810066373678312
266,4,2025-09-10,Afternoon,0,0.07585046036697896
267,4,2025-09-10,Night,0,0.026529913718238207
268,5,2025-09-10,Morning,0,0.09869433216090884
269,5,2025-09-10,Afternoon,0,0.07472895654170703
270,5,2025-09-10,Night,0,0.0889014673045776
271,1,2025-09-11,Morning,0,0.01664076392838909
272,1,2025-09-11,Afternoon,0,0.06447511524088806
273,1,2025-09-11,Night,0,0.08186049406606893
274,2,2025-09-11,Morning,0,0.038117842182614936
275,2,2025-09-11,Afternoon,0,0.058264979989966936
276,2,2025-09-11,Night,0,0.06386580074326548
277,3,2025-09-11,Morning,0,0.02641939791625625
278,3,2025-09-11,Afternoon,0,0.05873861719592921
279,3,2025-09-11,Night,0,0.03307791355251766
280,4,2025-09-11,Morning,0,0.06272786128821262
281,4,2025-09-11,Afternoon,0,0.0699799481330336
282,4,2025-09-11,Night,0,0.08958384354606408
283,5,2025-09-11,Morning,0,0.08543793051668341
284,5,2025-09-11,Afternoon,0,0.09661723082576901
285,5,2025-09-11,Night,0,0.07682474772050613
286,1,2025-09-12,Morning,0,0.08352662130195576
287,1,2025-09-12,Afternoon,0,0.06807621339367259
288,1,2025-09-12,Night,0,0.07003833223218187
289,2,2025-09-12,Morning,0,0.05729692263339076
290,2,2025-09-12,Afternoon,0,0.06258548874702241
291,2,2025-09-12,Night,0,0.08584290543920997
292,3,2025-09-12,Morning,0,0.026253799007022516
293,3,2025-09-12,Afternoon,0,0.015490178658593035
294,3,2025-09-12,Night,0,0.028925205241266516
295,4,2025-09-12,Morning,0,0.0844867690139201
296,4,2025-09-12,Afternoon,0,0.03007610771949487
297,4,2025-09-12,Night,1,-0.0022515612199659474
298,5,2025-09-12,Morning,0,0.06882938547939244
299,5,2025-09-12,Afternoon,0,0.05863215739399574
300,5,2025-09-12,Night,0,0.06301042317434874
301,1,2025-09-13,Morning,0,0.06315157094578083
302,1,2025-09-13,Afternoon,0,0.08629260484356421
303,1,2025-09-13,Night,0,0.021030231345814943
304,2,2025-09-13,Morning,0,0.07780008131188038
305,2,2025-09-13,Afternoon,0,0.08298594789172115
306,2,2025-09-13,Night,0,0.08240095607753944
307,3,2025-09-13,Morning,0,0.0329865705011837
308,3,2025-09-13,Afternoon,0,0.04412339475927829
309,3,2025-09-13,Night,0,0.05687992964693428
310,4,2025-09-13,Morning,0,0.056252737836671896
311,4,2025-09-13,Afternoon,0,0.05776408614329004
312,4,2025-09-13,Night,0,0.043735801832897714
313,5,2025-09-13,Morning,0,0.07299707971960195
314,5,2025-09-13,Afternoon,0,0.07876520573731649
315,5,2025-09-13,Night,0,0.06832998664814333
316,1,2025-09-14,Morning,0,0.05714265305740962
317,1,2025-09-14,Afternoon,0,0.08065723345546283
318,1,2025-09-14,Night,0,0.09819748030094888
319,2,2025-09-14,Morning,0,0.110272071403969
320,2,2025-09-14,Afternoon,0,0.09878798088584412
321,2,2025-09-14,Night,0,0.0720286006885183
322,3,2025-09-14,Morning,0,0.01771883196046664
323,3,2025-09-14,Afternoon,0,0.009870380791399902
324,3,2025-09-14,Night,0,0.003594007618141437
325,4,2025-09-14,Morning,0,0.09269738116923842
326,4,2025-09-14,Afternoon,0,0.09310287619614449
327,4,2025-09-14,Night,0,0.06415459492762265
328,5,2025-09-14,Morning,0,0.08170457593745922
329,5,2025-09-14,Afternoon,0,0.0835521021796003
330,5,2025-09-14,Night,0,0.10483154644552645
331,1,2025-09-15,Morning,0,0.10026422968479576
332,1,2025-09-15,Afternoon,0,0.09688510295031694
333,1,2025-09-15,Night,0,0.045804587754806114
334,2,2025-09-15,Morning,0,0.06357496002379592
335,2,2025-09-15,Afternoon,0,0.08054093834991272
336,2,2025-09-15,Night,0,0.07459184635014549
337,3,2025-09-15,Morning,0,0.01650545697858663
338,3,2025-09-15,Afternoon,1,-0.019216921592581482
339,3,2025-09-15,Night,1,-0.009704676463704986
340,4,2025-09-15,Morning,0,0.06670540218227178
341,4,2025-09-15,Afternoon,0,0.05003724377496788
342,4,2025-09-15,Night,0,0.04416878329808627
343,5,2025-09-15,Morning,0,0.11217552482430937
344,5,2025-09-15,Afternoon,0,0.10400581839532419
345,5,2025-09-15,Night,0,0.09265978666372054
346,1,2025-09-16,Morning,0,0.08111077409474687
347,1,2025-09-16,Afternoon,0,0.051726356383805405
348,1,2025-09-16,Night,0,0.08022483396150348
349,2,2025-09-16,Morning,0,0.06784221819866398
350,2,2025-09-16,Afternoon,0,0.07736810983923781
351,2,2025-09-16,Night,0,0.09123495733150827
352,3,2025-09-16,Morning,1,-0.007875449218225472
353,3,2025-09-16,Afternoon,1,-0.0018427726034083713
354,3,2025-09-16,Night,0,0.022440516594347537
355,4,2025-09-16,Morning,0,0.010656586042200433
356,4,2025-09-16,Afternoon,0,0.026922380826575498
357,4,2025-09-16,Night,0,0.026203983977573952
358,5,2025-09-16,Morning,0,0.09811009777646712
359,5,2025-09-16,Afternoon,0,0.07971654162631003
360,5,2025-09-16,Night,0,0.07310552087540068
361,1,2025-09-17,Morning,0,0.08783315402765118
362,1,2025-09-17,Afternoon,0,0.10095730353174387
363,1,2025-09-17,Night,0,0.05764583647493765
364,2,2025-09-17,Morning,0,0.08486021275803346
365,2,2025-09-17,Afternoon,0,0.0670933690332064
366,2,2025-09-17,Night,0,0.05813348720246336
367,3,2025-09-17,Morning,0,0.05237361421353459
368,3,2025-09-17,Afternoon,0,0.023393792164179694
369,3,2025-09-17,Night,0,0.019224708952405023
370,4,2025-09-17,Morning,0,0.03870530231136027
371,4,2025-09-17,Afternoon,0,0.05166574229425602
372,4,2025-09-17,Night,0,0.025400432069647372
373,5,2025-09-17,Morning,0,0.05998405520897643
374,5,2025-09-17,Afternoon,0,0.07485142058385019
375,5,2025-09-17,Night,0,0.07963827675347196
376,1,2025-09-18,Morning,0,0.04404994945709351
377,1,2025-09-18,Afternoon,0,0.0601299108900481
378,1,2025-09-18,Night,0,0.044764119792717216
379,2,2025-09-18,Morning,0,0.02086594010976861
380,2,2025-09-18,Afternoon,0,0.060291715724476336
381,2,2025-09-18,Night,0,0.07719974442712951
382,3,2025-09-18,Morning,0,0.01106808980286289
383,3,2025-09-18,Afternoon,1,-0.024918204709104552
384,3,2025-09-18,Night,0,0.019332710520119423
385,4,2025-09-18,Morning,0,0.047948207120145914
386,4,2025-09-18,Afternoon,0,0.024024819938546993
387,4,2025-09-18,Night,0,0.09189495664736141
388,5,2025-09-18,Morning,0,0.08015088258400244
389,5,2025-09-18,Afternoon,0,0.07226553932463636
390,5,2025-09-18,Night,0,0.06536391607735936
391,1,2025-09-19,Morning,0,0.04295191402123966
392,1,2025-09-19,Afternoon,0,0.04811755394834061
393,1,2025-09-19,Night,0,0.05362362842065094
394,2,2025-09-19,Morning,0,0.07308015961006775
395,2,2025-09-19,Afternoon,0,0.08105550971399794
396,2,2025-09-19,Night,0,0.04547297122804861
397,3,2025-09-19,Morning,0,0.04190270715892419
398,3,2025-09-19,Afternoon,1,-0.014678812427553312
399,3,2025-09-19,Night,0,0.029046076575091173
400,4,2025-09-19,Morning,0,0.043947970533790515
401,4,2025-09-19,Afternoon,0,0.07756632803199498
402,4,2025-09-19,Night,0,0.04773963932797343
403,5,2025-09-19,Morning,0,0.09842503400343888
404,5,2025-09-19,Afternoon,0,0.09794031394264047
405,5,2025-09-19,Night,0,0.052569842751668094
406,1,2025-09-20,Morning,0,0.05849280571306409
407,1,2025-09-20,Afternoon,0,0.06319473268678538
408,1,2025-09-20,Night,0,0.08429703455291881
409,2,2025-09-20,Morning,0,0.06892530367032212
410,2,2025-09-20,Afternoon,0,0.07565146294435005
411,2,2025-09-20,Night,0,0.05620255767497523
412,3,2025-09-20,Morning,0,0.04655793957661025
413,3,2025-09-20,Afternoon,0,0.032729207611441935
414,3,2025-09-20,Night,1,-0.02993592669621814
415,4,2025-09-20,Morning,0,0.07106296685142843
416,4,2025-09-20,Afternoon,0,0.05432832811892596
417,4,2025-09-20,Night,0,0.06703270736913086
418,5,2025-09-20,Morning,0,0.051253520271478226
419,5,2025-09-20,Afternoon,0,0.04913099465086623
420,5,2025-09-20,Night,0,0.027594672802390585
421,1,2025-09-21,Morning,0,0.054419469371956075
422,1,2025-09-21,Afternoon,0,0.06404864413630568
423,1,2025-09-21,Night,0,0.044880541564181975
424,2,2025-09-21,Morning,0,0.07022765790057217
425,2,2025-09-21,Afternoon,0,0.08864833384124071
426,2,2025-09-21,Night,0,0.09532329578309756
427,3,2025-09-21,Morning,0,0.01676771996479598
428,3,2025-09-21,Afternoon,0,0.02252151582541584
429,3,2025-09-21,Night,0,0.023194700837093407
430,4,2025-09-21,Morning,0,0.09672048454850762
431,4,2025-09-21,Afternoon,0,0.06941299866246375
432,4,2025-09-21,Night,0,0.04607579335661083
433,5,2025-09-21,Morning,0,0.06150790549439478
434,5,2025-09-21,Afternoon,0,0.084100592007462
435,5,2025-09-21,Night,0,0.07770334875127333
436,1,2025-09-22,Morning,0,0.07304278956135657
437,1,2025-09-22,Afternoon,0,0.04097990424317677
438,1,2025-09-22,Night,0,0.07429799428873579
439,2,2025-09-22,Morning,0,0.09818862620180935
440,2,2025-09-22,Afternoon,0,0.09694050279021021
441,2,2025-09-22,Night,0,0.08327036850689362
442,3,2025-09-22,Morning,0,0.01058479591438033
443,3,2025-09-22,Afternoon,0,0.016125656005713696
444,3,2025-09-22,Night,0,0.02176962712596575
445,4,2025-09-22,Morning,0,0.06828422485198044
446,4,2025-09-22,Afternoon,0,0.06276968107972719
447,4,2025-09-22,Night,0,0.05501970772386733
448,5,2025-09-22,Morning,0,0.082332422584877
449,5,2025-09-22,Afternoon,0,0.1047583936624002
450,5,2025-09-22,Night,0,0.09010853966829924
451,1,2025-09-23,Morning,0,0.08659517248200294
452,1,2025-09-23,Afternoon,0,0.09364426998191361
453,1,2025-09-23,Night,0,0.09857661355933106
454,2,2025-09-23,Morning,0,0.09365512816635535
455,2,2025-09-23,Afternoon,0,0.09679418643204923
456,2,2025-09-23,Night,0,0.1038624386378636
457,3,2025-09-23,Morning,0,0.011328284377669418
458,3,2025-09-23,Afternoon,0,0.023809677399449614
459,3,2025-09-23,Night,0,0.010898994146873009
460,4,2025-09-23,Morning,1,-0.0015938039740167609
461,4,2025-09-23,Afternoon,0,0.02398329972501545
462,4,2025-09-23,Night,0,0.04030636659634357
463,5,2025-09-23,Morning,0,0.06465647471699598
464,5,2025-09-23,Afternoon,0,0.0713696445649637
465,5,2025-09-23,Night,0,0.07108408825633333
466,1,2025-09-24,Morning,0,0.0688335561356585
467,1,2025-09-24,Afternoon,0,0.06729265851378086
468,1,2025-09-24,Night,0,0.07231639431186138
469,2,2025-09-24,Morning,0,0.08762666375926303
470,2,2025-09-24,Afternoon,0,0.08529529791710039
471,2,2025-09-24,Night,0,0.10093902118435144
472,3,2025-09-24,Morning,0,0.0054023497142624555
473,3,2025-09-24,Afternoon,0,0.023820665242553885
474,3,2025-09-24,Night,0,0.04010840299548579
475,4,2025-09-24,Morning,0,0.03625422584275484
476,4,2025-09-24,Afternoon,0,0.05731663153515493
477,4,2025-09-24,Night,0,0.05753079948638623
478,5,2025-09-24,Morning,0,0.08175229303440745
479,5,2025-09-24,Afternoon,0,0.09850741743891006
480,5,2025-09-24,Night,0,0.09378735052582043
481,1,2025-09-25,Morning,0,0.051494367403249974
482,1,2025-09-25,Afternoon,0,0.047269004080551014
483,1,2025-09-25,Night,0,0.028453905846709038
484,2,2025-09-25,Morning,0,0.09975120412196903
485,2,2025-09-25,Afternoon,0,0.08665444338287975
486,2,2025-09-25,Night,0,0.09332024479305201
487,3,2025-09-25,Morning,0,0.004106110786432748
488,3,2025-09-25,Afternoon,1,-0.023970117314863204
489,3,2025-09-25,Night,0,0.04442710800107552
490,4,2025-09-25,Morning,0,0.08654365386726337
491,4,2025-09-25,Afternoon,0,0.07017311872330034
492,4,2025-09-25,Night,0,0.07862829240514496
493,5,2025-09-25,Morning,0,0.10417733458272027
494,5,2025-09-25,Afternoon,0,0.05670078704385012
495,5,2025-09-25,Night,0,0.051649520900126755
496,1,2025-09-26,Morning,0,0.05255049985644389
497,1,2025-09-26,Afternoon,0,0.0684093045756175
498,1,2025-09-26,Night,0,0.05728472051433314
499,2,2025-09-26,Morning,0,0.07258637684562791
500,2,2025-09-26,Afternoon,0,0.03766656958546388
501,2,2025-09-26,Night,0,0.04687849236512631
502,3,2025-09-26,Morning,0,0.043869892147085476
503,3,2025-09-26,Afternoon,0,0.05297745717883506
504,3,2025-09-26,Night,0,0.02793691418334676
505,4,2025-09-26,Morning,0,0.06327811750864065
506,4,2025-09-26,Afternoon,0,0.04550506688676803
507,4,2025-09-26,Night,0,0.06077390126536758
508,5,2025-09-26,Morning,0,0.07880197871985972
509,5,2025-09-26,Afternoon,0,0.048561523304662124
510,5,2025-09-26,Night,0,0.06915733833596804
511,1,2025-09-27,Morning,0,0.04752146217114617
512,1,2025-09-27,Afternoon,0,0.049540451698928845
513,1,2025-09-27,Night,0,0.08277472745532144
514,2,2025-09-27,Morning,0,0.03936848830977224
515,2,2025-09-27,Afternoon,0,0.028038599770137784
516,2,2025-09-27,Night,0,0.027412391609832887
517,3,2025-09-27,Morning,0,0.04465136450121532
518,3,2025-09-27,Afternoon,0,0.05348719389214074
519,3,2025-09-27,Night,0,0.0256778263697246
520,4,2025-09-27,Morning,0,0.05157288624363221
521,4,2025-09-27,Afternoon,0,0.06304643544155719
522,4,2025-09-27,Night,0,0.07867572600949907
523,5,2025-09-27,Morning,0,0.11082975691047386
524,5,2025-09-27,Afternoon,0,0.09301733013519009
525,5,2025-09-27,Night,0,0.10329046014164611
526,1,2025-09-28,Morning,0,0.09216652287912264
527,1,2025-09-28,Afternoon,0,0.07434327957780773
528,1,2025-09-28,Night,0,0.05974530238630077
529,2,2025-09-28,Morning,0,0.015777374668290323
530,2,2025-09-28,Afternoon,0,0.032971746650861666
531,2,2025-09-28,Night,0,0.0637336055426358
532,3,2025-09-28,Morning,0,0.001929629695914592
533,3,2025-09-28,Afternoon,0,0.02519633579671343
534,3,2025-09-28,Night,0,0.06670358305862523
535,4,2025-09-28,Morning,0,0.08745110332831091
536,4,2025-09-28,Afternoon,0,0.08650465108406352
537,4,2025-09-28,Night,0,0.08290211849696533
538,5,2025-09-28,Morning,0,0.09303821535855356
539,5,2025-09-28,Afternoon,0,0.07948464363450547
540,5,2025-09-28,Night,0,0.0939964133942075
541,1,2025-09-29,Morning,0,0.04404293301621098
542,1,2025-09-29,Afternoon,0,0.05849234927392233
543,1,2025-09-29,Night,0,0.058689721901573844
544,2,2025-09-29,Morning,0,0.07748348793801035
545,2,2025-09-29,Afternoon,0,0.07341967611801631
546,2,2025-09-29,Night,0,0.06380352511067466
547,3,2025-09-29,Morning,0,0.06124485675658198
548,3,2025-09-29,Afternoon,0,0.0702441613830761
549,3,2025-09-29,Night,0,0.03436676863169186
550,4,2025-09-29,Morning,0,0.06514716116344971
551,4,2025-09-29,Afternoon,0,0.07306447076013556
552,4,2025-09-29,Night,0,0.07412159425153819
553,5,2025-09-29,Morning,0,0.060974788082248654
554,5,2025-09-29,Afternoon,0,0.0600433145305026
555,5,2025-09-29,Night,0,0.08747455429816786
556,1,2025-09-30,Morning,0,0.046493228297939115
557,1,2025-09-30,Afternoon,0,0.06764783302161131
558,1,2025-09-30,Night,0,0.06736965306794518
559,2,2025-09-30,Morning,0,0.08986767930566969
560,2,2025-09-30,Afternoon,0,0.0884262436635796
561,2,2025-09-30,Night,0,0.09458237237500233
562,3,2025-09-30,Morning,1,-0.005912166033878008
563,3,2025-09-30,Afternoon,0,0.03988957759602829
564,3,2025-09-30,Night,0,0.037121240292704916
565,4,2025-09-30,Morning,0,0.036916171444329904
566,4,2025-09-30,Afternoon,1,-0.002356378421413452
567,4,2025-09-30,Night,0,0.02808999888492192
568,5,2025-09-30,Morning,0,0.08041685469243698
569,5,2025-09-30,Afternoon,0,0.08218014326072437
570,5,2025-09-30,Night,0,0.08851677390621115
571,1,2025-10-01,Morning,0,0.041886917976033944
572,1,2025-10-01,Afternoon,0,0.05272668419199167
573,1,2025-10-01,Night,0,0.0763233965838701
574,2,2025-10-01,Morning,0,0.08808439835170967
575,2,2025-10-01,Afternoon,0,0.07822821353019932
576,2,2025-10-01,Night,0,0.10227224394143908
577,3,2025-10-01,Morning,0,0.03357726704677333
578,3,2025-10-01,Afternoon,0,0.009720444111868787
579,3,2025-10-01,Night,0,0.012863491566158847
580,4,2025-10-01,Morning,0,0.04517612525741288
581,4,2025-10-01,Afternoon,0,0.07041539818573223
582,4,2025-10-01,Night,0,0.06191274921873291
583,5,2025-10-01,Morning,0,0.0665063034475874
584,5,2025-10-01,Afternoon,0,0.030935574691750012
585,5,2025-10-01,Night,0,0.06936333665514577
586,1,2025-10-02,Morning,0,0.08839344266753585
587,1,2025-10-02,Afternoon,0,0.03816500225958208
588,1,2025-10-02,Night,0,0.0866277871384567
589,2,2025-10-02,Morning,0,0.09814183960502904
590,2,2025-10-02,Afternoon,0,0.0967609216174552
591,2,2025-10-02,Night,0,0.08315907858540234
592,3,2025-10-02,Morning,1,-0.002694019473346465
593,3,2025-10-02,Afternoon,1,-0.017839258969964522
594,3,2025-10-02,Night,0,0.012011909527935405
595,4,2025-10-02,Morning,0,0.06339879486503142
596,4,2025-10-02,Afternoon,0,0.07229392581331412
597,4,2025-10-02,Night,0,0.07852764585851252
598,5,2025-10-02,Morning,0,0.06603100024285469
599,5,2025-10-02,Afternoon,0,0.05574701372653801
600,5,2025-10-02,Night,0,0.10095525707481329
601,1,2025-10-03,Morning,0,0.06124828904454738
602,1,2025-10-03,Afternoon,0,0.05787437156704567
603,1,2025-10-03,Night,0,0.06296655417052271
604,2,2025-10-03,Morning,0,0.048662990597573064
605,2,2025-10-03,Afternoon,0,0.06923723951368677
606,2,2025-10-03,Night,0,0.07412144379988533
607,3,2025-10-03,Morning,1,-0.0036680903998340675
608,3,2025-10-03,Afternoon,1,-0.017028728894292966
609,3,2025-10-03,Night,0,0.0411850876551888
610,4,2025-10-03,Morning,0,0.04126675262390056
611,4,2025-10-03,Afternoon,0,0.047395793342852266
612,4,2025-10-03,Night,0,0.03618405342958386
613,5,2025-10-03,Morning,0,0.1082428246593895
614,5,2025-10-03,Afternoon,0,0.09072562123402078
615,5,2025-10-03,Night,0,0.10297332471345039
616,1,2025-10-04,Morning,0,0.06973609684685789
617,1,2025-10-04,Afternoon,0,0.07258419021189028
618,1,2025-10-04,Night,0,0.06463353875651606
619,2,2025-10-04,Morning,0,0.07058254012405607
620,2,2025-10-04,Afternoon,0,0.08101761279747677
621,2,2025-10-04,Night,0,0.06453798487377754
622,3,2025-10-04,Morning,0,0.012061968924432342
623,3,2025-10-04,Afternoon,0,0.0177572912034476
624,3,2025-10-04,Night,0,0.03426415682481543
625,4,2025-10-04,Morning,0,0.051933871769338946
626,4,2025-10-04,Afternoon,0,0.060269459695528216
627,4,2025-10-04,Night,0,0.07124255210294628
628,5,2025-10-04,Morning,0,0.06572882624788096
629,5,2025-10-04,Afternoon,0,0.09376862379323236
630,5,2025-10-04,Night,0,0.06994625700766299
631,1,2025-10-05,Morning,0,0.05898236533073409
632,1,2025-10-05,Afternoon,0,0.04573080371670091
633,1,2025-10-05,Night,0,0.05394941750118476
634,2,2025-10-05,Morning,0,0.054293690585608734
635,2,2025-10-05,Afternoon,0,0.0961958106158809
636,2,2025-10-05,Night,0,0.10384357083609275
637,3,2025-10-05,Morning,0,0.0144673192992254
638,3,2025-10-05,Afternoon,0,0.02078251725019964
639,3,2025-10-05,Night,0,0.027705750191946543
640,4,2025-10-05,Morning,0,0.05578731466945741
641,4,2025-10-05,Afternoon,0,0.03491175571890559
642,4,2025-10-05,Night,0,0.019237725795319682
643,5,2025-10-05,Morning,0,0.09191628658901724
644,5,2025-10-05,Afternoon,0,0.08873392158270088
645,5,2025-10-05,Night,0,0.09757542375253775
646,1,2025-10-06,Morning,0,0.04491328466359712
647,1,2025-10-06,Afternoon,0,0.039361654767369414
648,1,2025-10-06,Night,0,0.04257968697769954
649,2,2025-10-06,Morning,0,0.03453784744900301
650,2,2025-10-06,Afternoon,0,0.04727505909606211
651,2,2025-10-06,Night,0,0.08381657328796543
652,3,2025-10-06,Morning,1,-0.0004296339695855078
653,3,2025-10-06,Afternoon,0,0.022594383512836602
654,3,2025-10-06,Night,1,-0.01598905726400024
655,4,2025-10-06,Morning,0,0.021198463095527642
656,4,2025-10-06,Afternoon,0,0.04013992442440706
657,4,2025-10-06,Night,0,0.05812612012639923
658,5,2025-10-06,Morning,0,0.10680340095060403
659,5,2025-10-06,Afternoon,0,0.09040924491022434
660,5,2025-10-06,Night,0,0.08667565695460344
661,1,2025-10-07,Morning,0,0.08532888463036942
662,1,2025-10-07,Afternoon,0,0.05224655321619176
663,1,2025-10-07,Night,0,0.07851510230319214
664,2,2025-10-07,Morning,0,0.07029017319630293
665,2,2025-10-07,Afternoon,0,0.08847164720901268
666,2,2025-10-07,Night,0,0.06467959631940551
667,3,2025-10-07,Morning,0,0.027428115816082066
668,3,2025-10-07,Afternoon,0,0.010732623878807135
669,3,2025-10-07,Night,1,-0.020306614732496286
670,4,2025-10-07,Morning,0,0.03586195716466589
671,4,2025-10-07,Afternoon,0,0.017317663038502462
672,4,2025-10-07,Night,0,0.03845208766997088
673,5,2025-10-07,Morning,0,0.07379740108646066
674,5,2025-10-07,Afternoon,0,0.08030822871361665
675,5,2025-10-07,Night,0,0.05478761077558081
676,1,2025-10-08,Morning,0,0.09580325617707819
677,1,2025-10-08,Afternoon,0,0.06882400585484921
678,1,2025-10-08,Night,0,0.06810948113976167
679,2,2025-10-08,Morning,0,0.08802225991941537
680,2,2025-10-08,Afternoon,0,0.09507471182683608
681,2,2025-10-08,Night,0,0.0884650425740201
682,3,2025-10-08,Morning,0,0.027087029831379228
683,3,2025-10-08,Afternoon,0,0.03626206522697173
684,3,2025-10-08,Night,0,0.026186098152068182
685,4,2025-10-08,Morning,0,0.06784777360248789
686,4,2025-10-08,Afternoon,0,0.06993922508100886
687,4,2025-10-08,Night,0,0.08219331198399699
688,5,2025-10-08,Morning,0,0.06319262258105535
689,5,2025-10-08,Afternoon,0,0.06238258980195632
690,5,2025-10-08,Night,0,0.0773204911891906
691,1,2025-10-09,Morning,0,0.06983005671397363
692,1,2025-10-09,Afternoon,0,0.08639335994349023
693,1,2025-10-09,Night,0,0.10116973810932267
694,2,2025-10-09,Morning,0,0.0759326353344672
695,2,2025-10-09,Afternoon,0,0.09326797847707241
696,2,2025-10-09,Night,0,0.09657029816536727
697,3,2025-10-09,Morning,0,0.02012876514487283
698,3,2025-10-09,Afternoon,0,0.021205902970855672
699,3,2025-10-09,Night,0,0.01781470729098389
700,4,2025-10-09,Morning,0,0.08012780678570897
701,4,2025-10-09,Afternoon,0,0.05180446203783662
702,4,2025-10-09,Night,0,0.04638316721183411
703,5,2025-10-09,Morning,0,0.08412033810303399
704,5,2025-10-09,Afternoon,0,0.08292259778776528
705,5,2025-10-09,Night,0,0.09240281164802533
706,1,2025-10-10,Morning,0,0.1024083190602843
707,1,2025-10-10,Afternoon,0,0.09357477425835287
708,1,2025-10-10,Night,0,0.09771745382394398
709,2,2025-10-10,Morning,0,0.09606763073971425
710,2,2025-10-10,Afternoon,0,0.06508077886891561
711,2,2025-10-10,Night,0,0.0630785932413443
712,3,2025-10-10,Morning,0,0.006512203763936242
713,3,2025-10-10,Afternoon,0,0.009734498467705355
714,3,2025-10-10,Night,0,0.03213917393797605
715,4,2025-10-10,Morning,0,0.023095028961917174
716,4,2025-10-10,Afternoon,0,0.05097926345415671
717,4,2025-10-10,Night,0,0.032261004711511054
718,5,2025-10-10,Morning,0,0.08486708905769358
719,5,2025-10-10,Afternoon,0,0.07598226811779335
720,5,2025-10-10,Night,0,0.061769229266929515
721,1,2025-10-11,Morning,0,0.0590383527827672
722,1,2025-10-11,Afternoon,0,0.08275545431772824
723,1,2025-10-11,Night,0,0.03864819504166872
724,2,2025-10-11,Morning,0,0.0849651126829693
725,2,2025-10-11,Afternoon,0,0.07124858528640654
726,2,2025-10-11,Night,0,0.0862564274987152
727,3,2025-10-11,Morning,0,0.008671049955379484
728,3,2025-10-11,Afternoon,0,0.02646071615635981
729,3,2025-10-11,Night,1,-0.00792019940038946
730,4,2025-10-11,Morning,0,0.07550557320405515
731,4,2025-10-11,Afternoon,0,0.025426888601353448
732,4,2025-10-11,Night,0,0.05160190063372505
733,5,2025-10-11,Morning,0,0.09453911232849954
734,5,2025-10-11,Afternoon,0,0.05551014878096294
735,5,2025-10-11,Night,0,0.08915242305875759
736,1,2025-10-12,Morning,0,0.07413120530845713
737,1,2025-10-12,Afternoon,0,0.0433657520788725
738,1,2025-10-12,Night,0,0.06338730108084195
739,2,2025-10-12,Morning,0,0.0856021719620273
740,2,2025-10-12,Afternoon,0,0.06565115393989984
741,2,2025-10-12,Night,0,0.07917073244235318
742,3,2025-10-12,Morning,1,-0.031139615187008363
743,3,2025-10-12,Afternoon,0,0.020366552222160994
744,3,2025-10-12,Night,0,0.04546716937117157
745,4,2025-10-12,Morning,0,0.06714653055557196
746,4,2025-10-12,Afternoon,0,0.03929079163709248
747,4,2025-10-12,Night,0,0.08470372921978925
748,5,2025-10-12,Morning,0,0.08550592512861283
749,5,2025-10-12,Afternoon,0,0.0991700489949352
750,5,2025-10-12,Night,0,0.08883770600577412
751,1,2025-10-13,Morning,0,0.0772787133348174
752,1,2025-10-13,Afternoon,0,0.09781240864798557
753,1,2025-10-13,Night,0,0.07564425237663847
754,2,2025-10-13,Morning,0,0.07650585687252637
755,2,2025-10-13,Afternoon,0,0.07918689364171316
756,2,2025-10-13,Night,0,0.059857073578625575
757,3,2025-10-13,Morning,0,0.02224208618525303
758,3,2025-10-13,Afternoon,0,0.04041800832892484
759,3,2025-10-13,Night,0,0.03688416266239902
760,4,2025-10-13,Morning,0,0.045940336190295805
761,4,2025-10-13,Afternoon,0,0.017263960468096196
762,4,2025-10-13,Night,0,0.06774868501189885
763,5,2025-10-13,Morning,0,0.06777893407211061
764,5,2025-10-13,Afternoon,0,0.06027089035702482
765,5,2025-10-13,Night,0,0.04840884526919842
766,1,2025-10-14,Morning,0,0.08431683101355736
767,1,2025-10-14,Afternoon,0,0.09132304148991571
768,1,2025-10-14,Night,0,0.0836237930508934
769,2,2025-10-14,Morning,0,0.0316110298705049
770,2,2025-10-14,Afternoon,0,0.05631206083627255
771,2,2025-10-14,Night,0,0.11021718898943578
772,3,2025-10-14,Morning,0,0.04585536738827478
773,3,2025-10-14,Afternoon,0,0.04526311648509096
774,3,2025-10-14,Night,0,0.02026928638316816
775,4,2025-10-14,Morning,0,0.06438811162639413
776,4,2025-10-14,Afternoon,0,0.04130433436091929
777,4,2025-10-14,Night,0,0.027139835366816523
778,5,2025-10-14,Morning,0,0.058603163662646784
779,5,2025-10-14,Afternoon,0,0.06648076020701132
780,5,2025-10-14,Night,0,0.07447265740327841
781,1,2025-10-15,Morning,0,0.06761197067036012
782,1,2025-10-15,Afternoon,0,0.07989369505289778
783,1,2025-10-15,Night,0,0.06483356198502865
784,2,2025-10-15,Morning,0,0.0884482382516269
785,2,2025-10-15,Afternoon,0,0.10800279902012788
786,2,2025-10-15,Night,0,0.10678686866398585
787,3,2025-10-15,Morning,1,-0.008495215702731151
788,3,2025-10-15,Afternoon,1,-0.0003253438742690795
789,3,2025-10-15,Night,0,0.010459944921664244
790,4,2025-10-15,Morning,0,0.06008830965451262
791,4,2025-10-15,Afternoon,0,0.02785375444583227
792,4,2025-10-15,Night,0,0.02573473572178364
793,5,2025-10-15,Morning,0,0.07334912831673068
794,5,2025-10-15,Afternoon,0,0.0694951050035541
795,5,2025-10-15,Night,0,0.07721695306948051
796,1,2025-10-16,Morning,0,0.04924932017053618
797,1,2025-10-16,Afternoon,0,0.07540498020206643
798,1,2025-10-16,Night,0,0.06923477869012601
799,2,2025-10-16,Morning,0,0.07489800351418652
800,2,2025-10-16,Afternoon,0,0.07936547831960666
801,2,2025-10-16,Night,0,0.04498652861497554
802,3,2025-10-16,Morning,1,-0.011414489630245161
803,3,2025-10-16,Afternoon,1,-0.0033529814684709613
804,3,2025-10-16,Night,0,0.02340493934711374
805,4,2025-10-16,Morning,0,0.06186415613496754
806,4,2025-10-16,Afternoon,0,0.05723418307151168
807,4,2025-10-16,Night,0,0.04883008987693094
808,5,2025-10-16,Morning,0,0.07380099200260015
809,5,2025-10-16,Afternoon,0,0.07213396094710217
810,5,2025-10-16,Night,0,0.09871635431089032
811,1,2025-10-17,Morning,0,0.07277243434215247
812,1,2025-10-17,Afternoon,0,0.029440190221584284
813,1,2025-10-17,Night,0,0.042029277489699424
814,2,2025-10-17,Morning,0,0.05185751964190133
815,2,2025-10-17,Afternoon,0,0.07015709576910195
816,2,2025-10-17,Night,0,0.08274774712667127
817,3,2025-10-17,Morning,0,0.03214622275114232
818,3,2025-10-17,Afternoon,0,0.029083267027196436
819,3,2025-10-17,Night,0,0.045251781074080455
820,4,2025-10-17,Morning,0,0.020070237470488972
821,4,2025-10-17,Afternoon,0,0.061397107466188205
822,4,2025-10-17,Night,0,0.051277055425101414
823,5,2025-10-17,Morning,0,0.06803007637892544
824,5,2025-10-17,Afternoon,0,0.06830699355782255
825,5,2025-10-17,Night,0,0.06297722585544585
826,1,2025-10-18,Morning,0,0.06291965996970639
827,1,2025-10-18,Afternoon,0,0.08995349787012119
828,1,2025-10-18,Night,0,0.08235421005264759
829,2,2025-10-18,Morning,0,0.06766947527821693
830,2,2025-10-18,Afternoon,0,0.03257530313065071
831,2,2025-10-18,Night,0,0.055133256266956865
832,3,2025-10-18,Morning,0,0.037909308796975516
833,3,2025-10-18,Afternoon,0,0.004520054577071275
834,3,2025-10-18,Night,0,0.0439635781236154
835,4,2025-10-18,Morning,0,0.058083454209000296
836,4,2025-10-18,Afternoon,0,0.052761918855359746
837,4,2025-10-18,Night,0,0.0560259341344016
838,5,2025-10-18,Morning,0,0.08126869094179356
839,5,2025-10-18,Afternoon,0,0.07417377646543499
840,5,2025-10-18,Night,0,0.0764865474814777
841,1,2025-10-19,Morning,0,0.10628658147075426
842,1,2025-10-19,Afternoon,0,0.0756516047442567
843,1,2025-10-19,Night,0,0.08229621741257082
844,2,2025-10-19,Morning,0,0.05037887968291699
845,2,2025-10-19,Afternoon,0,0.10030940617526435
846,2,2025-10-19,Night,0,0.08457910288152914
847,3,2025-10-19,Morning,0,0.04135724862156531
848,3,2025-10-19,Afternoon,0,0.034085265633453266
849,3,2025-10-19,Night,0,0.06464010874030135
850,4,2025-10-19,Morning,0,0.056453995679835056
851,4,2025-10-19,Afternoon,0,0.020959917370558134
852,4,2025-10-19,Night,0,0.0389277267691186
853,5,2025-10-19,Morning,0,0.08577360769512837
854,5,2025-10-19,Afternoon,0,0.0574919989845622
855,5,2025-10-19,Night,0,0.03167856201236552
856,1,2025-10-20,Morning,0,0.07502871344561252
857,1,2025-10-20,Afternoon,0,0.0632441995145781
858,1,2025-10-20,Night,0,0.06147498749911878
859,2,2025-10-20,Morning,0,0.0634638526477106
860,2,2025-10-20,Afternoon,0,0.06385125024421434
861,2,2025-10-20,Night,0,0.07680583700397853
862,3,2025-10-20,Morning,0,0.03473073609306687
863,3,2025-10-20,Afternoon,0,0.04103124090071186
864,3,2025-10-20,Night,0,0.035348826098328456
865,4,2025-10-20,Morning,0,0.04825505549702658
866,4,2025-10-20,Afternoon,0,0.06052064204272872
867,4,2025-10-20,Night,0,0.02819954412338277
868,5,2025-10-20,Morning,0,0.07979336949001509
869,5,2025-10-20,Afternoon,0,0.08315581437403607
870,5,2025-10-20,Night,0,0.10165052620758369
871,1,2025-10-21,Morning,0,0.03995656407597992
872,1,2025-10-21,Afternoon,0,0.07635390701326877
873,1,2025-10-21,Night,0,0.06199159999101467
874,2,2025-10-21,Morning,0,0.05794152861540203
875,2,2025-10-21,Afternoon,0,0.06293915306784237
876,2,2025-10-21,Night,0,0.05795717817632978
877,3,2025-10-21,Morning,0,0.05743795821987685
878,3,2025-10-21,Afternoon,0,0.008926711968630818
879,3,2025-10-21,Night,0,0.011791509455694738
880,4,2025-10-21,Morning,0,0.03294376036179336
881,4,2025-10-21,Afternoon,0,0.06745484300649568
882,4,2025-10-21,Night,0,0.08283805745071626
883,5,2025-10-21,Morning,0,0.10895068540153002
884,5,2025-10-21,Afternoon,0,0.08039904228717798
885,5,2025-10-21,Night,0,0.08990945405380041
886,1,2025-10-22,Morning,0,0.07414175572378395
887,1,2025-10-22,Afternoon,0,0.04915134024521273
888,1,2025-10-22,Night,0,0.048458475574836624
889,2,2025-10-22,Morning,0,0.08043057009656168
890,2,2025-10-22,Afternoon,0,0.0794518063792064
891,2,2025-10-22,Night,0,0.09212104853789838
892,3,2025-10-22,Morning,0,0.03037712569770401
893,3,2025-10-22,Afternoon,1,-0.010226016970760643
894,3,2025-10-22,Night,0,0.02368247239596355
895,4,2025-10-22,Morning,0,0.032182560385632275
896,4,2025-10-22,Afternoon,0,0.02148477274975813
897,4,2025-10-22,Night,0,0.027586145776637427
898,5,2025-10-22,Morning,0,0.10153458959515499
899,5,2025-10-22,Afternoon,0,0.08376663258665235
900,5,2025-10-22,Night,0,0.07404739360941026
901,1,2025-10-23,Morning,0,0.04742410259048824
902,1,2025-10-23,Afternoon,0,0.09072908816542152
903,1,2025-10-23,Night,0,0.07629608246468839
904,2,2025-10-23,Morning,0,0.10080456100813834
905,2,2025-10-23,Afternoon,0,0.06164508936687224
906,2,2025-10-23,Night,0,0.07763340095453147
907,3,2025-10-23,Morning,0,0.05321456411094905
908,3,2025-10-23,Afternoon,0,0.055010758345759636
909,3,2025-10-23,Night,0,0.0020405216646791624
910,4,2025-10-23,Morning,0,0.019413374349820378
911,4,2025-10-23,Afternoon,0,0.038584152724375764
912,4,2025-10-23,Night,0,0.04419826576850183
913,5,2025-10-23,Morning,0,0.08208029516057241
914,5,2025-10-23,Afternoon,0,0.08806245066821061
915,5,2025-10-23,Night,0,0.06580611786551988
916,1,2025-10-24,Morning,0,0.08245126107749978
917,1,2025-10-24,Afternoon,0,0.061107050108467675
918,1,2025-10-24,Night,0,0.061699244733541436
919,2,2025-10-24,Morning,0,0.055731335723713804
920,2,2025-10-24,Afternoon,0,0.09061067074805274
921,2,2025-10-24,Night,0,0.10028997202146961
922,3,2025-10-24,Morning,0,0.02228066334927148
923,3,2025-10-24,Afternoon,1,-0.02856961765832622
924,3,2025-10-24,Night,0,0.003728300442423338
925,4,2025-10-24,Morning,0,0.02063554567785697
926,4,2025-10-24,Afternoon,0,0.06862389326732549
927,4,2025-10-24,Night,0,0.07467749096659765
928,5,2025-10-24,Morning,0,0.07323420739252545
929,5,2025-10-24,Afternoon,0,0.10658771216408347
930,5,2025-10-24,Night,0,0.08777596090841988
931,1,2025-10-25,Morning,0,0.04585246451295899
932,1,2025-10-25,Afternoon,0,0.04975416391418541
933,1,2025-10-25,Night,0,0.06221662151917545
934,2,2025-10-25,Morning,0,0.07961236722289072
935,2,2025-10-25,Afternoon,0,0.09454879430835567
936,2,2025-10-25,Night,0,0.07938451092656834
937,3,2025-10-25,Morning,0,0.004945960819164652
938,3,2025-10-25,Afternoon,0,0.027186057712674683
939,3,2025-10-25,Night,0,0.00024794655729820647
940,4,2025-10-25,Morning,0,0.06829838645640307
941,4,2025-10-25,Afternoon,0,0.056901720226508024
942,4,2025-10-25,Night,0,0.01640999388319997
943,5,2025-10-25,Morning,0,0.058801038259506166
944,5,2025-10-25,Afternoon,0,0.07829416778134651
945,5,2025-10-25,Night,0,0.09008042468269523
946,1,2025-10-26,Morning,0,0.040099887895903685
947,1,2025-10-26,Afternoon,0,0.03856427571032506
948,1,2025-10-26,Night,0,0.0432834777931419
949,2,2025-10-26,Morning,0,0.05778986412527104
950,2,2025-10-26,Afternoon,0,0.07709248115322742
951,2,2025-10-26,Night,0,0.06095367426007087
952,3,2025-10-26,Morning,0,0.06304968316536741
953,3,2025-10-26,Afternoon,0,0.04038679838742787
954,3,2025-10-26,Night,0,0.038539247234237184
955,4,2025-10-26,Morning,0,0.04812305011566875
956,4,2025-10-26,Afternoon,0,0.04371207621183559
957,4,2025-10-26,Night,0,0.040536144119674655
958,5,2025-10-26,Morning,0,0.08153438251362738
959,5,2025-10-26,Afternoon,0,0.0768570048246967
960,5,2025-10-26,Night,0,0.07621257243313778
961,1,2025-10-27,Morning,0,0.08209806132371222
962,1,2025-10-27,Afternoon,0,0.09763367739189366
963,1,2025-10-27,Night,0,0.08974931542907372
964,2,2025-10-27,Morning,0,0.07443018496060266
965,2,2025-10-27,Afternoon,0,0.06349512369831384
966,2,2025-10-27,Night,0,0.07681370116626407
967,3,2025-10-27,Morning,0,0.01548914048200245
968,3,2025-10-27,Afternoon,0,0.0407789621349095
969,3,2025-10-27,Night,0,0.014267260502981327
970,4,2025-10-27,Morning,0,0.06848039677140494
971,4,2025-10-27,Afternoon,0,0.07179895078022236
972,4,2025-10-27,Night,0,0.09214658671041875
973,5,2025-10-27,Morning,0,0.07034046160188973
974,5,2025-10-27,Afternoon,0,0.062224556740177905
975,5,2025-10-27,Night,0,0.0675324452067862
976,1,2025-10-28,Morning,0,0.06578022246392107
977,1,2025-10-28,Afternoon,0,0.07736476842883877
978,1,2025-10-28,Night,0,0.10583241208031785
979,2,2025-10-28,Morning,0,0.09511560693662868
980,2,2025-10-28,Afternoon,0,0.07927918861984146
981,2,2025-10-28,Night,0,0.07000433097098047
982,3,2025-10-28,Morning,0,0.00685403610080737
983,3,2025-10-28,Afternoon,1,-0.004544756096004798
984,3,2025-10-28,Night,0,0.006115574019042169
985,4,2025-10-28,Morning,0,0.08879875717380858
986,4,2025-10-28,Afternoon,0,0.05750160038006741
987,4,2025-10-28,Night,0,0.05348928220694871
988,5,2025-10-28,Morning,0,0.050487581339990095
989,5,2025-10-28,Afternoon,0,0.0774415203908751
990,5,2025-10-28,Night,0,0.08435037861592376
991,1,2025-10-29,Morning,0,0.07228196927123876
992,1,2025-10-29,Afternoon,0,0.08397678484465049
993,1,2025-10-29,Night,0,0.030710577176853104
994,2,2025-10-29,Morning,0,0.0815125050817595
995,2,2025-10-29,Afternoon,0,0.0744325190227651
996,2,2025-10-29,Night,0,0.08270455110506286
997,3,2025-10-29,Morning,0,0.023451626368128475
998,3,2025-10-29,Afternoon,1,-0.008974463728616211
999,3,2025-10-29,Night,1,-0.0036208984642464026
1000,4,2025-10-29,Morning,0,0.0696045108980764
1001,4,2025-10-29,Afternoon,0,0.04010586636992797
1002,4,2025-10-29,Night,0,0.051054901645277706
1003,5,2025-10-29,Morning,0,0.08456458586937132
1004,5,2025-10-29,Afternoon,0,0.05213449831778383
1005,5,2025-10-29,Night,0,0.08704659793160091
1006,1,2025-10-30,Morning,0,0.058634181063291546
1007,1,2025-10-30,Afternoon,0,0.09036294507659864
1008,1,2025-10-30,Night,0,0.05137263215558974
1009,2,2025-10-30,Morning,0,0.05648144785299569
1010,2,2025-10-30,Afternoon,0,0.07945991613056674
1011,2,2025-10-30,Night,0,0.011518611254743072
1012,3,2025-10-30,Morning,0,0.015483753695046287
1013,3,2025-10-30,Afternoon,0,0.04248310687215484
1014,3,2025-10-30,Night,0,0.02816737535319891
1015,4,2025-10-30,Morning,0,0.06856966003182707
1016,4,2025-10-30,Afternoon,0,0.04060267296397735
1017,4,2025-10-30,Night,0,0.0185039729962706
1018,5,2025-10-30,Morning,0,0.07290279523399934
1019,5,2025-10-30,Afternoon,0,0.071775384861194
1020,5,2025-10-30,Night,0,0.09656932554007347
1021,1,2025-10-31,Morning,0,0.027526993035541736
1022,1,2025-10-31,Afternoon,0,0.041568695119464705
1023,1,2025-10-31,Night,0,0.05178755270669322
1024,2,2025-10-31,Morning,0,0.07750432152700582
1025,2,2025-10-31,Afternoon,0,0.08246986865781258
1026,2,2025-10-31,Night,0,0.06453180398434816
1027,3,2025-10-31,Morning,0,0.011330306315436633
1028,3,2025-10-31,Afternoon,0,0.00022733264781782392
1029,3,2025-10-31,Night,0,0.0030451987533735014
1030,4,2025-10-31,Morning,0,0.04670731271649586
1031,4,2025-10-31,Afternoon,0,0.08393701338781456
1032,4,2025-10-31,Night,0,0.0494444404370199
1033,5,2025-10-31,Morning,0,0.0954944730967553
1034,5,2025-10-31,Afternoon,0,0.11346720799206034
1035,5,2025-10-31,Night,0,0.10311729131814257
1036,1,2025-11-01,Morning,0,0.03991689837649637
1037,1,2025-11-01,Afternoon,0,0.05317494217698815
1038,1,2025-11-01,Night,0,0.07103526733716181
1039,2,2025-11-01,Morning,0,0.06500675898937236
1040,2,2025-11-01,Afternoon,0,0.06055164714777128
1041,2,2025-11-01,Night,0,0.07514696314714336
1042,3,2025-11-01,Morning,0,0.046086568331483835
1043,3,2025-11-01,Afternoon,0,0.04231082047248258
1044,3,2025-11-01,Night,0,0.043984757228684446
1045,4,2025-11-01,Morning,0,0.016672476147689852
1046,4,2025-11-01,Afternoon,0,0.05950577705878651
1047,4,2025-11-01,Night,0,0.05834626626062139
1048,5,2025-11-01,Morning,0,0.08235814031118821
1049,5,2025-11-01,Afternoon,0,0.07402309195817852
1050,5,2025-11-01,Night,0,0.060513227042519824
1051,1,2025-11-02,Morning,0,0.07944617096757217
1052,1,2025-11-02,Afternoon,0,0.043646185492743794
1053,1,2025-11-02,Night,0,0.045704789485815245
1054,2,2025-11-02,Morning,0,0.05872632709357106
1055,2,2025-11-02,Afternoon,0,0.09076488047484083
1056,2,2025-11-02,Night,0,0.10607669250997598
1057,3,2025-11-02,Morning,0,0.06488194276421122
1058,3,2025-11-02,Afternoon,0,0.033479016188450283
1059,3,2025-11-02,Night,0,0.01927323744601095
1060,4,2025-11-02,Morning,0,0.05598091990139714
1061,4,2025-11-02,Afternoon,0,0.05872626966828082
1062,4,2025-11-02,Night,0,0.07222122037539597
1063,5,2025-11-02,Morning,0,0.08256761651751265
1064,5,2025-11-02,Afternoon,0,0.07672076012967866
1065,5,2025-11-02,Night,0,0.08936426377185464
1066,1,2025-11-03,Morning,0,0.08408807237786542
1067,1,2025-11-03,Afternoon,0,0.056953498437057604
1068,1,2025-11-03,Night,0,0.06629103487107851
1069,2,2025-11-03,Morning,0,0.10036107926592314
1070,2,2025-11-03,Afternoon,0,0.07581290555558262
1071,2,2025-11-03,Night,0,0.04742435360913122
1072,3,2025-11-03,Morning,0,0.025021261735193034
1073,3,2025-11-03,Afternoon,1,-0.002647147179467235
1074,3,2025-11-03,Night,0,0.017701649449589296
1075,4,2025-11-03,Morning,0,0.05942162675260482
1076,4,2025-11-03,Afternoon,0,0.04376720489475683
1077,4,2025-11-03,Night,0,0.065819721202933
1078,5,2025-11-03,Morning,0,0.08489655375889937
1079,5,2025-11-03,Afternoon,0,0.06006651017291503
1080,5,2025-11-03,Night,0,0.06156816751980032
1081,1,2025-11-04,Morning,0,0.058115980278958645
1082,1,2025-11-04,Afternoon,0,0.046165240011981856
1083,1,2025-11-04,Night,0,0.06361139409024069
1084,2,2025-11-04,Morning,0,0.06474613323327433
1085,2,2025-11-04,Afternoon,0,0.10905040008092537
1086,2,2025-11-04,Night,0,0.09570610680939867
1087,3,2025-11-04,Morning,0,0.021391104310229836
1088,3,2025-11-04,Afternoon,0,0.01067317906186982
1089,3,2025-11-04,Night,0,0.0583393634127195
1090,4,2025-11-04,Morning,0,0.0787493141496452
1091,4,2025-11-04,Afternoon,0,0.04059555419085026
1092,4,2025-11-04,Night,0,0.05616475610845878
1093,5,2025-11-04,Morning,0,0.023753192900478504
1094,5,2025-11-04,Afternoon,0,0.04795004349453169
1095,5,2025-11-04,Night,0,0.058866573887176143
1096,1,2025-11-05,Morning,0,0.05991719696039699
1097,1,2025-11-05,Afternoon,0,0.09094440686761307
1098,1,2025-11-05,Night,0,0.07092767276876799
1099,2,2025-11-05,Morning,0,0.11195275670859506
1100,2,2025-11-05,Afternoon,0,0.11304726828347911
1101,2,2025-11-05,Night,0,0.09298184887281058
1102,3,2025-11-05,Morning,0,0.06419663742510517
1103,3,2025-11-05,Afternoon,0,0.026838379166525872
1104,3,2025-11-05,Night,0,0.04617314740200762
1105,4,2025-11-05,Morning,0,0.056456846385405546
1106,4,2025-11-05,Afternoon,0,0.0696990703014585
1107,4,2025-11-05,Night,0,0.055611650433664006
1108,5,2025-11-05,Morning,0,0.074910630396543
1109,5,2025-11-05,Afternoon,0,0.0715930059230861
1110,5,2025-11-05,Night,0,0.0806060349974036
1111,1,2025-11-06,Morning,0,0.0694856905361555
1112,1,2025-11-06,Afternoon,0,0.08661978280314087
1113,1,2025-11-06,Night,0,0.057651590147649256
1114,2,2025-11-06,Morning,0,0.11648747839322998
1115,2,2025-11-06,Afternoon,0,0.09445644869286945
1116,2,2025-11-06,Night,0,0.07562639565052681
1117,3,2025-11-06,Morning,0,0.040473141563320714
1118,3,2025-11-06,Afternoon,0,0.06886498803401847
1119,3,2025-11-06,Night,0,0.030811122344916786
1120,4,2025-11-06,Morning,0,0.056658416735652306
1121,4,2025-11-06,Afternoon,0,0.05111751306618617
1122,4,2025-11-06,Night,0,0.05713781673235524
1123,5,2025-11-06,Morning,0,0.10168937987869658
1124,5,2025-11-06,Afternoon,0,0.09005499025901054
1125,5,2025-11-06,Night,0,0.08578499186713201
1126,1,2025-11-07,Morning,0,0.03916199638185536
1127,1,2025-11-07,Afternoon,0,0.04269924958310822
1128,1,2025-11-07,Night,0,0.04553024377458137
1129,2,2025-11-07,Morning,0,0.05993356265959532
1130,2,2025-11-07,Afternoon,0,0.07555189864990008
1131,2,2025-11-07,Night,0,0.08591587210071061
1132,3,2025-11-07,Morning,0,0.0639410494963471
1133,3,2025-11-07,Afternoon,0,0.03671678907112419
1134,3,2025-11-07,Night,0,0.006820993085905558
1135,4,2025-11-07,Morning,0,0.060339898434655315
1136,4,2025-11-07,Afternoon,0,0.04300878090955873
1137,4,2025-11-07,Night,0,0.043294353179153644
1138,5,2025-11-07,Morning,0,0.08814207583437722
1139,5,2025-11-07,Afternoon,0,0.0617470230964558
1140,5,2025-11-07,Night,0,0.06647196373429437
1141,1,2025-11-08,Morning,0,0.05082080188462579
1142,1,2025-11-08,Afternoon,0,0.03701938833200691
1143,1,2025-11-08,Night,0,0.005701172056192916
1144,2,2025-11-08,Morning,0,0.053204897062843926
1145,2,2025-11-08,Afternoon,0,0.09650731011069735
1146,2,2025-11-08,Night,0,0.11531335215968769
1147,3,2025-11-08,Morning,0,0.00819880285179686
1148,3,2025-11-08,Afternoon,0,0.030105784394298674
1149,3,2025-11-08,Night,0,0.013055409764244463
1150,4,2025-11-08,Morning,0,0.07252272698076356
1151,4,2025-11-08,Afternoon,0,0.033380272808389844
1152,4,2025-11-08,Night,0,0.03251907484370131
1153,5,2025-11-08,Morning,0,0.10665159211164027
1154,5,2025-11-08,Afternoon,0,0.08112716059575548
1155,5,2025-11-08,Night,0,0.1189633619275019
1156,1,2025-11-09,Morning,0,0.060679038686286046
1157,1,2025-11-09,Afternoon,0,0.08910547648912548
1158,1,2025-11-09,Night,0,0.10578279224854481
1159,2,2025-11-09,Morning,0,0.09751118725031471
1160,2,2025-11-09,Afternoon,0,0.07461942419413348
1161,2,2025-11-09,Night,0,0.025161788163190923
1162,3,2025-11-09,Morning,0,0.006906518405135786
1163,3,2025-11-09,Afternoon,0,0.05269221277434577
1164,3,2025-11-09,Night,0,0.018529733908582258
1165,4,2025-11-09,Morning,0,0.05134857247176816
1166,4,2025-11-09,Afternoon,0,0.06166062647930304
1167,4,2025-11-09,Night,0,0.034019191878085886
1168,5,2025-11-09,Morning,0,0.10160712196090083
1169,5,2025-11-09,Afternoon,0,0.0980154243673998
1170,5,2025-11-09,Night,0,0.09073861785693671
1171,1,2025-11-10,Morning,0,0.08802984515344114
1172,1,2025-11-10,Afternoon,0,0.07577208520695738
1173,1,2025-11-10,Night,0,0.0827120041125271
1174,2,2025-11-10,Morning,0,0.03722505970638179
1175,2,2025-11-10,Afternoon,0,0.06057632421103426
1176,2,2025-11-10,Night,0,0.05628119106368318
1177,3,2025-11-10,Morning,0,0.00565251083406082
1178,3,2025-11-10,Afternoon,0,0.037134458966230244
1179,3,2025-11-10,Night,0,0.005168071513181882
1180,4,2025-11-10,Morning,0,0.07176866776714774
1181,4,2025-11-10,Afternoon,0,0.07656858857548748
1182,4,2025-11-10,Night,0,0.10414454217762459
1183,5,2025-11-10,Morning,0,0.09067384658066235
1184,5,2025-11-10,Afternoon,0,0.06316500608304843
1185,5,2025-11-10,Night,0,0.08140227187201787
1186,1,2025-11-11,Morning,0,0.044870713717210964
1187,1,2025-11-11,Afternoon,0,0.06489837415023975
1188,1,2025-11-11,Night,0,0.0758646401437818
1189,2,2025-11-11,Morning,0,0.059945327933182246
1190,2,2025-11-11,Afternoon,0,0.05535407937192016
1191,2,2025-11-11,Night,0,0.07944520172199804
1192,3,2025-11-11,Morning,0,0.01386433889312877
1193,3,2025-11-11,Afternoon,0,0.011377021769470197
1194,3,2025-11-11,Night,0,0.02475175357960635
1195,4,2025-11-11,Morning,0,0.06831081316064314
1196,4,2025-11-11,Afternoon,0,0.047892413089647756
1197,4,2025-11-11,Night,0,0.06136655006112013
1198,5,2025-11-11,Morning,0,0.09231996072066379
1199,5,2025-11-11,Afternoon,0,0.08342125623547947
1200,5,2025-11-11,Night,0,0.09949015673780981
1201,1,2025-11-12,Morning,0,0.03142605152298006
1202,1,2025-11-12,Afternoon,0,0.05641270616788263
1203,1,2025-11-12,Night,0,0.06799493368665088
1204,2,2025-11-12,Morning,0,0.10989300434228322
1205,2,2025-11-12,Afternoon,0,0.11686300615213818
1206,2,2025-11-12,Night,0,0.086454989547746
1207,3,2025-11-12,Morning,0,0.0137796345506207
1208,3,2025-11-12,Afternoon,0,0.01843938485534402
1209,3,2025-11-12,Night,1,-0.013455046312426
1210,4,2025-11-12,Morning,0,0.04162072241826087
1211,4,2025-11-12,Afternoon,0,0.04751697661653964
1212,4,2025-11-12,Night,0,0.05793714675274503
1213,5,2025-11-12,Morning,0,0.0986093778891407
1214,5,2025-11-12,Afternoon,0,0.11639076545769905
1215,5,2025-11-12,Night,0,0.07458927237007112
1216,1,2025-11-13,Morning,0,0.08324633991967995
1217,1,2025-11-13,Afternoon,0,0.0856269867944659
1218,1,2025-11-13,Night,0,0.05996585788158204
1219,2,2025-11-13,Morning,0,0.06514554095835517
1220,2,2025-11-13,Afternoon,0,0.06717420890500164
1221,2,2025-11-13,Night,0,0.05874627272957461
1222,3,2025-11-13,Morning,0,0.008049502757434879
1223,3,2025-11-13,Afternoon,0,0.022052915853249755
1224,3,2025-11-13,Night,0,0.033288860260281994
1225,4,2025-11-13,Morning,0,0.044769729026618466
1226,4,2025-11-13,Afternoon,0,0.05845083855906702
1227,4,2025-11-13,Night,0,0.0515270846744883
1228,5,2025-11-13,Morning,0,0.0631931042597903
1229,5,2025-11-13,Afternoon,0,0.0733466481594392
1230,5,2025-11-13,Night,0,0.08505171369660425
1231,1,2025-11-14,Morning,0,0.06463397968919027
1232,1,2025-11-14,Afternoon,0,0.047649525446656904
1233,1,2025-11-14,Night,0,0.039986539718995906
1234,2,2025-11-14,Morning,0,0.09920190512057081
1235,2,2025-11-14,Afternoon,0,0.08976981312553717
1236,2,2025-11-14,Night,0,0.09103647494334954
1237,3,2025-11-14,Morning,1,-0.011187676709304428
1238,3,2025-11-14,Afternoon,1,-0.032359322661360546
1239,3,2025-11-14,Night,1,-0.04462574557090504
1240,4,2025-11-14,Morning,0,0.07147769170656093
1241,4,2025-11-14,Afternoon,0,0.052941913114880834
1242,4,2025-11-14,Night,0,0.013261778666269874
1243,5,2025-11-14,Morning,0,0.08854195471761767
1244,5,2025-11-14,Afternoon,0,0.09562259752441366
1245,5,2025-11-14,Night,0,0.08215274543172069
1246,1,2025-11-15,Morning,0,0.06634516641624055
1247,1,2025-11-15,Afternoon,0,0.08116963771995206
1248,1,2025-11-15,Night,0,0.08294795527652843
1249,2,2025-11-15,Morning,0,0.07834571696009157
1250,2,2025-11-15,Afternoon,0,0.07069506714126939
1251,2,2025-11-15,Night,0,0.0910481059339574
1252,3,2025-11-15,Morning,1,-0.028442773292181034
1253,3,2025-11-15,Afternoon,0,0.013072293049449457
1254,3,2025-11-15,Night,0,0.028455088047127486
1255,4,2025-11-15,Morning,0,0.05074377588347423
1256,4,2025-11-15,Afternoon,0,0.058504293994445844
1257,4,2025-11-15,Night,0,0.09073469932712586
1258,5,2025-11-15,Morning,0,0.06639614253131004
1259,5,2025-11-15,Afternoon,0,0.06024478371973463
1260,5,2025-11-15,Night,0,0.07388545946862357
1261,1,2025-11-16,Morning,0,0.07457552368242393
1262,1,2025-11-16,Afternoon,0,0.05283398572665621
1263,1,2025-11-16,Night,0,0.06597741626837245
1264,2,2025-11-16,Morning,0,0.08833402575375604
1265,2,2025-11-16,Afternoon,0,0.07783042896004483
1266,2,2025-11-16,Night,0,0.0631198855592135
1267,3,2025-11-16,Morning,0,0.03791436622247846
1268,3,2025-11-16,Afternoon,1,-0.03124414796576591
1269,3,2025-11-16,Night,0,0.05077222298418049
1270,4,2025-11-16,Morning,0,0.06231423808633302
1271,4,2025-11-16,Afternoon,0,0.06444013274449112
1272,4,2025-11-16,Night,0,0.07216007386596929
1273,5,2025-11-16,Morning,0,0.06308816749851315
1274,5,2025-11-16,Afternoon,0,0.04140535947082824
1275,5,2025-11-16,Night,0,0.08665203676394578
1276,1,2025-11-17,Morning,0,0.08086879205474895
1277,1,2025-11-17,Afternoon,0,0.056540552084156426
1278,1,2025-11-17,Night,0,0.07996258658880961
1279,2,2025-11-17,Morning,0,0.07169592238657069
1280,2,2025-11-17,Afternoon,0,0.08101362991909616
1281,2,2025-11-17,Night,0,0.09608852962181325
1282,3,2025-11-17,Morning,0,0.03939866528378899
1283,3,2025-11-17,Afternoon,1,-0.013341652710042728
1284,3,2025-11-17,Night,1,-0.012296013799860894
1285,4,2025-11-17,Morning,0,0.07940618211992917
1286,4,2025-11-17,Afternoon,0,0.03667229951667195
1287,4,2025-11-17,Night,0,0.04313270808525871
1288,5,2025-11-17,Morning,0,0.05712605435195289
1289,5,2025-11-17,Afternoon,0,0.06586080969437685
1290,5,2025-11-17,Night,0,0.06078007040379568
1291,1,2025-11-18,Morning,0,0.07261565735285536
1292,1,2025-11-18,Afternoon,0,0.0733820965218202
1293,1,2025-11-18,Night,0,0.07719149238365047
1294,2,2025-11-18,Morning,0,0.07643362538604043
1295,2,2025-11-18,Afternoon,0,0.0457788311613877
1296,2,2025-11-18,Night,0,0.08850507231462046
1297,3,2025-11-18,Morning,1,-0.011147261416268206
1298,3,2025-11-18,Afternoon,1,-0.0016416879647059845
1299,3,2025-11-18,Night,0,0.024247636861394084
1300,4,2025-11-18,Morning,0,0.03826994861251698
1301,4,2025-11-18,Afternoon,0,0.044550593910586134
1302,4,2025-11-18,Night,0,0.04846345426956844
1303,5,2025-11-18,Morning,0,0.08002912201107276
1304,5,2025-11-18,Afternoon,0,0.0954692709767519
1305,5,2025-11-18,Night,0,0.09003514895285991
1306,1,2025-11-19,Morning,0,0.03375307654603932
1307,1,2025-11-19,Afternoon,0,0.06418279738375038
1308,1,2025-11-19,Night,0,0.0713550124165171
1309,2,2025-11-19,Morning,0,0.09654467026415486
1310,2,2025-11-19,Afternoon,0,0.08983609214354232
1311,2,2025-11-19,Night,0,0.09788084917827872
1312,3,2025-11-19,Morning,0,0.04573030832798752
1313,3,2025-11-19,Afternoon,0,0.04635581272358291
1314,3,2025-11-19,Night,0,0.012492352976690047
1315,4,2025-11-19,Morning,0,0.04593420641804835
1316,4,2025-11-19,Afternoon,0,0.05712834833270641
1317,4,2025-11-19,Night,0,0.06043513935904682
1318,5,2025-11-19,Morning,0,0.051737784760007344
1319,5,2025-11-19,Afternoon,0,0.0831031923647435
1320,5,2025-11-19,Night,0,0.07267869653645348
1321,1,2025-11-20,Morning,0,0.07571433479084183
1322,1,2025-11-20,Afternoon,0,0.09127955604088173
1323,1,2025-11-20,Night,0,0.06950714650494605
1324,2,2025-11-20,Morning,0,0.07521612503758057
1325,2,2025-11-20,Afternoon,0,0.06256590170108733
1326,2,2025-11-20,Night,0,0.07832750850735376
1327,3,2025-11-20,Morning,0,0.0016438967126980453
1328,3,2025-11-20,Afternoon,0,0.036337057582410126
1329,3,2025-11-20,Night,0,0.046706577934156335
1330,4,2025-11-20,Morning,0,0.07803633120824882
1331,4,2025-11-20,Afternoon,0,0.052899595693479906
1332,4,2025-11-20,Night,0,0.020512807701310587
1333,5,2025-11-20,Morning,0,0.0850208573944472
1334,5,2025-11-20,Afternoon,0,0.10376044747463514
1335,5,2025-11-20,Night,0,0.08498368213639529
1336,1,2025-11-21,Morning,0,0.09289188119487812
1337,1,2025-11-21,Afternoon,0,0.06006348440106407
1338,1,2025-11-21,Night,0,0.05886655010109598
1339,2,2025-11-21,Morning,0,0.09216296689205622
1340,2,2025-11-21,Afternoon,0,0.1021473981370522
1341,2,2025-11-21,Night,0,0.10523775394606666
1342,3,2025-11-21,Morning,0,0.0141837066638697
1343,3,2025-11-21,Afternoon,0,0.00477587097125054
1344,3,2025-11-21,Night,1,-0.014998414691370754
1345,4,2025-11-21,Morning,0,0.08019345004119832
1346,4,2025-11-21,Afternoon,0,0.04729709577201091
1347,4,2025-11-21,Night,0,0.04294923111052085
1348,5,2025-11-21,Morning,0,0.10872366521609234
1349,5,2025-11-21,Afternoon,0,0.08839618549664718
1350,5,2025-11-21,Night,0,0.06721519667807291
1351,1,2025-11-22,Morning,0,0.07794888631848135
1352,1,2025-11-22,Afternoon,0,0.08576749598866845
1353,1,2025-11-22,Night,0,0.050427721253782365
1354,2,2025-11-22,Morning,0,0.0805215251053567
1355,2,2025-11-22,Afternoon,0,0.08807728342225846
1356,2,2025-11-22,Night,0,0.08985513825142982
1357,3,2025-11-22,Morning,0,0.019247062339753374
1358,3,2025-11-22,Afternoon,1,-0.002156305537908465
1359,3,2025-11-22,Night,0,0.04170180817165681
1360,4,2025-11-22,Morning,0,0.0359710080733846
1361,4,2025-11-22,Afternoon,0,0.060115460050311154
1362,4,2025-11-22,Night,0,0.059960526566058714
1363,5,2025-11-22,Morning,0,0.08706561769203497
1364,5,2025-11-22,Afternoon,0,0.10267390211933386
1365,5,2025-11-22,Night,0,0.09208439332945884
1366,1,2025-11-23,Morning,0,0.04582530006393004
1367,1,2025-11-23,Afternoon,0,0.06725846433923388
1368,1,2025-11-23,Night,0,0.06706411317853983
1369,2,2025-11-23,Morning,0,0.09810561075202145
1370,2,2025-11-23,Afternoon,0,0.06628195207650489
1371,2,2025-11-23,Night,0,0.0672078446402532
1372,3,2025-11-23,Morning,0,0.002739015914200338
1373,3,2025-11-23,Afternoon,0,0.055767976516161055
1374,3,2025-11-23,Night,1,-0.004136876438558645
1375,4,2025-11-23,Morning,0,0.04097264264262068
1376,4,2025-11-23,Afternoon,0,0.045766398357407034
1377,4,2025-11-23,Night,0,0.0473439202629472
1378,5,2025-11-23,Morning,0,0.06735689816645968
1379,5,2025-11-23,Afternoon,0,0.07138944130013264
1380,5,2025-11-23,Night,0,0.052128333404922844
1381,1,2025-11-24,Morning,0,0.07409921193190777
1382,1,2025-11-24,Afternoon,0,0.10321438939066774
1383,1,2025-11-24,Night,0,0.04638171609845987
1384,2,2025-11-24,Morning,0,0.09646746054308775
1385,2,2025-11-24,Afternoon,0,0.05675439741183386
1386,2,2025-11-24,Night,0,0.05012287245165792
1387,3,2025-11-24,Morning,0,0.00463246915522042
1388,3,2025-11-24,Afternoon,0,0.01663767872575994
1389,3,2025-11-24,Night,0,0.029459472042132173
1390,4,2025-11-24,Morning,0,0.0484396541201203
1391,4,2025-11-24,Afternoon,0,0.07449718338313738
1392,4,2025-11-24,Night,0,0.06854449319744049
1393,5,2025-11-24,Morning,0,0.10126475652002243
1394,5,2025-11-24,Afternoon,0,0.09877508738892121
1395,5,2025-11-24,Night,0,0.08022446221219354
1396,1,2025-11-25,Morning,0,0.05985366364737671
1397,1,2025-11-25,Afternoon,0,0.09803214797293464
1398,1,2025-11-25,Night,0,0.09537631692534626
1399,2,2025-11-25,Morning,0,0.09638663052131197
1400,2,2025-11-25,Afternoon,0,0.07748100553030779
1401,2,2025-11-25,Night,0,0.06225822012400145
1402,3,2025-11-25,Morning,0,0.050836742208118624
1403,3,2025-11-25,Afternoon,0,0.05497999454955571
1404,3,2025-11-25,Night,0,0.026078955609715515
1405,4,2025-11-25,Morning,0,0.028488489110015114
1406,4,2025-11-25,Afternoon,0,0.0042870827021030955
1407,4,2025-11-25,Night,0,0.07140934727431697
1408,5,2025-11-25,Morning,0,0.057102696555373755
1409,5,2025-11-25,Afternoon,0,0.05750599824907121
1410,5,2025-11-25,Night,0,0.06165082833904678
1411,1,2025-11-26,Morning,0,0.058569272899586466
1412,1,2025-11-26,Afternoon,0,0.0792259714569703
1413,1,2025-11-26,Night,0,0.06859710654648332
1414,2,2025-11-26,Morning,0,0.05106392126516912
1415,2,2025-11-26,Afternoon,0,0.07961366413478399
1416,2,2025-11-26,Night,0,0.07928725263492492
1417,3,2025-11-26,Morning,0,0.04739835253382707
1418,3,2025-11-26,Afternoon,0,0.05021305281093236
1419,3,2025-11-26,Night,0,0.0180868159867823
1420,4,2025-11-26,Morning,0,0.08176260901554244
1421,4,2025-11-26,Afternoon,0,0.042565261123687304
1422,4,2025-11-26,Night,0,0.0621324559647346
1423,5,2025-11-26,Morning,0,0.0779189132142043
1424,5,2025-11-26,Afternoon,0,0.08973312117614096
1425,5,2025-11-26,Night,0,0.10982500774914944
1426,1,2025-11-27,Morning,0,0.06813130086285835
1427,1,2025-11-27,Afternoon,0,0.060281919712493526
1428,1,2025-11-27,Night,0,0.09580991648925286
1429,2,2025-11-27,Morning,0,0.10716646872927493
1430,2,2025-11-27,Afternoon,0,0.09798158818019431
1431,2,2025-11-27,Night,0,0.09106122546995027
1432,3,2025-11-27,Morning,1,-0.02016781457894523
1433,3,2025-11-27,Afternoon,0,0.04158448725906683
1434,3,2025-11-27,Night,0,0.01813485656396674
1435,4,2025-11-27,Morning,0,0.07555514244233119
1436,4,2025-11-27,Afternoon,0,0.038905242478542656
1437,4,2025-11-27,Night,0,0.025419760851867257
1438,5,2025-11-27,Morning,0,0.08910093381867956
1439,5,2025-11-27,Afternoon,0,0.06515619829077618
1440,5,2025-11-27,Night,0,0.0667534732570344
1441,1,2025-11-28,Morning,0,0.0502798742391698
1442,1,2025-11-28,Afternoon,0,0.07272173115004305
1443,1,2025-11-28,Night,0,0.043924645913254734
1444,2,2025-11-28,Morning,0,0.08547811063591099
1445,2,2025-11-28,Afternoon,0,0.0611967153345207
1446,2,2025-11-28,Night,0,0.05335683162880034
1447,3,2025-11-28,Morning,1,-0.017486308058855315
1448,3,2025-11-28,Afternoon,1,-0.008946777364087666
1449,3,2025-11-28,Night,0,0.00015689001945518033
1450,4,2025-11-28,Morning,0,0.04226534285963002
1451,4,2025-11-28,Afternoon,0,0.04268519978098373
1452,4,2025-11-28,Night,0,0.06739711377085095
1453,5,2025-11-28,Morning,0,0.044473322346551436
1454,5,2025-11-28,Afternoon,0,0.05465448975232223
1455,5,2025-11-28,Night,0,0.08288783631301089
1456,1,2025-11-29,Morning,0,0.07326957964206893
1457,1,2025-11-29,Afternoon,0,0.06072191912885694
1458,1,2025-11-29,Night,0,0.046281190883449175
1459,2,2025-11-29,Morning,0,0.07669957641052871
1460,2,2025-11-29,Afternoon,0,0.0705494313317317
1461,2,2025-11-29,Night,0,0.08236967858674327
1462,3,2025-11-29,Morning,1,-0.002176461393242346
1463,3,2025-11-29,Afternoon,0,0.0006074813156433656
1464,3,2025-11-29,Night,1,-0.00253140074951963
1465,4,2025-11-29,Morning,0,0.07645928142420988
1466,4,2025-11-29,Afternoon,0,0.07881286927193226
1467,4,2025-11-29,Night,0,0.07627545635980676
1468,5,2025-11-29,Morning,0,0.08596266711467787
1469,5,2025-11-29,Afternoon,0,0.06828074048906685
1470,5,2025-11-29,Night,0,0.02769576047967781
1471,1,2025-11-30,Morning,0,0.09255272053986585
1472,1,2025-11-30,Afternoon,0,0.10070519031336783
1473,1,2025-11-30,Night,0,0.050107309083968765
1474,2,2025-11-30,Morning,0,0.0919703737343675
1475,2,2025-11-30,Afternoon,0,0.09359052468964729
1476,2,2025-11-30,Night,0,0.09948829624851557
1477,3,2025-11-30,Morning,1,-0.007021862877667262
1478,3,2025-11-30,Afternoon,1,-0.014921507051502525
1479,3,2025-11-30,Night,0,0.013677930187634524
1480,4,2025-11-30,Morning,0,0.041663572138656235
1481,4,2025-11-30,Afternoon,0,0.05803969731842784
1482,4,2025-11-30,Night,0,0.022612350523841473
1483,5,2025-11-30,Morning,0,0.05995769384244226
1484,5,2025-11-30,Afternoon,0,0.0690835381720275
1485,5,2025-11-30,Night,0,0.09866512101830782
1486,1,2025-12-01,Morning,0,0.040463185224757114
1487,1,2025-12-01,Afternoon,0,0.08213130361243237
1488,1,2025-12-01,Night,0,0.07949241943092922
1489,2,2025-12-01,Morning,0,0.0789868694762404
1490,2,2025-12-01,Afternoon,0,0.07187821148647078
1491,2,2025-12-01,Night,0,0.06989860627836914
1492,3,2025-12-01,Morning,0,0.0265529371779053
1493,3,2025-12-01,Afternoon,0,0.008336847270007053
1494,3,2025-12-01,Night,0,0.05101940094441637
1495,4,2025-12-01,Morning,0,0.04676822112229584
1496,4,2025-12-01,Afternoon,0,0.07201598514705476
1497,4,2025-12-01,Night,0,0.035164476674206746
1498,5,2025-12-01,Morning,0,0.08521807276666782
1499,5,2025-12-01,Afternoon,0,0.08566609037435424
1500,5,2025-12-01,Night,0,0.06439172075394162
1501,1,2025-12-02,Morning,0,0.08822663060544739
1502,1,2025-12-02,Afternoon,0,0.05772828867520413
1503,1,2025-12-02,Night,0,0.08612727853201929
1504,2,2025-12-02,Morning,0,0.041607641372923276
1505,2,2025-12-02,Afternoon,0,0.06676092156004976
1506,2,2025-12-02,Night,0,0.08775345267717849
1507,3,2025-12-02,Morning,0,0.039157780914036766
1508,3,2025-12-02,Afternoon,0,0.02772729376274774
1509,3,2025-12-02,Night,1,-0.0010723226597328939
1510,4,2025-12-02,Morning,0,0.07900109513668402
1511,4,2025-12-02,Afternoon,0,0.05749042818866584
1512,4,2025-12-02,Night,0,0.028716615350016572
1513,5,2025-12-02,Morning,0,0.08504827796381859
1514,5,2025-12-02,Afternoon,0,0.0700582754670599
1515,5,2025-12-02,Night,0,0.08362668244457577
1516,1,2025-12-03,Morning,0,0.10104923435622237
1517,1,2025-12-03,Afternoon,0,0.09180117625707851
1518,1,2025-12-03,Night,0,0.0801917925738253
1519,2,2025-12-03,Morning,0,0.08246226609129353
1520,2,2025-12-03,Afternoon,0,0.052433584015757484
1521,2,2025-12-03,Night,0,0.04868540014871581
1522,3,2025-12-03,Morning,0,0.04002767461411072
1523,3,2025-12-03,Afternoon,0,0.03851217616437874
1524,3,2025-12-03,Night,1,-0.01484020455789925
1525,4,2025-12-03,Morning,0,0.041045560869590436
1526,4,2025-12-03,Afternoon,0,0.0083584546243064
1527,4,2025-12-03,Night,0,0.051673456781400895
1528,5,2025-12-03,Morning,0,0.0863871685844036
1529,5,2025-12-03,Afternoon,0,0.06901128403182505
1530,5,2025-12-03,Night,0,0.06645503696683963
1531,1,2025-12-04,Morning,0,0.10845069857262402
1532,1,2025-12-04,Afternoon,0,0.09007350473757575
1533,1,2025-12-04,Night,0,0.08484122546439216
1534,2,2025-12-04,Morning,0,0.06402580005410041
1535,2,2025-12-04,Afternoon,0,0.04805243604417675
1536,2,2025-12-04,Night,0,0.0703247944200337
1537,3,2025-12-04,Morning,0,0.05231044775386173
1538,3,2025-12-04,Afternoon,0,0.015415617194520781
1539,3,2025-12-04,Night,1,-0.00660779366550579
1540,4,2025-12-04,Morning,0,0.07425803431789679
1541,4,2025-12-04,Afternoon,0,0.06227138541049748
1542,4,2025-12-04,Night,0,0.029548898994954942
1543,5,2025-12-04,Morning,0,0.06543001741889448
1544,5,2025-12-04,Afternoon,0,0.10184763342120967
1545,5,2025-12-04,Night,0,0.09082111101761287
1546,1,2025-12-05,Morning,0,0.0756179247166609
1547,1,2025-12-05,Afternoon,0,0.08424590774933743
1548,1,2025-12-05,Night,0,0.0772251494583
1549,2,2025-12-05,Morning,0,0.025472377167788607
1550,2,2025-12-05,Afternoon,0,0.07122561035996244
1551,2,2025-12-05,Night,0,0.07858058711321914
1552,3,2025-12-05,Morning,0,0.008159501327518526
1553,3,2025-12-05,Afternoon,0,0.0211316086569604
1554,3,2025-12-05,Night,0,0.012754438248965383
1555,4,2025-12-05,Morning,0,0.05815515352088807
1556,4,2025-12-05,Afternoon,0,0.010860689011560232
1557,4,2025-12-05,Night,0,0.006262085510021942
1558,5,2025-12-05,Morning,0,0.0943806512931033
1559,5,2025-12-05,Afternoon,0,0.1078710437079981
1560,5,2025-12-05,Night,0,0.07704458152309035
1561,1,2025-12-06,Morning,0,0.09820929865133216
1562,1,2025-12-06,Afternoon,0,0.0785464981377676
1563,1,2025-12-06,Night,0,0.056464138056613655
1564,2,2025-12-06,Morning,0,0.06337398003938038
1565,2,2025-12-06,Afternoon,0,0.07718339159496024
1566,2,2025-12-06,Night,0,0.06486780083160593
1567,3,2025-12-06,Morning,0,1.4183888086272134e-05
1568,3,2025-12-06,Afternoon,0,0.045141154990298804
1569,3,2025-12-06,Night,0,0.03487629708393658
1570,4,2025-12-06,Morning,1,-0.002853095858907584
1571,4,2025-12-06,Afternoon,0,0.014524331855503059
1572,4,2025-12-06,Night,0,0.02114835722759678
1573,5,2025-12-06,Morning,0,0.07019861374563946
1574,5,2025-12-06,Afternoon,0,0.10030668770079126
1575,5,2025-12-06,Night,0,0.08538207928866293
1576,1,2025-12-07,Morning,0,0.047111845306888944
1577,1,2025-12-07,Afternoon,0,0.08652871388891403
1578,1,2025-12-07,Night,0,0.07545582419305691
1579,2,2025-12-07,Morning,0,0.08507387504602498
1580,2,2025-12-07,Afternoon,0,0.08654278633899876
1581,2,2025-12-07,Night,0,0.11681850727927123
1582,3,2025-12-07,Morning,0,0.015203012330563648
1583,3,2025-12-07,Afternoon,0,0.05124862176015521
1584,3,2025-12-07,Night,0,0.033450410333124125
1585,4,2025-12-07,Morning,0,0.07089355439079698
1586,4,2025-12-07,Afternoon,0,0.04614694200262259
1587,4,2025-12-07,Night,0,0.09135472734608446
1588,5,2025-12-07,Morning,0,0.09117739103775896
1589,5,2025-12-07,Afternoon,0,0.07447320220589077
1590,5,2025-12-07,Night,0,0.09847122523715984
1591,1,2025-12-08,Morning,0,0.020936873574594506
1592,1,2025-12-08,Afternoon,0,0.06971032910121627
1593,1,2025-12-08,Night,0,0.08469342439697264
1594,2,2025-12-08,Morning,0,0.057736569336990784
1595,2,2025-12-08,Afternoon,0,0.06247551594051787
1596,2,2025-12-08,Night,0,0.07588766622534793
1597,3,2025-12-08,Morning,0,0.0738059408195309
1598,3,2025-12-08,Afternoon,0,0.02495339864875723
1599,3,2025-12-08,Night,0,0.011849776527223965
1600,4,2025-12-08,Morning,0,0.08228147436360117
1601,4,2025-12-08,Afternoon,0,0.05858475934090601
1602,4,2025-12-08,Night,0,0.020621116471710832
1603,5,2025-12-08,Morning,0,0.08136948867598903
1604,5,2025-12-08,Afternoon,0,0.0790027636235281
1605,5,2025-12-08,Night,0,0.08336526982686826
1606,1,2025-12-09,Morning,0,0.049592565588339355
1607,1,2025-12-09,Afternoon,0,0.07361441286987958
1608,1,2025-12-09,Night,0,0.08880639605321172
1609,2,2025-12-09,Morning,0,0.09138319694838098
1610,2,2025-12-09,Afternoon,0,0.10315323145202437
1611,2,2025-12-09,Night,0,0.10123098979570944
1612,3,2025-12-09,Morning,0,0.04012112938139323
1613,3,2025-12-09,Afternoon,0,0.03524112046075689
1614,3,2025-12-09,Night,0,0.057967831677074644
1615,4,2025-12-09,Morning,0,0.06033400287920887
1616,4,2025-12-09,Afternoon,0,0.039325668420862936
1617,4,2025-12-09,Night,0,0.08187682630136595
1618,5,2025-12-09,Morning,0,0.09311183236631482
1619,5,2025-12-09,Afternoon,0,0.09444493380774122
1620,5,2025-12-09,Night,0,0.09330844625579854
1621,1,2025-12-10,Morning,0,0.05390086700765273
1622,1,2025-12-10,Afternoon,0,0.021337225189485554
1623,1,2025-12-10,Night,0,0.07411241427442844
1624,2,2025-12-10,Morning,0,0.08548034918955943
1625,2,2025-12-10,Afternoon,0,0.05021105233788958
1626,2,2025-12-10,Night,0,0.026858501732236917
1627,3,2025-12-10,Morning,0,0.01702003969287691
1628,3,2025-12-10,Afternoon,1,-0.023587105561967192
1629,3,2025-12-10,Night,1,-0.02848960791891697
1630,4,2025-12-10,Morning,0,0.07270892943256146
1631,4,2025-12-10,Afternoon,0,0.04611049348639129
1632,4,2025-12-10,Night,0,0.04284057390914231
1633,5,2025-12-10,Morning,0,0.05537150550817316
1634,5,2025-12-10,Afternoon,0,0.028897290833230338
1635,5,2025-12-10,Night,0,0.00022211624348655867
1636,1,2025-12-11,Morning,0,0.0354036920850338
1637,1,2025-12-11,Afternoon,0,0.08005496242503912
1638,1,2025-12-11,Night,0,0.08113690275109153
1639,2,2025-12-11,Morning,0,0.05997240733886039
1640,2,2025-12-11,Afternoon,0,0.08583164824991085
1641,2,2025-12-11,Night,0,0.09676166995517
1642,3,2025-12-11,Morning,1,-0.011317633065100141
1643,3,2025-12-11,Afternoon,0,0.016942767610138576
1644,3,2025-12-11,Night,0,0.03227017452589798
1645,4,2025-12-11,Morning,0,0.04801420457201788
1646,4,2025-12-11,Afternoon,0,0.03917014939308505
1647,4,2025-12-11,Night,0,0.05693522420545455
1648,5,2025-12-11,Morning,0,0.04926672010349065
1649,5,2025-12-11,Afternoon,0,0.06959928271437432
1650,5,2025-12-11,Night,0,0.09307360874950871
1651,1,2025-12-12,Morning,0,0.0531615189918766
1652,1,2025-12-12,Afternoon,0,0.09975844709588755
1653,1,2025-12-12,Night,0,0.07871196668651165
1654,2,2025-12-12,Morning,0,0.09107100857135053
1655,2,2025-12-12,Afternoon,0,0.07146562981903826
1656,2,2025-12-12,Night,0,0.05261022229473045
1657,3,2025-12-12,Morning,1,-0.007351003847506865
1658,3,2025-12-12,Afternoon,0,0.01076292758170816
1659,3,2025-12-12,Night,0,0.016498060488034372
1660,4,2025-12-12,Morning,0,0.06041896054760687
1661,4,2025-12-12,Afternoon,0,0.03174830824773245
1662,4,2025-12-12,Night,0,0.04458338776409232
1663,5,2025-12-12,Morning,0,0.0786751646021755
1664,5,2025-12-12,Afternoon,0,0.0792622667923733
1665,5,2025-12-12,Night,0,0.07239395203494475
1666,1,2025-12-13,Morning,0,0.03947178002812046
1667,1,2025-12-13,Afternoon,0,0.05059915220278155
1668,1,2025-12-13,Night,0,0.06533490685806381
1669,2,2025-12-13,Morning,0,0.05792447471146939
1670,2,2025-12-13,Afternoon,0,0.06973378801593716
1671,2,2025-12-13,Night,0,0.07546223114182399
1672,3,2025-12-13,Morning,1,-0.004438663667311826
1673,3,2025-12-13,Afternoon,0,0.011173472036367982
1674,3,2025-12-13,Night,0,0.02908038892932352
1675,4,2025-12-13,Morning,0,0.0787739952499914
1676,4,2025-12-13,Afternoon,0,0.0740259654264831
1677,4,2025-12-13,Night,0,0.058186260473143514
1678,5,2025-12-13,Morning,0,0.05314050907071499
1679,5,2025-12-13,Afternoon,0,0.054985224873628114
1680,5,2025-12-13,Night,0,0.05347920224741054
1681,1,2025-12-14,Morning,0,0.03843794732475869
1682,1,2025-12-14,Afternoon,0,0.09301374187419398
1683,1,2025-12-14,Night,0,0.09748935810135384
1684,2,2025-12-14,Morning,0,0.10500729150022525
1685,2,2025-12-14,Afternoon,0,0.09805517631505217
1686,2,2025-12-14,Night,0,0.11334905047587462
1687,3,2025-12-14,Morning,0,0.0025015163155593934
1688,3,2025-12-14,Afternoon,0,0.041116845705610916
1689,3,2025-12-14,Night,0,0.03159596824657662
1690,4,2025-12-14,Morning,0,0.09486501975392148
1691,4,2025-12-14,Afternoon,0,0.05736104333823855
1692,4,2025-12-14,Night,0,0.06896143517942088
1693,5,2025-12-14,Morning,0,0.09349438360928097
1694,5,2025-12-14,Afternoon,0,0.06365061172368375
1695,5,2025-12-14,Night,0,0.04977858292300108
1696,1,2025-12-15,Morning,0,0.07454163975743533
1697,1,2025-12-15,Afternoon,0,0.06250941688774098
1698,1,2025-12-15,Night,0,0.08450785941896266
1699,2,2025-12-15,Morning,0,0.11393225317334771
1700,2,2025-12-15,Afternoon,0,0.09226187428646737
1701,2,2025-12-15,Night,0,0.09013891649733702
1702,3,2025-12-15,Morning,1,-0.011088406471760459
1703,3,2025-12-15,Afternoon,1,-0.004719853773046623
1704,3,2025-12-15,Night,1,-0.00653343779243043
1705,4,2025-12-15,Morning,0,0.05957528777378146
1706,4,2025-12-15,Afternoon,0,0.034712206808079404
1707,4,2025-12-15,Night,0,0.03115015917182362
1708,5,2025-12-15,Morning,0,0.03850123878613543
1709,5,2025-12-15,Afternoon,0,0.07309111819662278
1710,5,2025-12-15,Night,0,0.056416106066832394
1711,1,2025-12-16,Morning,0,0.05473971707553227
1712,1,2025-12-16,Afternoon,0,0.0711501015141
1713,1,2025-12-16,Night,0,0.03957967187885225
1714,2,2025-12-16,Morning,0,0.10239687835370576
1715,2,2025-12-16,Afternoon,0,0.06457139880405655
1716,2,2025-12-16,Night,0,0.08074737620640943
1717,3,2025-12-16,Morning,0,0.012705400229259589
1718,3,2025-12-16,Afternoon,0,0.002853663404822848
1719,3,2025-12-16,Night,0,0.02281387440514948
1720,4,2025-12-16,Morning,0,0.061497453352773346
1721,4,2025-12-16,Afternoon,0,0.06563800605332731
1722,4,2025-12-16,Night,0,0.042387967993760545
1723,5,2025-12-16,Morning,0,0.0536931037295838
1724,5,2025-12-16,Afternoon,0,0.05588548243420677
1725,5,2025-12-16,Night,0,0.05567954134010311
1726,1,2025-12-17,Morning,0,0.019630109480445745
1727,1,2025-12-17,Afternoon,0,0.03251075458685393
1728,1,2025-12-17,Night,0,0.02785544185350075
1729,2,2025-12-17,Morning,0,0.07979122355562795
1730,2,2025-12-17,Afternoon,0,0.08588872818872251
1731,2,2025-12-17,Night,0,0.08859909454010634
1732,3,2025-12-17,Morning,0,0.03067188406077692
1733,3,2025-12-17,Afternoon,0,0.05889548372509901
1734,3,2025-12-17,Night,0,0.06633815511368041
1735,4,2025-12-17,Morning,0,0.08748115659381994
1736,4,2025-12-17,Afternoon,0,0.058909498335089405
1737,4,2025-12-17,Night,0,0.03904331578083842
1738,5,2025-12-17,Morning,0,0.06856472582439033
1739,5,2025-12-17,Afternoon,0,0.0826229082431506
1740,5,2025-12-17,Night,0,0.07465842250162402
1741,1,2025-12-18,Morning,0,0.06903524099076663
1742,1,2025-12-18,Afternoon,0,0.07499557907804899
1743,1,2025-12-18,Night,0,0.07143789295763192
1744,2,2025-12-18,Morning,0,0.08921799222431614
1745,2,2025-12-18,Afternoon,0,0.10508020105988264
1746,2,2025-12-18,Night,0,0.09741598888286279
1747,3,2025-12-18,Morning,0,0.016044778701283735
1748,3,2025-12-18,Afternoon,0,0.026816036393209952
1749,3,2025-12-18,Night,0,0.02245451560927214
1750,4,2025-12-18,Morning,0,0.008545104350897836
1751,4,2025-12-18,Afternoon,0,0.0017899978166171504
1752,4,2025-12-18,Night,0,0.01714216498162857
1753,5,2025-12-18,Morning,0,0.0730526178695613
1754,5,2025-12-18,Afternoon,0,0.08591413160911021
1755,5,2025-12-18,Night,0,0.09114893183327755
1756,1,2025-12-19,Morning,0,0.06064868868093942
1757,1,2025-12-19,Afternoon,0,0.08862733173177534
1758,1,2025-12-19,Night,0,0.06778270066048192
1759,2,2025-12-19,Morning,0,0.10567481615665325
1760,2,2025-12-19,Afternoon,0,0.06111341005173193
1761,2,2025-12-19,Night,0,0.03920472573898959
1762,3,2025-12-19,Morning,0,0.005929034217430407
1763,3,2025-12-19,Afternoon,0,0.025265895736490074
1764,3,2025-12-19,Night,1,-0.03396938536235561
1765,4,2025-12-19,Morning,0,0.0365862009939919
1766,4,2025-12-19,Afternoon,0,0.0809263857612379
1767,4,2025-12-19,Night,0,0.0678616781184887
1768,5,2025-12-19,Morning,0,0.0883869748747747
1769,5,2025-12-19,Afternoon,0,0.1160636008444012
1770,5,2025-12-19,Night,0,0.10957755638190708
1771,1,2025-12-20,Morning,0,0.09194021930672036
1772,1,2025-12-20,Afternoon,0,0.08099414785405246
1773,1,2025-12-20,Night,0,0.0704818681685202
1774,2,2025-12-20,Morning,0,0.06369154018719392
1775,2,2025-12-20,Afternoon,0,0.08581053112235448
1776,2,2025-12-20,Night,0,0.08091280891953218
1777,3,2025-12-20,Morning,0,0.016392281566478872
1778,3,2025-12-20,Afternoon,1,-0.024594020533233674
1779,3,2025-12-20,Night,0,0.022003557166058618
1780,4,2025-12-20,Morning,0,0.08450233329713502
1781,4,2025-12-20,Afternoon,0,0.06125002436784932
1782,4,2025-12-20,Night,0,0.08321043439490045
1783,5,2025-12-20,Morning,0,0.09604160729418859
1784,5,2025-12-20,Afternoon,0,0.08448367466624329
1785,5,2025-12-20,Night,0,0.05505810122400334
1786,1,2025-12-21,Morning,0,0.04446434525918874
1787,1,2025-12-21,Afternoon,0,0.07326915848218879
1788,1,2025-12-21,Night,0,0.053705654497979594
1789,2,2025-12-21,Morning,0,0.0705349925382297
1790,2,2025-12-21,Afternoon,0,0.08626376675875608
1791,2,2025-12-21,Night,0,0.08410168215538039
1792,3,2025-12-21,Morning,1,-0.016638034240508248
1793,3,2025-12-21,Afternoon,0,0.03359930194918315
1794,3,2025-12-21,Night,0,0.024998027739785766
1795,4,2025-12-21,Morning,0,0.04745088308003231
1796,4,2025-12-21,Afternoon,0,0.018533048573754374
1797,4,2025-12-21,Night,0,0.047441888898103635
1798,5,2025-12-21,Morning,0,0.07266443285191498
1799,5,2025-12-21,Afternoon,0,0.06264722207993478
1800,5,2025-12-21,Night,0,0.06649638728268564
1801,1,2025-12-22,Morning,0,0.05834660874016462
1802,1,2025-12-22,Afternoon,0,0.035846163341178516
1803,1,2025-12-22,Night,0,0.07375671926075955
1804,2,2025-12-22,Morning,0,0.10064420894137394
1805,2,2025-12-22,Afternoon,0,0.10242422536418888
1806,2,2025-12-22,Night,0,0.0796726641468331
1807,3,2025-12-22,Morning,0,0.027435829184408345
1808,3,2025-12-22,Afternoon,0,0.037599457612644605
1809,3,2025-12-22,Night,0,0.0379805393507191
1810,4,2025-12-22,Morning,0,0.07094175462234664
1811,4,2025-12-22,Afternoon,0,0.014778961861139583
1812,4,2025-12-22,Night,0,0.016917794965205513
1813,5,2025-12-22,Morning,0,0.0749449826803304
1814,5,2025-12-22,Afternoon,0,0.10352281839446603
1815,5,2025-12-22,Night,0,0.07822737865616192
1816,1,2025-12-23,Morning,0,0.06155110631895255
1817,1,2025-12-23,Afternoon,0,0.05733053122697046
1818,1,2025-12-23,Night,0,0.05564470178214531
1819,2,2025-12-23,Morning,0,0.0740984044392809
1820,2,2025-12-23,Afternoon,0,0.03755031043602963
1821,2,2025-12-23,Night,0,0.026223485505494692
1822,3,2025-12-23,Morning,1,-0.019040253024071863
1823,3,2025-12-23,Afternoon,1,-0.014324976202390705
1824,3,2025-12-23,Night,1,-0.017733438599549012
1825,4,2025-12-23,Morning,0,0.06657938217211162
1826,4,2025-12-23,Afternoon,0,0.09355145957946265
1827,4,2025-12-23,Night,0,0.034088783152923074
1828,5,2025-12-23,Morning,0,0.0889140893035415
1829,5,2025-12-23,Afternoon,0,0.09556983746775782
1830,5,2025-12-23,Night,0,0.09823487976377449
1831,1,2025-12-24,Morning,0,0.07958634687956789
1832,1,2025-12-24,Afternoon,0,0.09008966827643017
1833,1,2025-12-24,Night,0,0.06885303997454179
1834,2,2025-12-24,Morning,0,0.03575373996959186
1835,2,2025-12-24,Afternoon,0,0.013187035813809422
1836,2,2025-12-24,Night,0,0.09113734425798409
1837,3,2025-12-24,Morning,0,0.014338023166400315
1838,3,2025-12-24,Afternoon,0,0.05801535189283796
1839,3,2025-12-24,Night,0,0.04133221453489233
1840,4,2025-12-24,Morning,0,0.0018032789655182402
1841,4,2025-12-24,Afternoon,0,0.025749627481505333
1842,4,2025-12-24,Night,0,0.05030612137992485
1843,5,2025-12-24,Morning,0,0.09077387805033271
1844,5,2025-12-24,Afternoon,0,0.0495734262546631
1845,5,2025-12-24,Night,0,0.06484005420347333
1846,1,2025-12-25,Morning,0,0.06823208511977608
1847,1,2025-12-25,Afternoon,0,0.03751859245588518
1848,1,2025-12-25,Night,0,0.06719836629773002
1849,2,2025-12-25,Morning,0,0.08935110014499775
1850,2,2025-12-25,Afternoon,0,0.0929711291526874
1851,2,2025-12-25,Night,0,0.07938608984821727
1852,3,2025-12-25,Morning,0,0.04655468015483821
1853,3,2025-12-25,Afternoon,1,-0.006818277281277041
1854,3,2025-12-25,Night,1,-0.005971538437075097
1855,4,2025-12-25,Morning,0,0.023736731559538482
1856,4,2025-12-25,Afternoon,0,0.03326817336570054
1857,4,2025-12-25,Night,0,0.028727359468232128
1858,5,2025-12-25,Morning,0,0.07726043712545189
1859,5,2025-12-25,Afternoon,0,0.07728185826963713
1860,5,2025-12-25,Night,0,0.07728428420536154
1861,1,2025-12-26,Morning,0,0.05926949314130664
1862,1,2025-12-26,Afternoon,0,0.09476281372198697
1863,1,2025-12-26,Night,0,0.09314771393591226
1864,2,2025-12-26,Morning,0,0.053568613189839076
1865,2,2025-12-26,Afternoon,0,0.06551950882374452
1866,2,2025-12-26,Night,0,0.09300823910557188
1867,3,2025-12-26,Morning,0,0.00181149534546321
1868,3,2025-12-26,Afternoon,1,-0.01112322734900184
1869,3,2025-12-26,Night,0,0.011500246479463239
1870,4,2025-12-26,Morning,0,0.027162634864561386
1871,4,2025-12-26,Afternoon,0,0.0757489385556393
1872,4,2025-12-26,Night,0,0.08384485936435054
1873,5,2025-12-26,Morning,0,0.07126210329823518
1874,5,2025-12-26,Afternoon,0,0.0637520289789889
1875,5,2025-12-26,Night,0,0.08994246006778517
1876,1,2025-12-27,Morning,0,0.07671291928609736
1877,1,2025-12-27,Afternoon,0,0.08201611032023276
1878,1,2025-12-27,Night,0,0.07487162070271308
1879,2,2025-12-27,Morning,0,0.05915747667046328
1880,2,2025-12-27,Afternoon,0,0.09925405173374341
1881,2,2025-12-27,Night,0,0.07276572782616963
1882,3,2025-12-27,Morning,0,0.047171643162306154
1883,3,2025-12-27,Afternoon,0,0.014092629839903226
1884,3,2025-12-27,Night,0,0.024921342764731458
1885,4,2025-12-27,Morning,0,0.0720922952776406
1886,4,2025-12-27,Afternoon,0,0.03269893998671103
1887,4,2025-12-27,Night,0,0.06981965854737049
1888,5,2025-12-27,Morning,0,0.07493039980963268
1889,5,2025-12-27,Afternoon,0,0.07838401837181397
1890,5,2025-12-27,Night,0,0.10795948871132127
1891,1,2025-12-28,Morning,0,0.029627754295717845
1892,1,2025-12-28,Afternoon,0,0.05398934353409113
1893,1,2025-12-28,Night,0,0.052302771285444805
1894,2,2025-12-28,Morning,0,0.06912661333303194
1895,2,2025-12-28,Afternoon,0,0.06124336131140745
1896,2,2025-12-28,Night,0,0.06483187471594481
1897,3,2025-12-28,Morning,0,0.043238024761648175
1898,3,2025-12-28,Afternoon,0,0.026903521728974256
1899,3,2025-12-28,Night,0,0.026239566084042543
1900,4,2025-12-28,Morning,0,0.07420874762434931
1901,4,2025-12-28,Afternoon,0,0.053330969873538026
1902,4,2025-12-28,Night,0,0.06299295035622976
1903,5,2025-12-28,Morning,0,0.1069018010611747
1904,5,2025-12-28,Afternoon,0,0.08888513902845907
1905,5,2025-12-28,Night,0,0.06695094693162695
1906,1,2025-12-29,Morning,0,0.061428121623821
1907,1,2025-12-29,Afternoon,0,0.09317772919240991
1908,1,2025-12-29,Night,0,0.08072535611077003
1909,2,2025-12-29,Morning,0,0.05987681568571096
1910,2,2025-12-29,Afternoon,0,0.09418041300141694
1911,2,2025-12-29,Night,0,0.0787776534619436
1912,3,2025-12-29,Morning,0,0.058479947348079986
1913,3,2025-12-29,Afternoon,0,0.056186704802540954
1914,3,2025-12-29,Night,0,0.02440888460710877
1915,4,2025-12-29,Morning,0,0.02142131516189827
1916,4,2025-12-29,Afternoon,0,0.027039801555537535
1917,4,2025-12-29,Night,0,0.045927365226348216
1918,5,2025-12-29,Morning,0,0.06952203242018906
1919,5,2025-12-29,Afternoon,0,0.07511254477835932
1920,5,2025-12-29,Night,0,0.053028786289462504
1921,1,2025-12-30,Morning,0,0.07638559243077553
1922,1,2025-12-30,Afternoon,0,0.03148859095381651
1923,1,2025-12-30,Night,0,0.0530545705331571
1924,2,2025-12-30,Morning,0,0.10085471402422597
1925,2,2025-12-30,Afternoon,0,0.096757113632569
1926,2,2025-12-30,Night,0,0.0908610291017723
1927,3,2025-12-30,Morning,0,0.021250019964661804
1928,3,2025-12-30,Afternoon,0,0.022375869409399285
1929,3,2025-12-30,Night,0,0.015764232131457057
1930,4,2025-12-30,Morning,0,0.07022671823314963
1931,4,2025-12-30,Afternoon,0,0.08458203431674377
1932,4,2025-12-30,Night,0,0.04778342573776384
1933,5,2025-12-30,Morning,0,0.061143807971958175
1934,5,2025-12-30,Afternoon,0,0.06773923983170044
1935,5,2025-12-30,Night,0,0.057377362599494386
1936,1,2025-12-31,Morning,0,0.06690249466462272
1937,1,2025-12-31,Afternoon,0,0.04601864258831179
1938,1,2025-12-31,Night,0,0.07574467282542446
1939,2,2025-12-31,Morning,0,0.09691147193702382
1940,2,2025-12-31,Afternoon,0,0.09227022246391464
1941,2,2025-12-31,Night,0,0.07412745486707106
1942,3,2025-12-31,Morning,0,0.013491285887218818
1943,3,2025-12-31,Afternoon,0,0.001963951318154078
1944,3,2025-12-31,Night,1,-0.0008083823488173048
1945,4,2025-12-31,Morning,0,0.016433987027481223
1946,4,2025-12-31,Afternoon,0,0.009911539686966231
1947,4,2025-12-31,Night,0,0.03894189158501837
1948,5,2025-12-31,Morning,0,0.03284901006778018
1949,5,2025-12-31,Afternoon,0,0.06157962859492794
1950,5,2025-12-31,Night,0,0.06061926548174579
1951,1,2026-01-01,Morning,0,0.11360869289342768
1952,1,2026-01-01,Afternoon,0,0.06881183860680223
1953,1,2026-01-01,Night,0,0.05065457701108955
1954,2,2026-01-01,Morning,0,0.08853336216461605
1955,2,2026-01-01,Afternoon,0,0.06599027543557762
1956,2,2026-01-01,Night,0,0.07145680774468893
1957,3,2026-01-01,Morning,1,-0.01224460795739335
1958,3,2026-01-01,Afternoon,1,-0.03787338204460633
1959,3,2026-01-01,Night,1,-0.04056872449217408
1960,4,2026-01-01,Morning,0,0.07820918012354633
1961,4,2026-01-01,Afternoon,0,0.04709036938368483
1962,4,2026-01-01,Night,0,0.06460726627036645
1963,5,2026-01-01,Morning,0,0.08165485821278162
1964,5,2026-01-01,Afternoon,0,0.07004004986879941
1965,5,2026-01-01,Night,0,0.07865124618664965
1966,1,2026-01-02,Morning,0,0.07304705856463967
1967,1,2026-01-02,Afternoon,0,0.08572152883958878
1968,1,2026-01-02,Night,0,0.05617166497163317
1969,2,2026-01-02,Morning,0,0.08307928634770723
1970,2,2026-01-02,Afternoon,0,0.1032067023112439
1971,2,2026-01-02,Night,0,0.10134760528183506
1972,3,2026-01-02,Morning,0,0.01944689178478387
1973,3,2026-01-02,Afternoon,0,0.03324062591444776
1974,3,2026-01-02,Night,0,0.026197147904066242
1975,4,2026-01-02,Morning,0,0.07725042736610582
1976,4,2026-01-02,Afternoon,0,0.052068597497191504
1977,4,2026-01-02,Night,0,0.05044129329544511
1978,5,2026-01-02,Morning,0,0.07484881888375805
1979,5,2026-01-02,Afternoon,0,0.08645978474982607
1980,5,2026-01-02,Night,0,0.08827346505572298
1981,1,2026-01-03,Morning,0,0.022727592661045404
1982,1,2026-01-03,Afternoon,0,0.014316452272925884
1983,1,2026-01-03,Night,0,0.05370139563564169
1984,2,2026-01-03,Morning,0,0.0764138630232607
1985,2,2026-01-03,Afternoon,0,0.08386255576666651
1986,2,2026-01-03,Night,0,0.0828187998643713
1987,3,2026-01-03,Morning,0,0.02425260806461893
1988,3,2026-01-03,Afternoon,0,0.016387311167388674
1989,3,2026-01-03,Night,0,0.017527896488630956
1990,4,2026-01-03,Morning,0,0.0495648078900649
1991,4,2026-01-03,Afternoon,0,0.032182037597119795
1992,4,2026-01-03,Night,0,0.05539759725231752
1993,5,2026-01-03,Morning,0,0.10857585021201899
1994,5,2026-01-03,Afternoon,0,0.09344201829643833
1995,5,2026-01-03,Night,0,0.08518306973568707
1996,1,2026-01-04,Morning,0,0.060429084865107396
1997,1,2026-01-04,Afternoon,0,0.03678131020646036
1998,1,2026-01-04,Night,0,0.0664489032344594
1999,2,2026-01-04,Morning,0,0.06924001987823214
2000,2,2026-01-04,Afternoon,0,0.060104421104092864
2001,2,2026-01-04,Night,0,0.03459012836969266
2002,3,2026-01-04,Morning,0,0.021985984938860836
2003,3,2026-01-04,Afternoon,0,0.001261667349824691
2004,3,2026-01-04,Night,0,0.02106876737377028
2005,4,2026-01-04,Morning,0,0.09032497148720386
2006,4,2026-01-04,Afternoon,0,0.07554096047093006
2007,4,2026-01-04,Night,0,0.07156879946820294
2008,5,2026-01-04,Morning,0,0.07409042457186571
2009,5,2026-01-04,Afternoon,0,0.049350468188407715
2010,5,2026-01-04,Night,0,0.08906086545007441
2011,1,2026-01-05,Morning,0,0.10113850993934154
2012,1,2026-01-05,Afternoon,0,0.06896294597801411
2013,1,2026-01-05,Night,0,0.04837677748746394
2014,2,2026-01-05,Morning,0,0.050720547138788374
2015,2,2026-01-05,Afternoon,0,0.0910934011135841
2016,2,2026-01-05,Night,0,0.08440371872818797
2017,3,2026-01-05,Morning,1,-0.0018192118248931965
2018,3,2026-01-05,Afternoon,1,-0.031625252888806465
2019,3,2026-01-05,Night,0,0.019095552674497474
2020,4,2026-01-05,Morning,0,0.04218225197688408
2021,4,2026-01-05,Afternoon,0,0.014119853729860798
2022,4,2026-01-05,Night,0,0.012888838384236934
2023,5,2026-01-05,Morning,0,0.07264826987570377
2024,5,2026-01-05,Afternoon,0,0.027711075282082387
2025,5,2026-01-05,Night,0,0.057984134287552
2026,1,2026-01-06,Morning,0,0.07510465630569801
2027,1,2026-01-06,Afternoon,0,0.05258724896305644
2028,1,2026-01-06,Night,0,0.015568418112161031
2029,2,2026-01-06,Morning,0,0.10721286093450533
2030,2,2026-01-06,Afternoon,0,0.1007910580898938
2031,2,2026-01-06,Night,0,0.061867959485431556
2032,3,2026-01-06,Morning,0,0.0008303665133598814
2033,3,2026-01-06,Afternoon,0,0.05246424185083387
2034,3,2026-01-06,Night,0,0.02296721858546613
2035,4,2026-01-06,Morning,0,0.036046958434785226
2036,4,2026-01-06,Afternoon,0,0.05101011132248057
2037,4,2026-01-06,Night,0,0.08649037524469305
2038,5,2026-01-06,Morning,0,0.0415807224301139
2039,5,2026-01-06,Afternoon,0,0.07951431502408135
2040,5,2026-01-06,Night,0,0.08020424864998144
2041,1,2026-01-07,Morning,0,0.0632141453037609
2042,1,2026-01-07,Afternoon,0,0.08284259148226736
2043,1,2026-01-07,Night,0,0.06345385473875709
2044,2,2026-01-07,Morning,0,0.05886077774095971
2045,2,2026-01-07,Afternoon,0,0.06272974071370613
2046,2,2026-01-07,Night,0,0.06563759727394086
2047,3,2026-01-07,Morning,0,0.029043395104595193
2048,3,2026-01-07,Afternoon,0,0.030234717838766634
2049,3,2026-01-07,Night,0,0.035926138685486664
2050,4,2026-01-07,Morning,0,0.08912626112944994
2051,4,2026-01-07,Afternoon,0,0.08474110957994124
2052,4,2026-01-07,Night,0,0.07724779146255761
2053,5,2026-01-07,Morning,0,0.07685894325576875
2054,5,2026-01-07,Afternoon,0,0.07701994430833176
2055,5,2026-01-07,Night,0,0.05484285361872521
2056,1,2026-01-08,Morning,0,0.07570722953172254
2057,1,2026-01-08,Afternoon,0,0.06316731653429425
2058,1,2026-01-08,Night,0,0.06614125799576698
2059,2,2026-01-08,Morning,0,0.06712457844651926
2060,2,2026-01-08,Afternoon,0,0.09427374755134488
2061,2,2026-01-08,Night,0,0.03912913380830518
2062,3,2026-01-08,Morning,1,-0.01912651188299397
2063,3,2026-01-08,Afternoon,1,-0.03990272141647544
2064,3,2026-01-08,Night,0,0.016731544801147358
2065,4,2026-01-08,Morning,0,0.06076990836651963
2066,4,2026-01-08,Afternoon,0,0.05423493653197442
2067,4,2026-01-08,Night,0,0.06330113657547687
2068,5,2026-01-08,Morning,0,0.06804206117890815
2069,5,2026-01-08,Afternoon,0,0.07977207330163588
2070,5,2026-01-08,Night,0,0.08567566451266351
2071,1,2026-01-09,Morning,0,0.046284576704568314
2072,1,2026-01-09,Afternoon,0,0.07650850235667161
2073,1,2026-01-09,Night,0,0.09078319144417507
2074,2,2026-01-09,Morning,0,0.07337447941191211
2075,2,2026-01-09,Afternoon,0,0.07275953725208367
2076,2,2026-01-09,Night,0,0.04448270441668101
2077,3,2026-01-09,Morning,0,0.0003316819140264382
2078,3,2026-01-09,Afternoon,0,0.012773270974001272
2079,3,2026-01-09,Night,0,0.03191520249312996
2080,4,2026-01-09,Morning,0,0.0707731461717565
2081,4,2026-01-09,Afternoon,0,0.06118030563471455
2082,4,2026-01-09,Night,0,0.05969261066209991
2083,5,2026-01-09,Morning,0,0.09392405236618973
2084,5,2026-01-09,Afternoon,0,0.08510950735817746
2085,5,2026-01-09,Night,0,0.08641717041179703
2086,1,2026-01-10,Morning,0,0.0939227818944342
2087,1,2026-01-10,Afternoon,0,0.0795142099391718
2088,1,2026-01-10,Night,0,0.10388603708168509
2089,2,2026-01-10,Morning,0,0.08528506279562587
2090,2,2026-01-10,Afternoon,0,0.07073884829613192
2091,2,2026-01-10,Night,0,0.013787723417771236
2092,3,2026-01-10,Morning,1,-0.022052188247691284
2093,3,2026-01-10,Afternoon,1,-0.03153341969811585
2094,3,2026-01-10,Night,0,0.031831828313551136
2095,4,2026-01-10,Morning,0,0.049142849737467964
2096,4,2026-01-10,Afternoon,0,0.02809163719401886
2097,4,2026-01-10,Night,0,0.026045480564711565
2098,5,2026-01-10,Morning,0,0.0944325699413412
2099,5,2026-01-10,Afternoon,0,0.09399265925381145
2100,5,2026-01-10,Night,0,0.07833007514423995
2101,1,2026-01-11,Morning,0,0.07602972541046038
2102,1,2026-01-11,Afternoon,0,0.06852988515982378
2103,1,2026-01-11,Night,0,0.07585539645175288
2104,2,2026-01-11,Morning,0,0.03573000301845186
2105,2,2026-01-11,Afternoon,0,0.05376521838619275
2106,2,2026-01-11,Night,0,0.047596666644113106
2107,3,2026-01-11,Morning,0,0.03446203133831538
2108,3,2026-01-11,Afternoon,0,0.04123082415033763
2109,3,2026-01-11,Night,1,-0.0019120868374010724
2110,4,2026-01-11,Morning,0,0.08317087096861087
2111,4,2026-01-11,Afternoon,0,0.04233632133572218
2112,4,2026-01-11,Night,0,0.02971227957770628
2113,5,2026-01-11,Morning,0,0.08039511642316566
2114,5,2026-01-11,Afternoon,0,0.09103921782919289
2115,5,2026-01-11,Night,0,0.09619180776949582
2116,1,2026-01-12,Morning,0,0.030230256350039286
2117,1,2026-01-12,Afternoon,0,0.05363914433860806
2118,1,2026-01-12,Night,0,0.07523230300341821
2119,2,2026-01-12,Morning,0,0.04958720492132607
2120,2,2026-01-12,Afternoon,0,0.06361734236184463
2121,2,2026-01-12,Night,0,0.073064092280616
2122,3,2026-01-12,Morning,1,-0.02002366666391231
2123,3,2026-01-12,Afternoon,0,0.017128460855279304
2124,3,2026-01-12,Night,0,0.04638758375929242
2125,4,2026-01-12,Morning,0,0.04557268648004198
2126,4,2026-01-12,Afternoon,0,0.06267948541287272
2127,4,2026-01-12,Night,0,0.062268054839255016
2128,5,2026-01-12,Morning,0,0.09847242919710303
2129,5,2026-01-12,Afternoon,0,0.08316494911603972
2130,5,2026-01-12,Night,0,0.06013023603532419
2131,1,2026-01-13,Morning,0,0.03238010788993473
2132,1,2026-01-13,Afternoon,0,0.1053536150001258
2133,1,2026-01-13,Night,0,0.09646444741286886
2134,2,2026-01-13,Morning,0,0.05986037586234688
2135,2,2026-01-13,Afternoon,0,0.10530003782702468
2136,2,2026-01-13,Night,0,0.04613143251339613
2137,3,2026-01-13,Morning,0,0.006717640824016491
2138,3,2026-01-13,Afternoon,0,0.04173659198583968
2139,3,2026-01-13,Night,0,0.024224804309150527
2140,4,2026-01-13,Morning,0,0.010039872417041962
2141,4,2026-01-13,Afternoon,0,0.0681714611080157
2142,4,2026-01-13,Night,0,0.07409526368806496
2143,5,2026-01-13,Morning,0,0.06516803348902844
2144,5,2026-01-13,Afternoon,0,0.05341491665405251
2145,5,2026-01-13,Night,0,0.07450792045911364
2146,1,2026-01-14,Morning,0,0.06943518739129217
2147,1,2026-01-14,Afternoon,0,0.09066250773359502
2148,1,2026-01-14,Night,0,0.09569228683429593
2149,2,2026-01-14,Morning,0,0.07746847258261852
2150,2,2026-01-14,Afternoon,0,0.11003908294977183
2151,2,2026-01-14,Night,0,0.09312473791294301
2152,3,2026-01-14,Morning,0,0.06460028962255038
2153,3,2026-01-14,Afternoon,0,0.03204022970095377
2154,3,2026-01-14,Night,0,0.01819517283430716
2155,4,2026-01-14,Morning,0,0.08056405735980332
2156,4,2026-01-14,Afternoon,0,0.08355246378569242
2157,4,2026-01-14,Night,0,0.024995531398039228
2158,5,2026-01-14,Morning,0,0.05901691008154819
2159,5,2026-01-14,Afternoon,0,0.06915489744482028
2160,5,2026-01-14,Night,0,0.07043974284106558
2161,1,2026-01-15,Morning,0,0.08298030608916396
2162,1,2026-01-15,Afternoon,0,0.06141330857035854
2163,1,2026-01-15,Night,0,0.04694774335355745
2164,2,2026-01-15,Morning,0,0.08900452271097298
2165,2,2026-01-15,Afternoon,0,0.0951072028024072
2166,2,2026-01-15,Night,0,0.09100626189907729
2167,3,2026-01-15,Morning,0,0.0669546668319278
2168,3,2026-01-15,Afternoon,0,0.033392606928171364
2169,3,2026-01-15,Night,0,0.009436626427931416
2170,4,2026-01-15,Morning,0,0.04403166027718053
2171,4,2026-01-15,Afternoon,0,0.06893595304521177
2172,4,2026-01-15,Night,0,0.09385264492129808
2173,5,2026-01-15,Morning,0,0.07379443704859562
2174,5,2026-01-15,Afternoon,0,0.08995100248700033
2175,5,2026-01-15,Night,0,0.06607139293621384
2176,1,2026-01-16,Morning,0,0.08709641579880889
2177,1,2026-01-16,Afternoon,0,0.07857117865409452
2178,1,2026-01-16,Night,0,0.0681626749592007
2179,2,2026-01-16,Morning,0,0.048350496657409425
2180,2,2026-01-16,Afternoon,0,0.0628895061804649
2181,2,2026-01-16,Night,0,0.06849144953926589
2182,3,2026-01-16,Morning,0,0.005917435518361325
2183,3,2026-01-16,Afternoon,1,-0.006978442668127749
2184,3,2026-01-16,Night,0,0.010849184501861453
2185,4,2026-01-16,Morning,0,0.06734728562900977
2186,4,2026-01-16,Afternoon,0,0.06219896045801754
2187,4,2026-01-16,Night,0,0.011691752246211329
2188,5,2026-01-16,Morning,0,0.05563909094232056
2189,5,2026-01-16,Afternoon,0,0.08049935585803403
2190,5,2026-01-16,Night,0,0.03324888199096643
2191,1,2026-01-17,Morning,0,0.06079669141896016
2192,1,2026-01-17,Afternoon,0,0.056734758242927286
2193,1,2026-01-17,Night,0,0.09133402765836124
2194,2,2026-01-17,Morning,0,0.0512340884322936
2195,2,2026-01-17,Afternoon,0,0.023522701484345654
2196,2,2026-01-17,Night,0,0.05142557354569732
2197,3,2026-01-17,Morning,0,0.03702055679727789
2198,3,2026-01-17,Afternoon,0,0.025914400181442643
2199,3,2026-01-17,Night,0,0.05570016644623976
2200,4,2026-01-17,Morning,0,0.018044470826548475
2201,4,2026-01-17,Afternoon,0,0.04813265498426911
2202,4,2026-01-17,Night,0,0.03385072799505029
2203,5,2026-01-17,Morning,0,0.07635531682991298
2204,5,2026-01-17,Afternoon,0,0.09022721697762986
2205,5,2026-01-17,Night,0,0.11161714540474249
2206,1,2026-01-18,Morning,0,0.05351087932337406
2207,1,2026-01-18,Afternoon,0,0.06815606280374237
2208,1,2026-01-18,Night,0,0.04781684206721115
2209,2,2026-01-18,Morning,0,0.0490478231958118
2210,2,2026-01-18,Afternoon,0,0.04732378720966901
2211,2,2026-01-18,Night,0,0.07397069216192298
2212,3,2026-01-18,Morning,0,0.015536570708091557
2213,3,2026-01-18,Afternoon,0,0.02665692521583607
2214,3,2026-01-18,Night,1,-0.010080653147585772
2215,4,2026-01-18,Morning,0,0.07971497109210784
2216,4,2026-01-18,Afternoon,0,0.06619917460382307
2217,4,2026-01-18,Night,0,0.0860602293544378
2218,5,2026-01-18,Morning,0,0.09917291035333242
2219,5,2026-01-18,Afternoon,0,0.06867447027096735
2220,5,2026-01-18,Night,0,0.0726520426040817
2221,1,2026-01-19,Morning,0,0.058530851398185535
2222,1,2026-01-19,Afternoon,0,0.08317746608285531
2223,1,2026-01-19,Night,0,0.1052173424708332
2224,2,2026-01-19,Morning,0,0.07447909169216244
2225,2,2026-01-19,Afternoon,0,0.08870262643814908
2226,2,2026-01-19,Night,0,0.07304366169480314
2227,3,2026-01-19,Morning,0,0.00837561146348742
2228,3,2026-01-19,Afternoon,0,0.022738985464686334
2229,3,2026-01-19,Night,0,0.02813936624471014
2230,4,2026-01-19,Morning,0,0.06752988731241877
2231,4,2026-01-19,Afternoon,0,0.061118489807937326
2232,4,2026-01-19,Night,0,0.03577776283735101
2233,5,2026-01-19,Morning,0,0.03823848404701213
2234,5,2026-01-19,Afternoon,0,0.06952987988720605
2235,5,2026-01-19,Night,0,0.06609873057546028
2236,1,2026-01-20,Morning,0,0.054278410253001286
2237,1,2026-01-20,Afternoon,0,0.08343389484047053
2238,1,2026-01-20,Night,0,0.07934132352689338
2239,2,2026-01-20,Morning,0,0.08133214479543704
2240,2,2026-01-20,Afternoon,0,0.06436850771610703
2241,2,2026-01-20,Night,0,0.0836066167437241
2242,3,2026-01-20,Morning,0,0.005562386106193529
2243,3,2026-01-20,Afternoon,1,-0.0075155807889943915
2244,3,2026-01-20,Night,0,0.021019712690686476
2245,4,2026-01-20,Morning,0,0.042661906454669274
2246,4,2026-01-20,Afternoon,0,0.026321638304832695
2247,4,2026-01-20,Night,0,0.019255663842794757
2248,5,2026-01-20,Morning,0,0.0758909498139817
2249,5,2026-01-20,Afternoon,0,0.030446644478885343
2250,5,2026-01-20,Night,0,0.042447378894992394
2251,1,2026-01-21,Morning,0,0.06138115720917858
2252,1,2026-01-21,Afternoon,0,0.06716031217440838
2253,1,2026-01-21,Night,0,0.08142733832044508
2254,2,2026-01-21,Morning,0,0.07341261262751675
2255,2,2026-01-21,Afternoon,0,0.049264001513763866
2256,2,2026-01-21,Night,0,0.01514330364461336
2257,3,2026-01-21,Morning,0,0.03713549796218729
2258,3,2026-01-21,Afternoon,0,0.04366425706363575
2259,3,2026-01-21,Night,0,0.006629434925316979
2260,4,2026-01-21,Morning,0,0.01110959803485323
2261,4,2026-01-21,Afternoon,0,0.06768356387209767
2262,4,2026-01-21,Night,0,0.06918840648074304
2263,5,2026-01-21,Morning,0,0.058702444818513555
2264,5,2026-01-21,Afternoon,0,0.09167798584292697
2265,5,2026-01-21,Night,0,0.07682773045165797
2266,1,2026-01-22,Morning,0,0.06539955600993663
2267,1,2026-01-22,Afternoon,0,0.06882482238682519
2268,1,2026-01-22,Night,0,0.07396142337715639
2269,2,2026-01-22,Morning,0,0.03432932485747253
2270,2,2026-01-22,Afternoon,0,0.04531869149818957
2271,2,2026-01-22,Night,0,0.06276478548437014
2272,3,2026-01-22,Morning,1,-0.027271745552256976
2273,3,2026-01-22,Afternoon,1,-0.023177770382351026
2274,3,2026-01-22,Night,1,-0.03068881629841469
2275,4,2026-01-22,Morning,0,0.07872922593613041
2276,4,2026-01-22,Afternoon,0,0.09605839170142294
2277,4,2026-01-22,Night,0,0.07709724815936825
2278,5,2026-01-22,Morning,0,0.0677375089798864
2279,5,2026-01-22,Afternoon,0,0.10852723066282605
2280,5,2026-01-22,Night,0,0.09251808321479355
2281,1,2026-01-23,Morning,0,0.0890110690077236
2282,1,2026-01-23,Afternoon,0,0.08839437209137607
2283,1,2026-01-23,Night,0,0.058961192725572875
2284,2,2026-01-23,Morning,0,0.08146532416006858
2285,2,2026-01-23,Afternoon,0,0.07723815968292458
2286,2,2026-01-23,Night,0,0.08966110422385754
2287,3,2026-01-23,Morning,0,8.582570470094808e-06
2288,3,2026-01-23,Afternoon,0,0.026555053153659136
2289,3,2026-01-23,Night,0,0.010066880531093947
2290,4,2026-01-23,Morning,0,0.03365442891179382
2291,4,2026-01-23,Afternoon,0,0.05909877060783497
2292,4,2026-01-23,Night,0,0.04228730030886574
2293,5,2026-01-23,Morning,0,0.08369046979087674
2294,5,2026-01-23,Afternoon,0,0.026617407258821113
2295,5,2026-01-23,Night,0,0.07165026930903368
2296,1,2026-01-24,Morning,0,0.0733534077816666
2297,1,2026-01-24,Afternoon,0,0.0583850944462298
2298,1,2026-01-24,Night,0,0.0064678303705307805
2299,2,2026-01-24,Morning,0,0.07518890685595897
2300,2,2026-01-24,Afternoon,0,0.07383431790452388
2301,2,2026-01-24,Night,0,0.08840438521612615
2302,3,2026-01-24,Morning,0,0.028579764069817326
2303,3,2026-01-24,Afternoon,0,0.007146185145605721
2304,3,2026-01-24,Night,1,-0.016276981087155695
2305,4,2026-01-24,Morning,0,0.06931646010796438
2306,4,2026-01-24,Afternoon,0,0.07177519425324386
2307,4,2026-01-24,Night,0,0.0827035415785895
2308,5,2026-01-24,Morning,0,0.05266248058526968
2309,5,2026-01-24,Afternoon,0,0.06750752833829698
2310,5,2026-01-24,Night,0,0.04388205348970842
2311,1,2026-01-25,Morning,0,0.024930031316501733
2312,1,2026-01-25,Afternoon,0,0.06278169121531813
2313,1,2026-01-25,Night,0,0.10529910385835939
2314,2,2026-01-25,Morning,0,0.0921300831891591
2315,2,2026-01-25,Afternoon,0,0.06639725645541827
2316,2,2026-01-25,Night,0,0.0759425254266925
2317,3,2026-01-25,Morning,0,0.023393892189999543
2318,3,2026-01-25,Afternoon,0,0.0037669716698559563
2319,3,2026-01-25,Night,1,-0.0057717207899228296
2320,4,2026-01-25,Morning,0,0.03237021661224493
2321,4,2026-01-25,Afternoon,0,0.043491743117938575
2322,4,2026-01-25,Night,0,0.05676606651690719
2323,5,2026-01-25,Morning,0,0.052884738352272254
2324,5,2026-01-25,Afternoon,0,0.08643650579191114
2325,5,2026-01-25,Night,0,0.08928911556379782
2326,1,2026-01-26,Morning,0,0.04246429474365232
2327,1,2026-01-26,Afternoon,0,0.0315168743719364
2328,1,2026-01-26,Night,0,0.057540612720442086
2329,2,2026-01-26,Morning,0,0.09482252665800744
2330,2,2026-01-26,Afternoon,0,0.10008295161899816
2331,2,2026-01-26,Night,0,0.07943098993606273
2332,3,2026-01-26,Morning,1,-0.008376648670619602
2333,3,2026-01-26,Afternoon,0,0.0021512023689732596
2334,3,2026-01-26,Night,0,0.007192862739965555
2335,4,2026-01-26,Morning,0,0.03927781547429188
2336,4,2026-01-26,Afternoon,0,0.06430366311318808
2337,4,2026-01-26,Night,0,0.05263462286948395
2338,5,2026-01-26,Morning,0,0.09326878311597775
2339,5,2026-01-26,Afternoon,0,0.08927997855460529
2340,5,2026-01-26,Night,0,0.07600360505489523
2341,1,2026-01-27,Morning,0,0.06372564176759293
2342,1,2026-01-27,Afternoon,0,0.07097213217232762
2343,1,2026-01-27,Night,0,0.09692084378042487
2344,2,2026-01-27,Morning,0,0.06692213761171883
2345,2,2026-01-27,Afternoon,0,0.07835920530899532
2346,2,2026-01-27,Night,0,0.08766419894835425
2347,3,2026-01-27,Morning,1,-0.061385498865496047
2348,3,2026-01-27,Afternoon,1,-0.026221287865557885
2349,3,2026-01-27,Night,1,-0.01522420893463905
2350,4,2026-01-27,Morning,0,0.08058619466661504
2351,4,2026-01-27,Afternoon,0,0.043145004309934176
2352,4,2026-01-27,Night,0,0.020635538412787646
2353,5,2026-01-27,Morning,0,0.09315038770525175
2354,5,2026-01-27,Afternoon,0,0.08198858205731363
2355,5,2026-01-27,Night,0,0.06365445821363724
2356,1,2026-01-28,Morning,0,0.0959841722795326
2357,1,2026-01-28,Afternoon,0,0.08884016153452085
2358,1,2026-01-28,Night,0,0.0918074234321064
2359,2,2026-01-28,Morning,0,0.0848097151126086
2360,2,2026-01-28,Afternoon,0,0.08746194950393893
2361,2,2026-01-28,Night,0,0.08321433058589922
2362,3,2026-01-28,Morning,0,0.03891582639469349
2363,3,2026-01-28,Afternoon,1,-0.001819897685557681
2364,3,2026-01-28,Night,1,-0.0007411754755529687
2365,4,2026-01-28,Morning,0,0.010318176870600215
2366,4,2026-01-28,Afternoon,0,0.04213541459017511
2367,4,2026-01-28,Night,0,0.029207033896278545
2368,5,2026-01-28,Morning,0,0.10470433250429761
2369,5,2026-01-28,Afternoon,0,0.07497496766025774
2370,5,2026-01-28,Night,0,0.07131261019986418
2371,1,2026-01-29,Morning,0,0.07134125846184425
2372,1,2026-01-29,Afternoon,0,0.0595578049340032
2373,1,2026-01-29,Night,0,0.0332352018086679
2374,2,2026-01-29,Morning,0,0.051299264565547675
2375,2,2026-01-29,Afternoon,0,0.04497527857008521
2376,2,2026-01-29,Night,0,0.02051404981177607
2377,3,2026-01-29,Morning,1,-0.022956738137825727
2378,3,2026-01-29,Afternoon,1,-0.0029801548095984565
2379,3,2026-01-29,Night,1,-0.0017277846328973556
2380,4,2026-01-29,Morning,0,0.0490634072987326
2381,4,2026-01-29,Afternoon,0,0.04376077099979647
2382,4,2026-01-29,Night,0,0.059635948842668485
2383,5,2026-01-29,Morning,0,0.057911421467202406
2384,5,2026-01-29,Afternoon,0,0.07843648263052827
2385,5,2026-01-29,Night,0,0.0844328294516834
2386,1,2026-01-30,Morning,0,0.032395803955563296
2387,1,2026-01-30,Afternoon,0,0.033993552086763024
2388,1,2026-01-30,Night,0,0.028946890504335077
2389,2,2026-01-30,Morning,0,0.040547183792064456
2390,2,2026-01-30,Afternoon,0,0.05404601605204984
2391,2,2026-01-30,Night,0,0.06576420010852929
2392,3,2026-01-30,Morning,0,0.016211291323323107
2393,3,2026-01-30,Afternoon,0,0.04135272073119656
2394,3,2026-01-30,Night,0,0.049769187850495444
2395,4,2026-01-30,Morning,0,0.042449533393735916
2396,4,2026-01-30,Afternoon,0,0.05069614891602603
2397,4,2026-01-30,Night,0,0.005144609925630705
2398,5,2026-01-30,Morning,0,0.08689189274036113
2399,5,2026-01-30,Afternoon,0,0.08622294184031354
2400,5,2026-01-30,Night,0,0.1015856460593747
2401,1,2026-01-31,Morning,0,0.09212441152458778
2402,1,2026-01-31,Afternoon,0,0.08676018510849887
2403,1,2026-01-31,Night,0,0.060815787497154106
2404,2,2026-01-31,Morning,0,0.07565968759935154
2405,2,2026-01-31,Afternoon,0,0.08549730621021151
2406,2,2026-01-31,Night,0,0.08555558360842092
2407,3,2026-01-31,Morning,0,0.05350532840527833
2408,3,2026-01-31,Afternoon,0,0.048744562771798505
2409,3,2026-01-31,Night,0,0.012073499928121012
2410,4,2026-01-31,Morning,0,0.060305955613178086
2411,4,2026-01-31,Afternoon,0,0.06821007140211549
2412,4,2026-01-31,Night,0,0.07787602633905194
2413,5,2026-01-31,Morning,0,0.08238464453587097
2414,5,2026-01-31,Afternoon,0,0.08850815634203524
2415,5,2026-01-31,Night,0,0.08631996490707644
2416,1,2026-02-01,Morning,0,0.06952652573589535
2417,1,2026-02-01,Afternoon,0,0.061173963324839487
2418,1,2026-02-01,Night,0,0.07247276082503423
2419,2,2026-02-01,Morning,0,0.03749972509662436
2420,2,2026-02-01,Afternoon,0,0.04326181819682007
2421,2,2026-02-01,Night,0,0.06859170974641898
2422,3,2026-02-01,Morning,1,-0.015472923068087119
2423,3,2026-02-01,Afternoon,1,-0.029117347041708763
2424,3,2026-02-01,Night,1,-0.015585709865346242
2425,4,2026-02-01,Morning,0,0.038711904058449154
2426,4,2026-02-01,Afternoon,0,0.09041628531851575
2427,4,2026-02-01,Night,0,0.05345585076877357
2428,5,2026-02-01,Morning,0,0.094482286457922
2429,5,2026-02-01,Afternoon,0,0.08781853994407696
2430,5,2026-02-01,Night,0,0.08973578116363246
2431,1,2026-02-02,Morning,0,0.10086040363176696
2432,1,2026-02-02,Afternoon,0,0.10418329612150451
2433,1,2026-02-02,Night,0,0.06248432528574788
2434,2,2026-02-02,Morning,0,0.09792936042665429
2435,2,2026-02-02,Afternoon,0,0.09487193976552782
2436,2,2026-02-02,Night,0,0.08951355277007184
2437,3,2026-02-02,Morning,0,0.010658197512143253
2438,3,2026-02-02,Afternoon,0,0.002551779358405226
2439,3,2026-02-02,Night,1,-0.002757509314870288
2440,4,2026-02-02,Morning,0,0.052152762879287495
2441,4,2026-02-02,Afternoon,0,0.08112838321437765
2442,4,2026-02-02,Night,0,0.08934580646684331
2443,5,2026-02-02,Morning,0,0.0467644563884293
2444,5,2026-02-02,Afternoon,0,0.041955163656218986
2445,5,2026-02-02,Night,0,0.033470630758160036
2446,1,2026-02-03,Morning,0,0.06880919617958747
2447,1,2026-02-03,Afternoon,0,0.05839352185175922
2448,1,2026-02-03,Night,0,0.029057293217952918
2449,2,2026-02-03,Morning,0,0.08507765276228368
2450,2,2026-02-03,Afternoon,0,0.07149678632125855
2451,2,2026-02-03,Night,0,0.06830076715263245
2452,3,2026-02-03,Morning,0,0.03064888035867419
2453,3,2026-02-03,Afternoon,0,0.010437005759135087
2454,3,2026-02-03,Night,0,0.04088012359478321
2455,4,2026-02-03,Morning,0,0.07510184892710658
2456,4,2026-02-03,Afternoon,0,0.08979573135347868
2457,4,2026-02-03,Night,0,0.0634409947343465
2458,5,2026-02-03,Morning,0,0.08569186935061696
2459,5,2026-02-03,Afternoon,0,0.07230424081928005
2460,5,2026-02-03,Night,0,0.08424650647191678
2461,1,2026-02-04,Morning,0,0.053956184384936656
2462,1,2026-02-04,Afternoon,0,0.07314666709592083
2463,1,2026-02-04,Night,0,0.030616197509632626
2464,2,2026-02-04,Morning,0,0.055808408733088455
2465,2,2026-02-04,Afternoon,0,0.06082337020954437
2466,2,2026-02-04,Night,0,0.08810994482511286
2467,3,2026-02-04,Morning,0,0.021925847791800068
2468,3,2026-02-04,Afternoon,0,0.05053161536824036
2469,3,2026-02-04,Night,0,0.0316568404041373
2470,4,2026-02-04,Morning,0,0.0732212688335318
2471,4,2026-02-04,Afternoon,0,0.058515803508932485
2472,4,2026-02-04,Night,0,0.08523638646824744
2473,5,2026-02-04,Morning,0,0.061942526192251046
2474,5,2026-02-04,Afternoon,0,0.04885867120861265
2475,5,2026-02-04,Night,0,0.04197301329913106
2476,1,2026-02-05,Morning,0,0.011288222808625958
2477,1,2026-02-05,Afternoon,0,0.07824487992026097
2478,1,2026-02-05,Night,0,0.08131980684316376
2479,2,2026-02-05,Morning,0,0.07314770112627278
2480,2,2026-02-05,Afternoon,0,0.06175346315983832
2481,2,2026-02-05,Night,0,0.06991780938301428
2482,3,2026-02-05,Morning,0,0.03588547226756711
2483,3,2026-02-05,Afternoon,0,0.023567576540990953
2484,3,2026-02-05,Night,0,0.016571387145267846
2485,4,2026-02-05,Morning,0,0.08172916855006995
2486,4,2026-02-05,Afternoon,0,0.014241547432675139
2487,4,2026-02-05,Night,0,0.05854855752789856
2488,5,2026-02-05,Morning,0,0.06795821345495645
2489,5,2026-02-05,Afternoon,0,0.07794510450348602
2490,5,2026-02-05,Night,0,0.08176628654177537
2491,1,2026-02-06,Morning,0,0.062026924314153464
2492,1,2026-02-06,Afternoon,0,0.07875069229689347
2493,1,2026-02-06,Night,0,0.056543690904992894
2494,2,2026-02-06,Morning,0,0.05461149008519106
2495,2,2026-02-06,Afternoon,0,0.07792801892858714
2496,2,2026-02-06,Night,0,0.08059762140441395
2497,3,2026-02-06,Morning,1,-0.000517603023894031
2498,3,2026-02-06,Afternoon,0,0.009508529440378166
2499,3,2026-02-06,Night,0,0.026360061138877566
2500,4,2026-02-06,Morning,0,0.06030454113092143
2501,4,2026-02-06,Afternoon,0,0.0479695642443545
2502,4,2026-02-06,Night,0,0.053638049925440634
2503,5,2026-02-06,Morning,0,0.07924360757524362
2504,5,2026-02-06,Afternoon,0,0.07086565671745293
2505,5,2026-02-06,Night,0,0.045833151370883285
2506,1,2026-02-07,Morning,0,0.004366719865080637
2507,1,2026-02-07,Afternoon,0,0.015150553564530544
2508,1,2026-02-07,Night,0,0.0710923676762667
2509,2,2026-02-07,Morning,0,0.06386662415461564
2510,2,2026-02-07,Afternoon,0,0.06052452635814526
2511,2,2026-02-07,Night,0,0.10444498579859951
2512,3,2026-02-07,Morning,0,0.009095988221290097
2513,3,2026-02-07,Afternoon,1,-0.009838394274442108
2514,3,2026-02-07,Night,1,-0.004382867085230835
2515,4,2026-02-07,Morning,0,0.042232847945862684
2516,4,2026-02-07,Afternoon,0,0.03835115369481712
2517,4,2026-02-07,Night,0,0.08904462524032375
2518,5,2026-02-07,Morning,0,0.042894914593190614
2519,5,2026-02-07,Afternoon,0,0.048132567229644097
2520,5,2026-02-07,Night,0,0.06454214023097288
2521,1,2026-02-08,Morning,0,0.07589666204142836
2522,1,2026-02-08,Afternoon,0,0.10633334799972294
2523,1,2026-02-08,Night,0,0.09487714471748354
2524,2,2026-02-08,Morning,0,0.08467827392074745
2525,2,2026-02-08,Afternoon,0,0.0767903882215557
2526,2,2026-02-08,Night,0,0.07731116228808049
2527,3,2026-02-08,Morning,0,0.023321506954004034
2528,3,2026-02-08,Afternoon,0,0.03781716368511534
2529,3,2026-02-08,Night,0,0.023367271505480125
2530,4,2026-02-08,Morning,0,0.05721249911212489
2531,4,2026-02-08,Afternoon,0,0.04841059091967814
2532,4,2026-02-08,Night,0,0.06747529324326418
2533,5,2026-02-08,Morning,0,0.07359850807900192
2534,5,2026-02-08,Afternoon,0,0.058188960626744335
2535,5,2026-02-08,Night,0,0.07991006231901016
2536,1,2026-02-09,Morning,0,0.08638118950822005
2537,1,2026-02-09,Afternoon,0,0.07980223863450275
2538,1,2026-02-09,Night,0,0.0689393107197635
2539,2,2026-02-09,Morning,0,0.0634825663708386
2540,2,2026-02-09,Afternoon,0,0.07141500425986325
2541,2,2026-02-09,Night,0,0.0913105061068667
2542,3,2026-02-09,Morning,0,0.04461011089901756
2543,3,2026-02-09,Afternoon,0,0.03324935108484495
2544,3,2026-02-09,Night,1,-0.016887222016552794
2545,4,2026-02-09,Morning,0,0.04926912620377977
2546,4,2026-02-09,Afternoon,0,0.03721117933230289
2547,4,2026-02-09,Night,0,0.07005211337408707
2548,5,2026-02-09,Morning,0,0.042449971927589925
2549,5,2026-02-09,Afternoon,0,0.06165800499517737
2550,5,2026-02-09,Night,0,0.09591979516022703
2551,1,2026-02-10,Morning,0,0.05948258927295025
2552,1,2026-02-10,Afternoon,0,0.0904020571368982
2553,1,2026-02-10,Night,0,0.06953106853721391
2554,2,2026-02-10,Morning,0,0.1057663747031441
2555,2,2026-02-10,Afternoon,0,0.08117130396748218
2556,2,2026-02-10,Night,0,0.08010680719888091
2557,3,2026-02-10,Morning,1,-0.022043438875024246
2558,3,2026-02-10,Afternoon,0,0.0011772505895726315
2559,3,2026-02-10,Night,0,0.04704792942420166
2560,4,2026-02-10,Morning,0,0.07437777113629329
2561,4,2026-02-10,Afternoon,0,0.052713620173110765
2562,4,2026-02-10,Night,0,0.04648859193362764
2563,5,2026-02-10,Morning,0,0.10519358814044133
2564,5,2026-02-10,Afternoon,0,0.09888202032806281
2565,5,2026-02-10,Night,0,0.07046430820131167
2566,1,2026-02-11,Morning,0,0.05120105888051574
2567,1,2026-02-11,Afternoon,0,0.06870648590730616
2568,1,2026-02-11,Night,0,0.07954351860019876
2569,2,2026-02-11,Morning,0,0.05705121924356982
2570,2,2026-02-11,Afternoon,0,0.07245037510038876
2571,2,2026-02-11,Night,0,0.07530515262495807
2572,3,2026-02-11,Morning,0,0.037328608890380366
2573,3,2026-02-11,Afternoon,0,0.00043135626285084605
2574,3,2026-02-11,Night,0,0.013880267300845794
2575,4,2026-02-11,Morning,0,0.026353713862029005
2576,4,2026-02-11,Afternoon,0,0.0007966223245439163
2577,4,2026-02-11,Night,0,0.025835847467384543
2578,5,2026-02-11,Morning,0,0.09121216829713003
2579,5,2026-02-11,Afternoon,0,0.08221678600988241
2580,5,2026-02-11,Night,0,0.0795982061743098
2581,1,2026-02-12,Morning,0,0.08985146490109053
2582,1,2026-02-12,Afternoon,0,0.0637207717787936
2583,1,2026-02-12,Night,0,0.04958940189539485
2584,2,2026-02-12,Morning,0,0.04885911515558139
2585,2,2026-02-12,Afternoon,0,0.056969597506471625
2586,2,2026-02-12,Night,0,0.05295455666105253
2587,3,2026-02-12,Morning,0,0.02723407668880251
2588,3,2026-02-12,Afternoon,0,0.024312259364814626
2589,3,2026-02-12,Night,0,0.038722208225751675
2590,4,2026-02-12,Morning,0,0.030812265195486632
2591,4,2026-02-12,Afternoon,0,0.07735130639481452
2592,4,2026-02-12,Night,0,0.03472899408303509
2593,5,2026-02-12,Morning,0,0.06110617615701369
2594,5,2026-02-12,Afternoon,0,0.04424591547152945
2595,5,2026-02-12,Night,0,0.038034751993544336
2596,1,2026-02-13,Morning,0,0.058960055099281705
2597,1,2026-02-13,Afternoon,0,0.08317593718149008
2598,1,2026-02-13,Night,0,0.10209984087467727
2599,2,2026-02-13,Morning,0,0.05748240570864421
2600,2,2026-02-13,Afternoon,0,0.0411133554160219
2601,2,2026-02-13,Night,0,0.04632486801067903
2602,3,2026-02-13,Morning,0,0.0031418884964050653
2603,3,2026-02-13,Afternoon,0,0.03895727256633086
2604,3,2026-02-13,Night,0,0.023584388515281107
2605,4,2026-02-13,Morning,0,0.05144604501866634
2606,4,2026-02-13,Afternoon,0,0.011009695753083193
2607,4,2026-02-13,Night,0,0.018120308307247424
2608,5,2026-02-13,Morning,0,0.0907820073751252
2609,5,2026-02-13,Afternoon,0,0.08594037109493902
2610,5,2026-02-13,Night,0,0.10392279316099134
2611,1,2026-02-14,Morning,0,0.09168837095526172
2612,1,2026-02-14,Afternoon,0,0.08691457535654917
2613,1,2026-02-14,Night,0,0.08673992769517919
2614,2,2026-02-14,Morning,0,0.06144325768802922
2615,2,2026-02-14,Afternoon,0,0.07367536094251775
2616,2,2026-02-14,Night,0,0.06861124652909523
2617,3,2026-02-14,Morning,0,0.005177282987142151
2618,3,2026-02-14,Afternoon,1,-0.0025953130259309676
2619,3,2026-02-14,Night,1,-0.04085075290083151
2620,4,2026-02-14,Morning,0,0.030355555327341577
2621,4,2026-02-14,Afternoon,0,0.020754736871393065
2622,4,2026-02-14,Night,0,0.04314390185378236
2623,5,2026-02-14,Morning,0,0.10527731946386187
2624,5,2026-02-14,Afternoon,0,0.08902412321510172
2625,5,2026-02-14,Night,0,0.07457249505407099
2626,1,2026-02-15,Morning,0,0.10004819718979246
2627,1,2026-02-15,Afternoon,0,0.06876961606207044
2628,1,2026-02-15,Night,0,0.07629197167449558
2629,2,2026-02-15,Morning,0,0.06914629773192316
2630,2,2026-02-15,Afternoon,0,0.09101883770045782
2631,2,2026-02-15,Night,0,0.09423038945175516
2632,3,2026-02-15,Morning,1,-0.003224563255605495
2633,3,2026-02-15,Afternoon,0,0.0018921095769262042
2634,3,2026-02-15,Night,1,-0.008991532625711063
2635,4,2026-02-15,Morning,0,0.009115060537404407
2636,4,2026-02-15,Afternoon,0,0.030264750762865944
2637,4,2026-02-15,Night,0,0.047264247753332156
2638,5,2026-02-15,Morning,0,0.05975680413464002
2639,5,2026-02-15,Afternoon,0,0.08838476625505787
2640,5,2026-02-15,Night,0,0.06859719021524552
2641,1,2026-02-16,Morning,0,0.040418989767281754
2642,1,2026-02-16,Afternoon,0,0.059812012532037884
2643,1,2026-02-16,Night,0,0.06791340843794974
2644,2,2026-02-16,Morning,0,0.09754458365058338
2645,2,2026-02-16,Afternoon,0,0.08610347468770474
2646,2,2026-02-16,Night,0,0.09279078975052413
2647,3,2026-02-16,Morning,0,0.020137657683415577
2648,3,2026-02-16,Afternoon,0,0.03296732918548073
2649,3,2026-02-16,Night,1,-0.04173181559757766
2650,4,2026-02-16,Morning,0,0.07548129151768634
2651,4,2026-02-16,Afternoon,0,0.05400991697096358
2652,4,2026-02-16,Night,0,0.025643860298943277
2653,5,2026-02-16,Morning,0,0.06760223418302652
2654,5,2026-02-16,Afternoon,0,0.07939288014910245
2655,5,2026-02-16,Night,0,0.07617041615739478
2656,1,2026-02-17,Morning,0,0.08193645073056866
2657,1,2026-02-17,Afternoon,0,0.05910507108167534
2658,1,2026-02-17,Night,0,0.047840644954908695
2659,2,2026-02-17,Morning,0,0.07227470591252011
2660,2,2026-02-17,Afternoon,0,0.0804970115133552
2661,2,2026-02-17,Night,0,0.07676991129975536
2662,3,2026-02-17,Morning,0,0.005059994105626298
2663,3,2026-02-17,Afternoon,1,-0.015819845225004348
2664,3,2026-02-17,Night,1,-0.019525047819211494
2665,4,2026-02-17,Morning,0,0.05847942843378112
2666,4,2026-02-17,Afternoon,0,0.06266670036598937
2667,4,2026-02-17,Night,0,0.06725316414383148
2668,5,2026-02-17,Morning,0,0.08802604589927832
2669,5,2026-02-17,Afternoon,0,0.11008307075923274
2670,5,2026-02-17,Night,0,0.07436222116013907
2671,1,2026-02-18,Morning,0,0.07771456401496574
2672,1,2026-02-18,Afternoon,0,0.08944155532587605
2673,1,2026-02-18,Night,0,0.07489781192753603
2674,2,2026-02-18,Morning,0,0.05071481388253374
2675,2,2026-02-18,Afternoon,0,0.08693004902265267
2676,2,2026-02-18,Night,0,0.10545196812124125
2677,3,2026-02-18,Morning,1,-0.028611294895026673
2678,3,2026-02-18,Afternoon,0,0.016595106032196716
2679,3,2026-02-18,Night,0,0.035626268279930096
2680,4,2026-02-18,Morning,0,0.06012351184204828
2681,4,2026-02-18,Afternoon,0,0.06322487514506975
2682,4,2026-02-18,Night,0,0.08303403429777861
2683,5,2026-02-18,Morning,0,0.10180071845481559
2684,5,2026-02-18,Afternoon,0,0.09432947404385578
2685,5,2026-02-18,Night,0,0.09000376313570807
2686,1,2026-02-19,Morning,0,0.07534200759353721
2687,1,2026-02-19,Afternoon,0,0.09063322683348246
2688,1,2026-02-19,Night,0,0.10108860357601496
2689,2,2026-02-19,Morning,0,0.09212997938613826
2690,2,2026-02-19,Afternoon,0,0.07572441620972359
2691,2,2026-02-19,Night,0,0.08983866798897377
2692,3,2026-02-19,Morning,1,-0.006363721187886862
2693,3,2026-02-19,Afternoon,0,0.013842925913089
2694,3,2026-02-19,Night,1,-0.004215166685182181
2695,4,2026-02-19,Morning,0,0.08854220830883897
2696,4,2026-02-19,Afternoon,0,0.0889006074010138
2697,4,2026-02-19,Night,0,0.0962531597088877
2698,5,2026-02-19,Morning,0,0.09318875308636437
2699,5,2026-02-19,Afternoon,0,0.11459298978866339
2700,5,2026-02-19,Night,0,0.1047671926325765
2701,1,2026-02-20,Morning,0,0.06621352787669316
2702,1,2026-02-20,Afternoon,0,0.05988813925717201
2703,1,2026-02-20,Night,0,0.053663214238221735
2704,2,2026-02-20,Morning,0,0.09219583574144102
2705,2,2026-02-20,Afternoon,0,0.09375856160168489
2706,2,2026-02-20,Night,0,0.08587643156708569
2707,3,2026-02-20,Morning,0,0.012254515593312254
2708,3,2026-02-20,Afternoon,0,0.023168300155064325
2709,3,2026-02-20,Night,0,0.040192966849988965
2710,4,2026-02-20,Morning,0,0.04877849020034597
2711,4,2026-02-20,Afternoon,0,0.03659254122264466
2712,4,2026-02-20,Night,0,0.05166527572156776
2713,5,2026-02-20,Morning,0,0.08913455817830573
2714,5,2026-02-20,Afternoon,0,0.09089858341144119
2715,5,2026-02-20,Night,0,0.10094424244479278
2716,1,2026-02-21,Morning,0,0.0740232119578893
2717,1,2026-02-21,Afternoon,0,0.07197475362737565
2718,1,2026-02-21,Night,0,0.08008280301461723
2719,2,2026-02-21,Morning,0,0.06568489599075594
2720,2,2026-02-21,Afternoon,0,0.05995796935193898
2721,2,2026-02-21,Night,0,0.0863874554793056
2722,3,2026-02-21,Morning,0,0.003005109190984734
2723,3,2026-02-21,Afternoon,0,0.030664697773604588
2724,3,2026-02-21,Night,0,0.024364277290851
2725,4,2026-02-21,Morning,0,0.06595566779014606
2726,4,2026-02-21,Afternoon,0,0.0452544466353475
2727,4,2026-02-21,Night,0,0.04828269941507024
2728,5,2026-02-21,Morning,0,0.054601299226789135
2729,5,2026-02-21,Afternoon,0,0.08181280134041108
2730,5,2026-02-21,Night,0,0.0971340921249148
2731,1,2026-02-22,Morning,0,0.09861728838262113
2732,1,2026-02-22,Afternoon,0,0.10821160124982493
2733,1,2026-02-22,Night,0,0.07735630398054472
2734,2,2026-02-22,Morning,0,0.058681635171568325
2735,2,2026-02-22,Afternoon,0,0.057150816753800515
2736,2,2026-02-22,Night,0,0.0879656967520348
2737,3,2026-02-22,Morning,0,0.003965781181377692
2738,3,2026-02-22,Afternoon,1,-0.011359026131795846
2739,3,2026-02-22,Night,0,0.041850154120540606
2740,4,2026-02-22,Morning,0,0.0368756146930207
2741,4,2026-02-22,Afternoon,0,0.06507989274013642
2742,4,2026-02-22,Night,0,0.07835162167863258
2743,5,2026-02-22,Morning,0,0.09044279404499794
2744,5,2026-02-22,Afternoon,0,0.07994988736792641
2745,5,2026-02-22,Night,0,0.08630294074319073
2746,1,2026-02-23,Morning,0,0.04998794248391747
2747,1,2026-02-23,Afternoon,0,0.0829304491624549
2748,1,2026-02-23,Night,0,0.05000678667984393
2749,2,2026-02-23,Morning,0,0.08523313842247293
2750,2,2026-02-23,Afternoon,0,0.08584025603470202
2751,2,2026-02-23,Night,0,0.06563454628282456
2752,3,2026-02-23,Morning,1,-0.0014162646652478017
2753,3,2026-02-23,Afternoon,0,0.035903057060593824
2754,3,2026-02-23,Night,0,0.04911039417150409
2755,4,2026-02-23,Morning,0,0.06384964875478155
2756,4,2026-02-23,Afternoon,0,0.036469903730210085
2757,4,2026-02-23,Night,0,0.051670745207219815
2758,5,2026-02-23,Morning,0,0.06618624973586562
2759,5,2026-02-23,Afternoon,0,0.0662059741222828
2760,5,2026-02-23,Night,0,0.10363494041476468
2761,1,2026-02-24,Morning,0,0.04638047414893398
2762,1,2026-02-24,Afternoon,0,0.03778213632236682
2763,1,2026-02-24,Night,0,0.04629944158114618
2764,2,2026-02-24,Morning,0,0.06452784181672383
2765,2,2026-02-24,Afternoon,0,0.0658570671007011
2766,2,2026-02-24,Night,0,0.07839112202115861
2767,3,2026-02-24,Morning,0,0.031866774679493615
2768,3,2026-02-24,Afternoon,0,0.04332989651798269
2769,3,2026-02-24,Night,0,0.031160498753919574
2770,4,2026-02-24,Morning,0,0.07501599433102463
2771,4,2026-02-24,Afternoon,0,0.0522058729877215
2772,4,2026-02-24,Night,0,0.041689906240047425
2773,5,2026-02-24,Morning,0,0.07020978224232888
2774,5,2026-02-24,Afternoon,0,0.07416295860645317
2775,5,2026-02-24,Night,0,0.06790918007832258
2776,1,2026-02-25,Morning,0,0.0812173138712376
2777,1,2026-02-25,Afternoon,0,0.04135426028698874
2778,1,2026-02-25,Night,0,0.03927625155500436
2779,2,2026-02-25,Morning,0,0.0596005512644085
2780,2,2026-02-25,Afternoon,0,0.09253920312469749
2781,2,2026-02-25,Night,0,0.07783601929970407
2782,3,2026-02-25,Morning,0,0.004402379793435163
2783,3,2026-02-25,Afternoon,0,0.03460065772777432
2784,3,2026-02-25,Night,0,0.016642584560145335
2785,4,2026-02-25,Morning,0,0.08153028632556325
2786,4,2026-02-25,Afternoon,0,0.015962603293437017
2787,4,2026-02-25,Night,0,0.04723193750808763
2788,5,2026-02-25,Morning,0,0.08238589525315604
2789,5,2026-02-25,Afternoon,0,0.07156797386756353
2790,5,2026-02-25,Night,0,0.06909553975763977
2791,1,2026-02-26,Morning,0,0.009295398310588121
2792,1,2026-02-26,Afternoon,0,0.04934352022234756
2793,1,2026-02-26,Night,0,0.07067035126976978
2794,2,2026-02-26,Morning,0,0.0885622564510869
2795,2,2026-02-26,Afternoon,0,0.08285261395770577
2796,2,2026-02-26,Night,0,0.05755258792149942
2797,3,2026-02-26,Morning,1,-0.013716633482592888
2798,3,2026-02-26,Afternoon,0,0.014374800659820108
2799,3,2026-02-26,Night,0,0.038486713353503066
2800,4,2026-02-26,Morning,0,0.06051022951492252
2801,4,2026-02-26,Afternoon,0,0.05744325641435222
2802,4,2026-02-26,Night,0,0.051793089176293994
2803,5,2026-02-26,Morning,0,0.07650053956145852
2804,5,2026-02-26,Afternoon,0,0.08962416866905265
2805,5,2026-02-26,Night,0,0.08821351391783083
2806,1,2026-02-27,Morning,0,0.10120681135429593
2807,1,2026-02-27,Afternoon,0,0.10380842017853992
2808,1,2026-02-27,Night,0,0.08626383246572117
2809,2,2026-02-27,Morning,0,0.0419175999786513
2810,2,2026-02-27,Afternoon,0,0.05548299277246638
2811,2,2026-02-27,Night,0,0.04834702202980046
2812,3,2026-02-27,Morning,0,0.007092328326887998
2813,3,2026-02-27,Afternoon,0,0.048660655174144085
2814,3,2026-02-27,Night,0,0.020845183547094304
2815,4,2026-02-27,Morning,0,0.05989084005449391
2816,4,2026-02-27,Afternoon,0,0.05350026759265669
2817,4,2026-02-27,Night,0,0.04078557540451255
2818,5,2026-02-27,Morning,0,0.06287940781891094
2819,5,2026-02-27,Afternoon,0,0.07513349744718545
2820,5,2026-02-27,Night,0,0.08619595368671562
2821,1,2026-02-28,Morning,0,0.09183168351057619
2822,1,2026-02-28,Afternoon,0,0.04644434214174753
2823,1,2026-02-28,Night,0,0.047534174909169
2824,2,2026-02-28,Morning,0,0.0837124904548378
2825,2,2026-02-28,Afternoon,0,0.0728740959166958
2826,2,2026-02-28,Night,0,0.09316575630883289
2827,3,2026-02-28,Morning,0,0.0347108438719862
2828,3,2026-02-28,Afternoon,0,0.015107173681463304
2829,3,2026-02-28,Night,1,-0.005740975929625414
2830,4,2026-02-28,Morning,0,0.07580619843351932
2831,4,2026-02-28,Afternoon,0,0.06642142435572473
2832,4,2026-02-28,Night,0,0.04357938705418596
2833,5,2026-02-28,Morning,0,0.04599017889634993
2834,5,2026-02-28,Afternoon,0,0.02583528613051933
2835,5,2026-02-28,Night,0,0.07582890233209422
2836,1,2026-03-01,Morning,0,0.09618979525739724
2837,1,2026-03-01,Afternoon,0,0.060734023836916395
2838,1,2026-03-01,Night,0,0.052337493667995005
2839,2,2026-03-01,Morning,0,0.0736316863182222
2840,2,2026-03-01,Afternoon,0,0.0953152937563595
2841,2,2026-03-01,Night,0,0.07859752988343371
2842,3,2026-03-01,Morning,0,0.008287455355194817
2843,3,2026-03-01,Afternoon,0,0.020501019530998255
2844,3,2026-03-01,Night,1,-0.014903689820846222
2845,4,2026-03-01,Morning,0,0.01728000801609597
2846,4,2026-03-01,Afternoon,0,0.04369716369304699
2847,4,2026-03-01,Night,0,0.04226180562635118
2848,5,2026-03-01,Morning,0,0.07307150368788862
2849,5,2026-03-01,Afternoon,0,0.06780542771143849
2850,5,2026-03-01,Night,0,0.07556736821985371
2851,1,2026-03-02,Morning,0,0.0628659094784858
2852,1,2026-03-02,Afternoon,0,0.06774351486096208
2853,1,2026-03-02,Night,0,0.06263314409978532
2854,2,2026-03-02,Morning,0,0.0471457869825288
2855,2,2026-03-02,Afternoon,0,0.07247636396964557
2856,2,2026-03-02,Night,0,0.06427447070510262
2857,3,2026-03-02,Morning,0,0.009908672985996736
2858,3,2026-03-02,Afternoon,0,0.016412974884223885
2859,3,2026-03-02,Night,0,0.054029789987659727
2860,4,2026-03-02,Morning,0,0.020029483621131328
2861,4,2026-03-02,Afternoon,0,0.05345561907528229
2862,4,2026-03-02,Night,0,0.053967926608648686
2863,5,2026-03-02,Morning,0,0.08629768422601336
2864,5,2026-03-02,Afternoon,0,0.07847456574028489
2865,5,2026-03-02,Night,0,0.0907941429942844
2866,1,2026-03-03,Morning,0,0.07465185328931423
2867,1,2026-03-03,Afternoon,0,0.06437566853193194
2868,1,2026-03-03,Night,0,0.0736317225204477
2869,2,2026-03-03,Morning,0,0.05483614019329963
2870,2,2026-03-03,Afternoon,0,0.04133817711518206
2871,2,2026-03-03,Night,0,0.07465398327880285
2872,3,2026-03-03,Morning,0,0.03355774528806044
2873,3,2026-03-03,Afternoon,0,0.020935661275691242
2874,3,2026-03-03,Night,0,0.026350751795592875
2875,4,2026-03-03,Morning,0,0.022126142025138962
2876,4,2026-03-03,Afternoon,1,-0.0038773003619340107
2877,4,2026-03-03,Night,0,0.04550293278368833
2878,5,2026-03-03,Morning,0,0.0729925621048172
2879,5,2026-03-03,Afternoon,0,0.06396225615143758
2880,5,2026-03-03,Night,0,0.06686678177207278
2881,1,2026-03-04,Morning,0,0.07351057219585577
2882,1,2026-03-04,Afternoon,0,0.05994699504286688
2883,1,2026-03-04,Night,0,0.06171643333697929
2884,2,2026-03-04,Morning,0,0.07034903184282992
2885,2,2026-03-04,Afternoon,0,0.07319838987363314
2886,2,2026-03-04,Night,0,0.07936161532590685
2887,3,2026-03-04,Morning,1,-0.00900926488964926
2888,3,2026-03-04,Afternoon,0,0.024296949312373806
2889,3,2026-03-04,Night,0,0.001672514536533276
2890,4,2026-03-04,Morning,0,0.035443926448998964
2891,4,2026-03-04,Afternoon,0,0.014690501398031297
2892,4,2026-03-04,Night,0,0.04739233408581511
2893,5,2026-03-04,Morning,0,0.07781153364275778
2894,5,2026-03-04,Afternoon,0,0.06343678722245338
2895,5,2026-03-04,Night,0,0.0829496890556583
2896,1,2026-03-05,Morning,0,0.07354914374736865
2897,1,2026-03-05,Afternoon,0,0.07770474594138799
2898,1,2026-03-05,Night,0,0.07499300786016805
2899,2,2026-03-05,Morning,0,0.09272903719808684
2900,2,2026-03-05,Afternoon,0,0.1032797972139175
2901,2,2026-03-05,Night,0,0.09312778396807464
2902,3,2026-03-05,Morning,0,0.008385036474325425
2903,3,2026-03-05,Afternoon,0,0.04580893370470418
2904,3,2026-03-05,Night,0,0.025586868545200758
2905,4,2026-03-05,Morning,0,0.0661381296647845
2906,4,2026-03-05,Afternoon,0,0.06018949932321627
2907,4,2026-03-05,Night,0,0.07608548140210541
2908,5,2026-03-05,Morning,0,0.060923285023361584
2909,5,2026-03-05,Afternoon,0,0.09866731964822528
2910,5,2026-03-05,Night,0,0.08999013114147358
2911,1,2026-03-06,Morning,0,0.07877391105533932
2912,1,2026-03-06,Afternoon,0,0.05351292593439283
2913,1,2026-03-06,Night,0,0.07529545593409903
2914,2,2026-03-06,Morning,0,0.10673559324589377
2915,2,2026-03-06,Afternoon,0,0.1093904647787528
2916,2,2026-03-06,Night,0,0.11025278508377884
2917,3,2026-03-06,Morning,0,0.04827523915525633
2918,3,2026-03-06,Afternoon,0,0.04490721445325918
2919,3,2026-03-06,Night,0,0.06530194435874676
2920,4,2026-03-06,Morning,0,0.05823530778415853
2921,4,2026-03-06,Afternoon,0,0.04175354575631052
2922,4,2026-03-06,Night,0,0.04149434860824741
2923,5,2026-03-06,Morning,0,0.0647756687716905
2924,5,2026-03-06,Afternoon,0,0.08768043045587354
2925,5,2026-03-06,Night,0,0.07567432953302339
2926,1,2026-03-07,Morning,0,0.05733133747482988
2927,1,2026-03-07,Afternoon,0,0.04065975882540285
2928,1,2026-03-07,Night,0,0.07665901638767586
2929,2,2026-03-07,Morning,0,0.08898818388639035
2930,2,2026-03-07,Afternoon,0,0.055324740363306146
2931,2,2026-03-07,Night,0,0.044836705124908005
2932,3,2026-03-07,Morning,0,0.02794976500387414
2933,3,2026-03-07,Afternoon,0,0.042284627252656914
2934,3,2026-03-07,Night,0,0.040068278266498725
2935,4,2026-03-07,Morning,0,0.042113166090996246
2936,4,2026-03-07,Afternoon,0,0.035812826479973636
2937,4,2026-03-07,Night,0,0.04010244292951004
2938,5,2026-03-07,Morning,0,0.0814854079838252
2939,5,2026-03-07,Afternoon,0,0.10532011490987675
2940,5,2026-03-07,Night,0,0.10076388394754932
2941,1,2026-03-08,Morning,0,0.08530196208099838
2942,1,2026-03-08,Afternoon,0,0.07839645127982953
2943,1,2026-03-08,Night,0,0.06164356132253762
2944,2,2026-03-08,Morning,0,0.07629004238845488
2945,2,2026-03-08,Afternoon,0,0.053135825758547695
2946,2,2026-03-08,Night,0,0.08120287243679358
2947,3,2026-03-08,Morning,0,0.027081195806840874
2948,3,2026-03-08,Afternoon,0,0.05570797568115393
2949,3,2026-03-08,Night,0,0.03292344296658012
2950,4,2026-03-08,Morning,0,0.06352856291448761
2951,4,2026-03-08,Afternoon,0,0.05392687129359586
2952,4,2026-03-08,Night,0,0.025884716530815144
2953,5,2026-03-08,Morning,0,0.10588940322622337
2954,5,2026-03-08,Afternoon,0,0.09429215124313917
2955,5,2026-03-08,Night,0,0.07568185044481252
2956,1,2026-03-09,Morning,0,0.0871979167175091
2957,1,2026-03-09,Afternoon,0,0.08895740846423139
2958,1,2026-03-09,Night,0,0.0429939131278978
2959,2,2026-03-09,Morning,0,0.043896541711425874
2960,2,2026-03-09,Afternoon,0,0.06827548088911256
2961,2,2026-03-09,Night,0,0.09219965135397573
2962,3,2026-03-09,Morning,0,0.0020374290372171533
2963,3,2026-03-09,Afternoon,0,0.03876305032673988
2964,3,2026-03-09,Night,1,-0.02002038341555712
2965,4,2026-03-09,Morning,0,0.05523760916514042
2966,4,2026-03-09,Afternoon,0,0.050508263581339974
2967,4,2026-03-09,Night,0,0.04681349539778812
2968,5,2026-03-09,Morning,0,0.09225973783501445
2969,5,2026-03-09,Afternoon,0,0.08252880789433642
2970,5,2026-03-09,Night,0,0.05168132118414093
2971,1,2026-03-10,Morning,0,0.10204320683327517
2972,1,2026-03-10,Afternoon,0,0.1051198773066161
2973,1,2026-03-10,Night,0,0.09113225177815631
2974,2,2026-03-10,Morning,0,0.06082186577985088
2975,2,2026-03-10,Afternoon,0,0.07868814015452319
2976,2,2026-03-10,Night,0,0.06157790803472085
2977,3,2026-03-10,Morning,0,0.04204715735758702
2978,3,2026-03-10,Afternoon,0,0.05118682008060893
2979,3,2026-03-10,Night,0,0.03052854764946622
2980,4,2026-03-10,Morning,0,0.016703683246351297
2981,4,2026-03-10,Afternoon,0,0.037952695541432324
2982,4,2026-03-10,Night,0,0.05163859339152044
2983,5,2026-03-10,Morning,0,0.07512079527467141
2984,5,2026-03-10,Afternoon,0,0.0893059719971338
2985,5,2026-03-10,Night,0,0.08987638361240519
2986,1,2026-03-11,Morning,0,0.07484085950971991
2987,1,2026-03-11,Afternoon,0,0.06949027555574006
2988,1,2026-03-11,Night,0,0.086304410713898
2989,2,2026-03-11,Morning,0,0.07644823447411014
2990,2,2026-03-11,Afternoon,0,0.0981428164661956
2991,2,2026-03-11,Night,0,0.07740459379505293
2992,3,2026-03-11,Morning,0,0.007520780481994449
2993,3,2026-03-11,Afternoon,0,0.02266431705472116
2994,3,2026-03-11,Night,0,0.005933780800061239
2995,4,2026-03-11,Morning,0,0.07340697240542093
2996,4,2026-03-11,Afternoon,0,0.05327232892247913
2997,4,2026-03-11,Night,0,0.049786977312641145
2998,5,2026-03-11,Morning,0,0.06747249255072157
2999,5,2026-03-11,Afternoon,0,0.06123446345002875
3000,5,2026-03-11,Night,0,0.08646865796963554
3001,1,2026-03-12,Morning,0,0.05210462020652662
3002,1,2026-03-12,Afternoon,0,0.04547570439755244
3003,1,2026-03-12,Night,0,0.07572837505085955
3004,2,2026-03-12,Morning,0,0.07531381943819337
3005,2,2026-03-12,Afternoon,0,0.07644879841757779
3006,2,2026-03-12,Night,0,0.0781636224148975
3007,3,2026-03-12,Morning,0,0.03167337448475738
3008,3,2026-03-12,Afternoon,0,0.03931304437183403
3009,3,2026-03-12,Night,0,0.04922833147383865
3010,4,2026-03-12,Morning,0,0.026891483623308954
3011,4,2026-03-12,Afternoon,1,-0.0031427869916863527
3012,4,2026-03-12,Night,0,0.050324127544411845
3013,5,2026-03-12,Morning,0,0.08547917104862024
3014,5,2026-03-12,Afternoon,0,0.09157668941139191
3015,5,2026-03-12,Night,0,0.09868081921705152
3016,1,2026-03-13,Morning,0,0.05052415466366844
3017,1,2026-03-13,Afternoon,0,0.06884882199310188
3018,1,2026-03-13,Night,0,0.07992139698843098
3019,2,2026-03-13,Morning,0,0.04045808657194583
3020,2,2026-03-13,Afternoon,0,0.0232908358672983
3021,2,2026-03-13,Night,0,0.06985562567064896
3022,3,2026-03-13,Morning,0,0.02266906083455078
3023,3,2026-03-13,Afternoon,1,-0.020306082648217316
3024,3,2026-03-13,Night,0,0.03280542665456143
3025,4,2026-03-13,Morning,0,0.05677266803662229
3026,4,2026-03-13,Afternoon,0,0.06270729423582666
3027,4,2026-03-13,Night,0,0.060412733676217134
3028,5,2026-03-13,Morning,0,0.07692272012536139
3029,5,2026-03-13,Afternoon,0,0.06740019433687111
3030,5,2026-03-13,Night,0,0.06386596053971344
3031,1,2026-03-14,Morning,0,0.11112059731695545
3032,1,2026-03-14,Afternoon,0,0.0872998607617555
3033,1,2026-03-14,Night,0,0.07513402643204503
3034,2,2026-03-14,Morning,0,0.08218359168278244
3035,2,2026-03-14,Afternoon,0,0.05802719212351637
3036,2,2026-03-14,Night,0,0.07974980370485446
3037,3,2026-03-14,Morning,0,0.010295243835985901
3038,3,2026-03-14,Afternoon,0,0.0401139041096471
3039,3,2026-03-14,Night,0,0.03701182563812455
3040,4,2026-03-14,Morning,0,0.05486434802194062
3041,4,2026-03-14,Afternoon,0,0.04704409670143428
3042,4,2026-03-14,Night,0,0.0035383019847523567
3043,5,2026-03-14,Morning,0,0.0670096853511607
3044,5,2026-03-14,Afternoon,0,0.0886914535530372
3045,5,2026-03-14,Night,0,0.09517537856195063
3046,1,2026-03-15,Morning,0,0.07605369058694811
3047,1,2026-03-15,Afternoon,0,0.022469582694860102
3048,1,2026-03-15,Night,0,0.02858254647876035
3049,2,2026-03-15,Morning,0,0.08274782213557436
3050,2,2026-03-15,Afternoon,0,0.08129955950746104
3051,2,2026-03-15,Night,0,0.08845359095098432
3052,3,2026-03-15,Morning,1,-0.011273200660326554
3053,3,2026-03-15,Afternoon,0,0.03331448766860634
3054,3,2026-03-15,Night,0,0.03890082041381038
3055,4,2026-03-15,Morning,0,0.04786856318021515
3056,4,2026-03-15,Afternoon,0,0.04577837616498415
3057,4,2026-03-15,Night,0,0.03598999974675399
3058,5,2026-03-15,Morning,0,0.06642423534602515
3059,5,2026-03-15,Afternoon,0,0.08701665179794932
3060,5,2026-03-15,Night,0,0.09962294696640273
3061,1,2026-03-16,Morning,0,0.04571943312968518
3062,1,2026-03-16,Afternoon,0,0.04783738864239484
3063,1,2026-03-16,Night,0,0.07035355951058486
3064,2,2026-03-16,Morning,0,0.06831470803421519
3065,2,2026-03-16,Afternoon,0,0.06319355813795607
3066,2,2026-03-16,Night,0,0.07493496429016289
3067,3,2026-03-16,Morning,0,0.04741366209092224
3068,3,2026-03-16,Afternoon,0,0.03542082395568602
3069,3,2026-03-16,Night,1,-0.0031293661317183252
3070,4,2026-03-16,Morning,0,0.030669569422655862
3071,4,2026-03-16,Afternoon,0,0.023279081463417062
3072,4,2026-03-16,Night,0,0.05249938700064505
3073,5,2026-03-16,Morning,0,0.08403625233128004
3074,5,2026-03-16,Afternoon,0,0.0741108079747187
3075,5,2026-03-16,Night,0,0.10797437492505879
3076,1,2026-03-17,Morning,0,0.06477289683130122
3077,1,2026-03-17,Afternoon,0,0.09078407620858092
3078,1,2026-03-17,Night,0,0.05869229818316646
3079,2,2026-03-17,Morning,0,0.08938159221809777
3080,2,2026-03-17,Afternoon,0,0.03224959860080234
3081,2,2026-03-17,Night,0,0.07076560639725599
3082,3,2026-03-17,Morning,0,0.019685331267117356
3083,3,2026-03-17,Afternoon,1,-0.04645255329427056
3084,3,2026-03-17,Night,0,0.020836544027770465
3085,4,2026-03-17,Morning,0,0.05237836226133896
3086,4,2026-03-17,Afternoon,0,0.0645844036410379
3087,4,2026-03-17,Night,0,0.06618338032801374
3088,5,2026-03-17,Morning,0,0.08917451754198813
3089,5,2026-03-17,Afternoon,0,0.08827059828521233
3090,5,2026-03-17,Night,0,0.08307185303750303
3091,1,2026-03-18,Morning,0,0.07713406469679163
3092,1,2026-03-18,Afternoon,0,0.09442942193492299
3093,1,2026-03-18,Night,0,0.07173144963338574
3094,2,2026-03-18,Morning,0,0.10082713068247462
3095,2,2026-03-18,Afternoon,0,0.06912275066818185
3096,2,2026-03-18,Night,0,0.06633625023691192
3097,3,2026-03-18,Morning,0,0.04758547699441762
3098,3,2026-03-18,Afternoon,0,0.02120778323886241
3099,3,2026-03-18,Night,0,0.06570595660473427
3100,4,2026-03-18,Morning,0,0.058866653123730184
3101,4,2026-03-18,Afternoon,0,0.062234001165155595
3102,4,2026-03-18,Night,0,0.06999204950003646
3103,5,2026-03-18,Morning,0,0.05217661357018766
3104,5,2026-03-18,Afternoon,0,0.07213387337832255
3105,5,2026-03-18,Night,0,0.07545924162433187
3106,1,2026-03-19,Morning,0,0.053570151179247016
3107,1,2026-03-19,Afternoon,0,0.043915234019023974
3108,1,2026-03-19,Night,0,0.03267435473550939
3109,2,2026-03-19,Morning,0,0.024471396302930937
3110,2,2026-03-19,Afternoon,0,0.07991728778880341
3111,2,2026-03-19,Night,0,0.07173528209286811
3112,3,2026-03-19,Morning,0,0.032075601198226056
3113,3,2026-03-19,Afternoon,0,0.0062204198428595925
3114,3,2026-03-19,Night,0,0.053146147642767816
3115,4,2026-03-19,Morning,0,0.04448308453051508
3116,4,2026-03-19,Afternoon,0,0.06865237464694585
3117,4,2026-03-19,Night,0,0.037548996247378175
3118,5,2026-03-19,Morning,0,0.08331460407971886
3119,5,2026-03-19,Afternoon,0,0.0918521904732631
3120,5,2026-03-19,Night,0,0.08863739828275458
3121,1,2026-03-20,Morning,0,0.0755171048891598
3122,1,2026-03-20,Afternoon,0,0.09703889554941292
3123,1,2026-03-20,Night,0,0.07702599987688047
3124,2,2026-03-20,Morning,0,0.07211637861932513
3125,2,2026-03-20,Afternoon,0,0.05786825761326442
3126,2,2026-03-20,Night,0,0.04785729045677045
3127,3,2026-03-20,Morning,0,0.03109790463210227
3128,3,2026-03-20,Afternoon,1,-0.01705955299626083
3129,3,2026-03-20,Night,1,-0.00600822580253535
3130,4,2026-03-20,Morning,0,0.08829161431795984
3131,4,2026-03-20,Afternoon,0,0.06872542180542884
3132,4,2026-03-20,Night,0,0.024329647292779533
3133,5,2026-03-20,Morning,0,0.09506915730557047
3134,5,2026-03-20,Afternoon,0,0.08961262898197747
3135,5,2026-03-20,Night,0,0.07804590125704686
3136,1,2026-03-21,Morning,0,0.07145058092774137
3137,1,2026-03-21,Afternoon,0,0.08498375736768798
3138,1,2026-03-21,Night,0,0.08155094044770284
3139,2,2026-03-21,Morning,0,0.03982148280398712
3140,2,2026-03-21,Afternoon,0,0.050989512984123464
3141,2,2026-03-21,Night,0,0.07881109508412937
3142,3,2026-03-21,Morning,1,-0.004278820067348588
3143,3,2026-03-21,Afternoon,0,0.00502381225121773
3144,3,2026-03-21,Night,0,0.013239257131581472
3145,4,2026-03-21,Morning,0,0.047638789073015664
3146,4,2026-03-21,Afternoon,0,0.05302810762474808
3147,4,2026-03-21,Night,0,0.03627116852947676
3148,5,2026-03-21,Morning,0,0.07875463810813227
3149,5,2026-03-21,Afternoon,0,0.08111447469162775
3150,5,2026-03-21,Night,0,0.0985412341584444
3151,1,2026-03-22,Morning,0,0.05978578181091704
3152,1,2026-03-22,Afternoon,0,0.0935007922824313
3153,1,2026-03-22,Night,0,0.06489603179495212
3154,2,2026-03-22,Morning,0,0.08293773339458049
3155,2,2026-03-22,Afternoon,0,0.07320629737240919
3156,2,2026-03-22,Night,0,0.08788049016406047
3157,3,2026-03-22,Morning,0,0.03945819884995283
3158,3,2026-03-22,Afternoon,0,0.0006375613086686549
3159,3,2026-03-22,Night,1,-0.008296904071567135
3160,4,2026-03-22,Morning,0,0.06677990305312059
3161,4,2026-03-22,Afternoon,0,0.07443417529402929
3162,4,2026-03-22,Night,0,0.04335520632251777
3163,5,2026-03-22,Morning,0,0.10826194405944534
3164,5,2026-03-22,Afternoon,0,0.0692220245751376
3165,5,2026-03-22,Night,0,0.0806836635467138
3166,1,2026-03-23,Morning,0,0.05335444499804631
3167,1,2026-03-23,Afternoon,0,0.06213726444179157
3168,1,2026-03-23,Night,0,0.08032210331199546
3169,2,2026-03-23,Morning,0,0.08255006986872893
3170,2,2026-03-23,Afternoon,0,0.06004988493878588
3171,2,2026-03-23,Night,0,0.05529573432641588
3172,3,2026-03-23,Morning,0,0.010553708544049467
3173,3,2026-03-23,Afternoon,0,0.06060237645793198
3174,3,2026-03-23,Night,0,0.04699846745287628
3175,4,2026-03-23,Morning,0,0.0666965224731269
3176,4,2026-03-23,Afternoon,0,0.03845912758261516
3177,4,2026-03-23,Night,0,0.030593426413077385
3178,5,2026-03-23,Morning,0,0.08514276689846584
3179,5,2026-03-23,Afternoon,0,0.08893410354670667
3180,5,2026-03-23,Night,0,0.04808473200586383
3181,1,2026-03-24,Morning,0,0.05035950647624898
3182,1,2026-03-24,Afternoon,0,0.021258483167817088
3183,1,2026-03-24,Night,0,0.06488420685194896
3184,2,2026-03-24,Morning,0,0.07250783481246548
3185,2,2026-03-24,Afternoon,0,0.061836426759612095
3186,2,2026-03-24,Night,0,0.0734185981911768
3187,3,2026-03-24,Morning,0,0.052675429252810324
3188,3,2026-03-24,Afternoon,0,0.06677290969975158
3189,3,2026-03-24,Night,0,0.053424605417848214
3190,4,2026-03-24,Morning,0,0.0545885265444247
3191,4,2026-03-24,Afternoon,0,0.05382609467775634
3192,4,2026-03-24,Night,0,0.035896399757327835
3193,5,2026-03-24,Morning,0,0.10267482097130665
3194,5,2026-03-24,Afternoon,0,0.08671350472631822
3195,5,2026-03-24,Night,0,0.0754575622323086
3196,1,2026-03-25,Morning,0,0.07547169390847719
3197,1,2026-03-25,Afternoon,0,0.07668938740841053
3198,1,2026-03-25,Night,0,0.0616319431300702
3199,2,2026-03-25,Morning,0,0.07183495200615636
3200,2,2026-03-25,Afternoon,0,0.0901379061146752
3201,2,2026-03-25,Night,0,0.08361880359189505
3202,3,2026-03-25,Morning,0,0.003024588284782026
3203,3,2026-03-25,Afternoon,0,0.03454616880568184
3204,3,2026-03-25,Night,0,0.005904618203083745
3205,4,2026-03-25,Morning,0,0.03426826892589396
3206,4,2026-03-25,Afternoon,0,0.03892383701060498
3207,4,2026-03-25,Night,0,0.014680068233838939
3208,5,2026-03-25,Morning,0,0.06859976835339066
3209,5,2026-03-25,Afternoon,0,0.07968060139005845
3210,5,2026-03-25,Night,0,0.08831423705935826
3211,1,2026-03-26,Morning,0,0.053775533737329795
3212,1,2026-03-26,Afternoon,0,0.06325272224173228
3213,1,2026-03-26,Night,0,0.020300728168745508
3214,2,2026-03-26,Morning,0,0.08001472254311015
3215,2,2026-03-26,Afternoon,0,0.11902883195144576
3216,2,2026-03-26,Night,0,0.09882600072541475
3217,3,2026-03-26,Morning,0,0.025556892968765066
3218,3,2026-03-26,Afternoon,1,-0.008293140527907306
3219,3,2026-03-26,Night,1,-0.021324905036501307
3220,4,2026-03-26,Morning,0,0.056410790197017446
3221,4,2026-03-26,Afternoon,0,0.034320759838214254
3222,4,2026-03-26,Night,0,0.07541116808428239
3223,5,2026-03-26,Morning,0,0.10380939377639381
3224,5,2026-03-26,Afternoon,0,0.1021020881470161
3225,5,2026-03-26,Night,0,0.08179197834349988
3226,1,2026-03-27,Morning,0,0.05487247932534045
3227,1,2026-03-27,Afternoon,0,0.02976142230282619
3228,1,2026-03-27,Night,0,0.06088038063258311
3229,2,2026-03-27,Morning,0,0.09823220462163823
3230,2,2026-03-27,Afternoon,0,0.0974335407171133
3231,2,2026-03-27,Night,0,0.09401377406720746
3232,3,2026-03-27,Morning,0,0.0014243558363111752
3233,3,2026-03-27,Afternoon,0,0.019281321019220088
3234,3,2026-03-27,Night,1,-0.025989957006092856
3235,4,2026-03-27,Morning,0,0.06902298219130432
3236,4,2026-03-27,Afternoon,0,0.080505927548993
3237,4,2026-03-27,Night,0,0.07264263726919934
3238,5,2026-03-27,Morning,0,0.06942359339080156
3239,5,2026-03-27,Afternoon,0,0.09050027649256842
3240,5,2026-03-27,Night,0,0.08429545797854088
3241,1,2026-03-28,Morning,0,0.08270110454894686
3242,1,2026-03-28,Afternoon,0,0.09133795434231806
3243,1,2026-03-28,Night,0,0.07694954068559495
3244,2,2026-03-28,Morning,0,0.08604813373855347
3245,2,2026-03-28,Afternoon,0,0.07286021681694477
3246,2,2026-03-28,Night,0,0.10367491363207271
3247,3,2026-03-28,Morning,0,0.05262624913814207
3248,3,2026-03-28,Afternoon,0,0.05192632247986784
3249,3,2026-03-28,Night,0,0.03754312307901175
3250,4,2026-03-28,Morning,0,0.03246314988803678
3251,4,2026-03-28,Afternoon,0,0.06790476543504093
3252,4,2026-03-28,Night,0,0.03291624998758369
3253,5,2026-03-28,Morning,0,0.05669223366673343
3254,5,2026-03-28,Afternoon,0,0.09061768886731192
3255,5,2026-03-28,Night,0,0.0849238600088662
3256,1,2026-03-29,Morning,0,0.03889470785916249
3257,1,2026-03-29,Afternoon,0,0.0546716427225602
3258,1,2026-03-29,Night,0,0.05583827350907322
3259,2,2026-03-29,Morning,0,0.10984495837146546
3260,2,2026-03-29,Afternoon,0,0.07419601241402907
3261,2,2026-03-29,Night,0,0.08574938763117845
3262,3,2026-03-29,Morning,0,0.03510256039496673
3263,3,2026-03-29,Afternoon,0,0.01029451096974665
3264,3,2026-03-29,Night,0,0.004678869778547923
3265,4,2026-03-29,Morning,0,0.029196369855917004
3266,4,2026-03-29,Afternoon,0,0.06543006507677096
3267,4,2026-03-29,Night,0,0.042885117056207234
3268,5,2026-03-29,Morning,0,0.06809341981227574
3269,5,2026-03-29,Afternoon,0,0.0648236818747146
3270,5,2026-03-29,Night,0,0.04858600014552972
3271,1,2026-03-30,Morning,0,0.06414227419910812
3272,1,2026-03-30,Afternoon,0,0.10083653296430539
3273,1,2026-03-30,Night,0,0.06252758097996958
3274,2,2026-03-30,Morning,0,0.07932157646581045
3275,2,2026-03-30,Afternoon,0,0.07059673239549441
3276,2,2026-03-30,Night,0,0.06505856747441086
3277,3,2026-03-30,Morning,0,0.019009731250042572
3278,3,2026-03-30,Afternoon,0,0.0025368558678606767
3279,3,2026-03-30,Night,0,0.01804088946259641
3280,4,2026-03-30,Morning,0,0.05156209603649442
3281,4,2026-03-30,Afternoon,0,0.05204285353801896
3282,4,2026-03-30,Night,0,0.05284175739680741
3283,5,2026-03-30,Morning,0,0.038106925615969844
3284,5,2026-03-30,Afternoon,0,0.030426120143984936
3285,5,2026-03-30,Night,0,0.059442665456176214
3286,1,2026-03-31,Morning,0,0.08384598430835138
3287,1,2026-03-31,Afternoon,0,0.06343960180271796
3288,1,2026-03-31,Night,0,0.049879288039139213
3289,2,2026-03-31,Morning,0,0.07626849386852869
3290,2,2026-03-31,Afternoon,0,0.08257019621831657
3291,2,2026-03-31,Night,0,0.05748126079971605
3292,3,2026-03-31,Morning,1,-0.016682654321525825
3293,3,2026-03-31,Afternoon,1,-0.03108416980501094
3294,3,2026-03-31,Night,1,-0.02767521598283218
3295,4,2026-03-31,Morning,0,0.0299574585232687
3296,4,2026-03-31,Afternoon,0,0.06404190325616366
3297,4,2026-03-31,Night,0,0.03184230183746384
3298,5,2026-03-31,Morning,0,0.06262009007242297
3299,5,2026-03-31,Afternoon,0,0.10258471904931454
3300,5,2026-03-31,Night,0,0.09244566232699353
3301,1,2026-04-01,Morning,0,0.03871609217080718
3302,1,2026-04-01,Afternoon,0,0.07237954074479463
3303,1,2026-04-01,Night,0,0.10036127364704106
3304,2,2026-04-01,Morning,0,0.07885134397121218
3305,2,2026-04-01,Afternoon,0,0.03890297393333064
3306,2,2026-04-01,Night,0,0.05470221211560555
3307,3,2026-04-01,Morning,0,0.026855766683760884
3308,3,2026-04-01,Afternoon,0,0.03988686527565388
3309,3,2026-04-01,Night,1,-0.00970569439268798
3310,4,2026-04-01,Morning,0,0.05151552849219987
3311,4,2026-04-01,Afternoon,0,0.059702835511231844
3312,4,2026-04-01,Night,0,0.05434205566644701
3313,5,2026-04-01,Morning,0,0.06903223276036846
3314,5,2026-04-01,Afternoon,0,0.10166463812076837
3315,5,2026-04-01,Night,0,0.10948563473969614
3316,1,2026-04-02,Morning,0,0.10036715778846284
3317,1,2026-04-02,Afternoon,0,0.08928142630708291
3318,1,2026-04-02,Night,0,0.07491116738464043
3319,2,2026-04-02,Morning,0,0.06977054713246494
3320,2,2026-04-02,Afternoon,0,0.03541035739525944
3321,2,2026-04-02,Night,0,0.043659538871856585
3322,3,2026-04-02,Morning,1,-0.0013480745702091346
3323,3,2026-04-02,Afternoon,1,-0.029611287566594924
3324,3,2026-04-02,Night,0,0.004120535084663035
3325,4,2026-04-02,Morning,0,0.06254961824791111
3326,4,2026-04-02,Afternoon,0,0.04330802572827863
3327,4,2026-04-02,Night,0,0.040317570748683584
3328,5,2026-04-02,Morning,0,0.09214702141994269
3329,5,2026-04-02,Afternoon,0,0.08333251682972698
3330,5,2026-04-02,Night,0,0.08169685172757313
3331,1,2026-04-03,Morning,0,0.09192194042030127
3332,1,2026-04-03,Afternoon,0,0.08261314847524592
3333,1,2026-04-03,Night,0,0.07437590906560898
3334,2,2026-04-03,Morning,0,0.06064046255051475
3335,2,2026-04-03,Afternoon,0,0.05868329828243196
3336,2,2026-04-03,Night,0,0.0873250570674145
3337,3,2026-04-03,Morning,0,0.07336523462616712
3338,3,2026-04-03,Afternoon,0,0.03995718149082028
3339,3,2026-04-03,Night,0,0.06312376425559318
3340,4,2026-04-03,Morning,1,-0.0020125277127859276
3341,4,2026-04-03,Afternoon,0,0.031487124753197926
3342,4,2026-04-03,Night,0,0.06711930017270767
3343,5,2026-04-03,Morning,0,0.06771123342044072
3344,5,2026-04-03,Afternoon,0,0.06432498533436459
3345,5,2026-04-03,Night,0,0.07051724831176898
3346,1,2026-04-04,Morning,0,0.08779717151048744
3347,1,2026-04-04,Afternoon,0,0.08634721797019401
3348,1,2026-04-04,Night,0,0.06995204474415972
3349,2,2026-04-04,Morning,0,0.05907897862963363
3350,2,2026-04-04,Afternoon,0,0.08018017197209015
3351,2,2026-04-04,Night,0,0.07016776663038965
3352,3,2026-04-04,Morning,0,0.018254741806004615
3353,3,2026-04-04,Afternoon,0,0.035796935209842395
3354,3,2026-04-04,Night,0,0.027615996793685982
3355,4,2026-04-04,Morning,0,0.05306742322546798
3356,4,2026-04-04,Afternoon,0,0.08511990421325233
3357,4,2026-04-04,Night,0,0.07007811851476081
3358,5,2026-04-04,Morning,0,0.06211110966014849
3359,5,2026-04-04,Afternoon,0,0.055142331961464786
3360,5,2026-04-04,Night,0,0.0994471007297133
3361,1,2026-04-05,Morning,0,0.06607830552082788
3362,1,2026-04-05,Afternoon,0,0.07835357619607403
3363,1,2026-04-05,Night,0,0.08886168300425096
3364,2,2026-04-05,Morning,0,0.06485295113858203
3365,2,2026-04-05,Afternoon,0,0.062124508762755215
3366,2,2026-04-05,Night,0,0.08070568513837417
3367,3,2026-04-05,Morning,0,0.02055174206750421
3368,3,2026-04-05,Afternoon,0,0.03217222129089359
3369,3,2026-04-05,Night,1,-0.0110637124066012
3370,4,2026-04-05,Morning,0,0.014409501693385507
3371,4,2026-04-05,Afternoon,0,0.03932573220297675
3372,4,2026-04-05,Night,0,0.03962355610541679
3373,5,2026-04-05,Morning,0,0.07274327631656757
3374,5,2026-04-05,Afternoon,0,0.06271382535736919
3375,5,2026-04-05,Night,0,0.05385123936917935
3376,1,2026-04-06,Morning,0,0.10372659105489812
3377,1,2026-04-06,Afternoon,0,0.06925217421872698
3378,1,2026-04-06,Night,0,0.08147595442817201
3379,2,2026-04-06,Morning,0,0.08580555182925387
3380,2,2026-04-06,Afternoon,0,0.06842167823587691
3381,2,2026-04-06,Night,0,0.056446235498082475
3382,3,2026-04-06,Morning,0,0.019118896995462875
3383,3,2026-04-06,Afternoon,0,0.01838838608925053
3384,3,2026-04-06,Night,0,0.03143621741832603
3385,4,2026-04-06,Morning,0,0.058720646468933546
3386,4,2026-04-06,Afternoon,0,0.027768084641342172
3387,4,2026-04-06,Night,0,0.08231425986318358
3388,5,2026-04-06,Morning,0,0.06958541111136679
3389,5,2026-04-06,Afternoon,0,0.047599817896238794
3390,5,2026-04-06,Night,0,0.07087464499674978
3391,1,2026-04-07,Morning,0,0.09616001684875913
3392,1,2026-04-07,Afternoon,0,0.0876889584797339
3393,1,2026-04-07,Night,0,0.057397663881177396
3394,2,2026-04-07,Morning,0,0.10247519266263616
3395,2,2026-04-07,Afternoon,0,0.08709542845287355
3396,2,2026-04-07,Night,0,0.09343189055895734
3397,3,2026-04-07,Morning,0,0.038957241478475235
3398,3,2026-04-07,Afternoon,0,0.04694583021883769
3399,3,2026-04-07,Night,0,0.03874064243898534
3400,4,2026-04-07,Morning,0,0.03629660805980417
3401,4,2026-04-07,Afternoon,0,0.06442239746253647
3402,4,2026-04-07,Night,0,0.03931074091336939
3403,5,2026-04-07,Morning,0,0.07344031455647865
3404,5,2026-04-07,Afternoon,0,0.07530284500639622
3405,5,2026-04-07,Night,0,0.05734100723451707
3406,1,2026-04-08,Morning,0,0.04302484891822689
3407,1,2026-04-08,Afternoon,0,0.04159992860465944
3408,1,2026-04-08,Night,0,0.049261582678839955
3409,2,2026-04-08,Morning,0,0.12135615894210894
3410,2,2026-04-08,Afternoon,0,0.08397121733995
3411,2,2026-04-08,Night,0,0.040188241657665325
3412,3,2026-04-08,Morning,0,0.024509385035372477
3413,3,2026-04-08,Afternoon,0,0.009562529953207277
3414,3,2026-04-08,Night,0,0.027082046725719677
3415,4,2026-04-08,Morning,0,0.04267119611986159
3416,4,2026-04-08,Afternoon,0,0.03310512347233041
3417,4,2026-04-08,Night,0,0.04417352340291181
3418,5,2026-04-08,Morning,0,0.08596524025262264
3419,5,2026-04-08,Afternoon,0,0.1009945474830255
3420,5,2026-04-08,Night,0,0.1013641477297651
3421,1,2026-04-09,Morning,0,0.08393042372799586
3422,1,2026-04-09,Afternoon,0,0.030536963473303813
3423,1,2026-04-09,Night,0,0.06958696720252933
3424,2,2026-04-09,Morning,0,0.04592478828259672
3425,2,2026-04-09,Afternoon,0,0.06853836743999159
3426,2,2026-04-09,Night,0,0.08500091685664007
3427,3,2026-04-09,Morning,1,-0.02049690184740205
3428,3,2026-04-09,Afternoon,1,-0.016367005382424638
3429,3,2026-04-09,Night,1,-0.016645124950040224
3430,4,2026-04-09,Morning,0,0.05016362004435748
3431,4,2026-04-09,Afternoon,0,0.048912677034498975
3432,4,2026-04-09,Night,0,0.09070797510166162
3433,5,2026-04-09,Morning,0,0.1106546793771373
3434,5,2026-04-09,Afternoon,0,0.1015984840185779
3435,5,2026-04-09,Night,0,0.0786649417114168
3436,1,2026-04-10,Morning,0,0.06706873627820603
3437,1,2026-04-10,Afternoon,0,0.06199715770530162
3438,1,2026-04-10,Night,0,0.0724736228513071
3439,2,2026-04-10,Morning,0,0.0771281321590554
3440,2,2026-04-10,Afternoon,0,0.09939557174559105
3441,2,2026-04-10,Night,0,0.07706947369702521
3442,3,2026-04-10,Morning,1,-0.005589441403805351
3443,3,2026-04-10,Afternoon,0,0.013515056277261128
3444,3,2026-04-10,Night,0,0.032652252537622384
3445,4,2026-04-10,Morning,0,0.06756661406315079
3446,4,2026-04-10,Afternoon,0,0.08466251962723437
3447,4,2026-04-10,Night,0,0.08048613460231396
3448,5,2026-04-10,Morning,0,0.073529752781054
3449,5,2026-04-10,Afternoon,0,0.08857420045611863
3450,5,2026-04-10,Night,0,0.09431694239640265
3451,1,2026-04-11,Morning,0,0.08249192239928332
3452,1,2026-04-11,Afternoon,0,0.060491747485949376
3453,1,2026-04-11,Night,0,0.06404889696490301
3454,2,2026-04-11,Morning,0,0.10604501291392432
3455,2,2026-04-11,Afternoon,0,0.07141631975881624
3456,2,2026-04-11,Night,0,0.0668800759191886
3457,3,2026-04-11,Morning,0,0.03209006450902452
3458,3,2026-04-11,Afternoon,0,0.040835149630639944
3459,3,2026-04-11,Night,1,-0.00631701657129824
3460,4,2026-04-11,Morning,0,0.06656298883992345
3461,4,2026-04-11,Afternoon,0,0.0761154611365566
3462,4,2026-04-11,Night,0,0.06021149877747539
3463,5,2026-04-11,Morning,0,0.08710403305774389
3464,5,2026-04-11,Afternoon,0,0.08450812955216136
3465,5,2026-04-11,Night,0,0.06874349132601026
3466,1,2026-04-12,Morning,0,0.0966664876684149
3467,1,2026-04-12,Afternoon,0,0.06927031094085428
3468,1,2026-04-12,Night,0,0.0514928503556461
3469,2,2026-04-12,Morning,0,0.0631041639476827
3470,2,2026-04-12,Afternoon,0,0.037495272753162445
3471,2,2026-04-12,Night,0,0.0656210162585869
3472,3,2026-04-12,Morning,1,-0.026746481717019988
3473,3,2026-04-12,Afternoon,0,0.01713104116471742
3474,3,2026-04-12,Night,0,0.05383697541214483
3475,4,2026-04-12,Morning,0,0.07190845914160432
3476,4,2026-04-12,Afternoon,0,0.09835946760743752
3477,4,2026-04-12,Night,0,0.057596710179631194
3478,5,2026-04-12,Morning,0,0.0814903892635025
3479,5,2026-04-12,Afternoon,0,0.06664525425879797
3480,5,2026-04-12,Night,0,0.09796597413045122
3481,1,2026-04-13,Morning,0,0.05195710698802736
3482,1,2026-04-13,Afternoon,0,0.0734086294626648
3483,1,2026-04-13,Night,0,0.05995982086187657
3484,2,2026-04-13,Morning,0,0.06365328023310146
3485,2,2026-04-13,Afternoon,0,0.09415785839153928
3486,2,2026-04-13,Night,0,0.10402746670990798
3487,3,2026-04-13,Morning,0,0.03433821499592982
3488,3,2026-04-13,Afternoon,0,0.02893588481679432
3489,3,2026-04-13,Night,0,0.02285253565070111
3490,4,2026-04-13,Morning,0,0.033535976983249505
3491,4,2026-04-13,Afternoon,1,-0.006863377166845375
3492,4,2026-04-13,Night,0,0.0449249241816424
3493,5,2026-04-13,Morning,0,0.0844427461285659
3494,5,2026-04-13,Afternoon,0,0.049645382537017335
3495,5,2026-04-13,Night,0,0.07749990076562524
3496,1,2026-04-14,Morning,0,0.10013903908222488
3497,1,2026-04-14,Afternoon,0,0.08730453132428806
3498,1,2026-04-14,Night,0,0.07222192788391285
3499,2,2026-04-14,Morning,0,0.06532699782813833
3500,2,2026-04-14,Afternoon,0,0.05556501891894261
3501,2,2026-04-14,Night,0,0.05322191244999497
3502,3,2026-04-14,Morning,0,0.056008568147941806
3503,3,2026-04-14,Afternoon,0,0.02414465844696778
3504,3,2026-04-14,Night,0,0.0031307052624170995
3505,4,2026-04-14,Morning,0,0.07472244221738483
3506,4,2026-04-14,Afternoon,0,0.08217654690730708
3507,4,2026-04-14,Night,0,0.034476321496155427
3508,5,2026-04-14,Morning,0,0.05651106921314136
3509,5,2026-04-14,Afternoon,0,0.08193322224868932
3510,5,2026-04-14,Night,0,0.10473641168489611
3511,1,2026-04-15,Morning,0,0.04430864717785443
3512,1,2026-04-15,Afternoon,0,0.09481188190959211
3513,1,2026-04-15,Night,0,0.05099994504292904
3514,2,2026-04-15,Morning,0,0.05517970705009945
3515,2,2026-04-15,Afternoon,0,0.0930216548449081
3516,2,2026-04-15,Night,0,0.09640936038915593
3517,3,2026-04-15,Morning,0,0.06183998456887463
3518,3,2026-04-15,Afternoon,0,0.04101827406592151
3519,3,2026-04-15,Night,0,0.011039315979022302
3520,4,2026-04-15,Morning,0,0.06970152230595178
3521,4,2026-04-15,Afternoon,0,0.07707851001051974
3522,4,2026-04-15,Night,0,0.0284926945710805
3523,5,2026-04-15,Morning,0,0.11092500321109161
3524,5,2026-04-15,Afternoon,0,0.08220280300440203
3525,5,2026-04-15,Night,0,0.08099011711064324
3526,1,2026-04-16,Morning,0,0.03651950945776772
3527,1,2026-04-16,Afternoon,0,0.03389587858142251
3528,1,2026-04-16,Night,0,0.03675156719812045
3529,2,2026-04-16,Morning,0,0.08463684582738418
3530,2,2026-04-16,Afternoon,0,0.07095861138134513
3531,2,2026-04-16,Night,0,0.06185305962737886
3532,3,2026-04-16,Morning,0,0.0299300242732099
3533,3,2026-04-16,Afternoon,0,0.0057042618229438125
3534,3,2026-04-16,Night,0,0.00840501871880317
3535,4,2026-04-16,Morning,0,0.014841224052967728
3536,4,2026-04-16,Afternoon,0,0.07551701804048361
3537,4,2026-04-16,Night,0,0.06361580973001063
3538,5,2026-04-16,Morning,0,0.07540990173686724
3539,5,2026-04-16,Afternoon,0,0.04866833408018223
3540,5,2026-04-16,Night,0,0.06988295449443727
3541,1,2026-04-17,Morning,0,0.06820540207216452
3542,1,2026-04-17,Afternoon,0,0.0682066934026152
3543,1,2026-04-17,Night,0,0.044347000528306424
3544,2,2026-04-17,Morning,0,0.11061513221796304
3545,2,2026-04-17,Afternoon,0,0.08136693122576494
3546,2,2026-04-17,Night,0,0.05641565480114191
3547,3,2026-04-17,Morning,0,0.02043251579792893
3548,3,2026-04-17,Afternoon,0,0.028489246948952274
3549,3,2026-04-17,Night,0,0.010780211568386489
3550,4,2026-04-17,Morning,0,0.060387527441871425
3551,4,2026-04-17,Afternoon,0,0.08341026185505174
3552,4,2026-04-17,Night,0,0.07377457802187226
3553,5,2026-04-17,Morning,0,0.06746335930188518
3554,5,2026-04-17,Afternoon,0,0.09714664127146183
3555,5,2026-04-17,Night,0,0.10067794855886614
3556,1,2026-04-18,Morning,0,0.07100770452369648
3557,1,2026-04-18,Afternoon,0,0.09022076649402239
3558,1,2026-04-18,Night,0,0.06750504545970548
3559,2,2026-04-18,Morning,0,0.06544979692468961
3560,2,2026-04-18,Afternoon,0,0.053752251157502484
3561,2,2026-04-18,Night,0,0.09212155597432087
3562,3,2026-04-18,Morning,0,0.04959897781167266
3563,3,2026-04-18,Afternoon,0,0.036381793431228604
3564,3,2026-04-18,Night,0,0.034142205052454244
3565,4,2026-04-18,Morning,1,-0.0034711916853364944
3566,4,2026-04-18,Afternoon,0,0.024361198024485442
3567,4,2026-04-18,Night,0,0.012586175761277962
3568,5,2026-04-18,Morning,0,0.09765800953959841
3569,5,2026-04-18,Afternoon,0,0.09949761908927202
3570,5,2026-04-18,Night,0,0.08279561147723796
3571,1,2026-04-19,Morning,0,0.07530160451526652
3572,1,2026-04-19,Afternoon,0,0.08191696433475837
3573,1,2026-04-19,Night,0,0.055971594889578646
3574,2,2026-04-19,Morning,0,0.07733241426208265
3575,2,2026-04-19,Afternoon,0,0.10039068514152683
3576,2,2026-04-19,Night,0,0.087668378289876
3577,3,2026-04-19,Morning,0,0.026948016120618035
3578,3,2026-04-19,Afternoon,0,0.004309172197951017
3579,3,2026-04-19,Night,0,0.02366903972638945
3580,4,2026-04-19,Morning,0,0.05482803059105745
3581,4,2026-04-19,Afternoon,0,0.02780098758430316
3582,4,2026-04-19,Night,0,0.07889244705226078
3583,5,2026-04-19,Morning,0,0.06310017591660039
3584,5,2026-04-19,Afternoon,0,0.06162874933666734
3585,5,2026-04-19,Night,0,0.07066163878076381
3586,1,2026-04-20,Morning,0,0.09765866157316938
3587,1,2026-04-20,Afternoon,0,0.08434375841300962
3588,1,2026-04-20,Night,0,0.04964627255749765
3589,2,2026-04-20,Morning,0,0.06556700637093382
3590,2,2026-04-20,Afternoon,0,0.09372083699171818
3591,2,2026-04-20,Night,0,0.08028247972450714
3592,3,2026-04-20,Morning,0,0.0169918329323544
3593,3,2026-04-20,Afternoon,0,0.012034847340089194
3594,3,2026-04-20,Night,0,0.02499789112735462
3595,4,2026-04-20,Morning,0,0.0768356460061781
3596,4,2026-04-20,Afternoon,0,0.058403794896963346
3597,4,2026-04-20,Night,0,0.03326766531550529
3598,5,2026-04-20,Morning,0,0.07938398781586253
3599,5,2026-04-20,Afternoon,0,0.05322306006580679
3600,5,2026-04-20,Night,0,0.06652884993207236
3601,1,2026-04-21,Morning,0,0.06359079994093264
3602,1,2026-04-21,Afternoon,0,0.0726309376455716
3603,1,2026-04-21,Night,0,0.094833101567324
3604,2,2026-04-21,Morning,0,0.10375562350746886
3605,2,2026-04-21,Afternoon,0,0.05601909585914072
3606,2,2026-04-21,Night,0,0.048420641504747675
3607,3,2026-04-21,Morning,0,0.0010392299042761843
3608,3,2026-04-21,Afternoon,0,0.01711927847916206
3609,3,2026-04-21,Night,0,0.04707920913043795
3610,4,2026-04-21,Morning,0,0.055054398740839394
3611,4,2026-04-21,Afternoon,0,0.0745109815827642
3612,4,2026-04-21,Night,0,0.062033666912676866
3613,5,2026-04-21,Morning,0,0.0586382865135619
3614,5,2026-04-21,Afternoon,0,0.06821712043016948
3615,5,2026-04-21,Night,0,0.09522010507520595
3616,1,2026-04-22,Morning,0,0.06750220516225008
3617,1,2026-04-22,Afternoon,0,0.083786868088502
3618,1,2026-04-22,Night,0,0.11276496927072366
3619,2,2026-04-22,Morning,0,0.05539347783386206
3620,2,2026-04-22,Afternoon,0,0.07355359297482045
3621,2,2026-04-22,Night,0,0.10469848166636725
3622,3,2026-04-22,Morning,0,0.05230313419378563
3623,3,2026-04-22,Afternoon,1,-0.015588351266293321
3624,3,2026-04-22,Night,1,-0.007225704464047911
3625,4,2026-04-22,Morning,0,0.024656520941185645
3626,4,2026-04-22,Afternoon,0,0.05900624738978999
3627,4,2026-04-22,Night,0,0.060850422435613505
3628,5,2026-04-22,Morning,0,0.09877786318027038
3629,5,2026-04-22,Afternoon,0,0.10915587434522078
3630,5,2026-04-22,Night,0,0.060763614054151927
3631,1,2026-04-23,Morning,0,0.06845311853689706
3632,1,2026-04-23,Afternoon,0,0.09875989899054122
3633,1,2026-04-23,Night,0,0.07303014709783845
3634,2,2026-04-23,Morning,0,0.1060981803153242
3635,2,2026-04-23,Afternoon,0,0.0698025912018207
3636,2,2026-04-23,Night,0,0.07969448643059857
3637,3,2026-04-23,Morning,0,0.044939491595194614
3638,3,2026-04-23,Afternoon,0,0.004846712697907263
3639,3,2026-04-23,Night,0,0.011702282758427551
3640,4,2026-04-23,Morning,0,0.052834625140878444
3641,4,2026-04-23,Afternoon,0,0.06578573818534816
3642,4,2026-04-23,Night,0,0.07425975729301987
3643,5,2026-04-23,Morning,0,0.03740017555955133
3644,5,2026-04-23,Afternoon,0,0.059784803685666965
3645,5,2026-04-23,Night,0,0.0490328835897319
3646,1,2026-04-24,Morning,0,0.09516422251592488
3647,1,2026-04-24,Afternoon,0,0.06910186114962547
3648,1,2026-04-24,Night,0,0.03365033928278793
3649,2,2026-04-24,Morning,0,0.09514227718251039
3650,2,2026-04-24,Afternoon,0,0.09515542215025402
3651,2,2026-04-24,Night,0,0.0860881398377219
3652,3,2026-04-24,Morning,1,-0.009604796325073495
3653,3,2026-04-24,Afternoon,1,-0.0005003010021733534
3654,3,2026-04-24,Night,1,-0.03469694397692136
3655,4,2026-04-24,Morning,0,0.0719979380432002
3656,4,2026-04-24,Afternoon,0,0.06035648321804726
3657,4,2026-04-24,Night,0,0.06217069265331604
3658,5,2026-04-24,Morning,0,0.07310686262639071
3659,5,2026-04-24,Afternoon,0,0.07396216835133818
3660,5,2026-04-24,Night,0,0.08716618070112858
3661,1,2026-04-25,Morning,0,0.04475017800155767
3662,1,2026-04-25,Afternoon,0,0.053171348559145515
3663,1,2026-04-25,Night,0,0.07832487567908847
3664,2,2026-04-25,Morning,0,0.0846981742701835
3665,2,2026-04-25,Afternoon,0,0.07278018726219371
3666,2,2026-04-25,Night,0,0.04064353273519905
3667,3,2026-04-25,Morning,0,0.035093498016628755
3668,3,2026-04-25,Afternoon,0,0.032570805363092314
3669,3,2026-04-25,Night,0,0.03910941593306616
3670,4,2026-04-25,Morning,0,0.0697407856481681
3671,4,2026-04-25,Afternoon,0,0.03626226746191752
3672,4,2026-04-25,Night,0,0.051227783313238406
3673,5,2026-04-25,Morning,0,0.07474173521327554
3674,5,2026-04-25,Afternoon,0,0.09210585869405347
3675,5,2026-04-25,Night,0,0.06297614250183192
3676,1,2026-04-26,Morning,0,0.08178601692245102
3677,1,2026-04-26,Afternoon,0,0.07189191555686902
3678,1,2026-04-26,Night,0,0.06568896376714145
3679,2,2026-04-26,Morning,0,0.06886367868864529
3680,2,2026-04-26,Afternoon,0,0.07324241883729737
3681,2,2026-04-26,Night,0,0.09720877175217146
3682,3,2026-04-26,Morning,0,0.03422292633295976
3683,3,2026-04-26,Afternoon,0,0.03938570408249131
3684,3,2026-04-26,Night,0,0.009875741381438319
3685,4,2026-04-26,Morning,0,0.018905960439207337
3686,4,2026-04-26,Afternoon,0,0.06561252065066364
3687,4,2026-04-26,Night,0,0.09118659129211137
3688,5,2026-04-26,Morning,0,0.09421442609280778
3689,5,2026-04-26,Afternoon,0,0.09852820953724001
3690,5,2026-04-26,Night,0,0.0965443168816002
3691,1,2026-04-27,Morning,0,0.06367712313435825
3692,1,2026-04-27,Afternoon,0,0.06438993977082369
3693,1,2026-04-27,Night,0,0.0747465644085899
3694,2,2026-04-27,Morning,0,0.09582310502422214
3695,2,2026-04-27,Afternoon,0,0.06708498334006407
3696,2,2026-04-27,Night,0,0.09728564827662994
3697,3,2026-04-27,Morning,0,0.038973454515677464
3698,3,2026-04-27,Afternoon,1,-0.010653691966500234
3699,3,2026-04-27,Night,0,0.020578153624669415
3700,4,2026-04-27,Morning,0,0.0717333450554063
3701,4,2026-04-27,Afternoon,0,0.06727636792158098
3702,4,2026-04-27,Night,0,0.0751086553362853
3703,5,2026-04-27,Morning,0,0.10902157608039964
3704,5,2026-04-27,Afternoon,0,0.09376900661004672
3705,5,2026-04-27,Night,0,0.09932047135215016
3706,1,2026-04-28,Morning,0,0.030704744194903322
3707,1,2026-04-28,Afternoon,0,0.0526306218578696
3708,1,2026-04-28,Night,0,0.042445822781797427
3709,2,2026-04-28,Morning,0,0.09285414385737872
3710,2,2026-04-28,Afternoon,0,0.09965482573455381
3711,2,2026-04-28,Night,0,0.07974490733979112
3712,3,2026-04-28,Morning,0,0.017155213111935907
3713,3,2026-04-28,Afternoon,1,-0.014040539808827468
3714,3,2026-04-28,Night,0,0.03346632933693483
3715,4,2026-04-28,Morning,0,0.049540710602851035
3716,4,2026-04-28,Afternoon,0,0.047665451589041674
3717,4,2026-04-28,Night,0,0.04897075585022126
3718,5,2026-04-28,Morning,0,0.11213361010261291
3719,5,2026-04-28,Afternoon,0,0.08277377075498454
3720,5,2026-04-28,Night,0,0.07859416625688231
3721,1,2026-04-29,Morning,0,0.077026983011667
3722,1,2026-04-29,Afternoon,0,0.10195170287605038
3723,1,2026-04-29,Night,0,0.0729327787004393
3724,2,2026-04-29,Morning,0,0.055132769861366615
3725,2,2026-04-29,Afternoon,0,0.07879678335592954
3726,2,2026-04-29,Night,0,0.07193263751068613
3727,3,2026-04-29,Morning,1,-0.0023446630786221334
3728,3,2026-04-29,Afternoon,0,0.03961351986220096
3729,3,2026-04-29,Night,0,0.054996405468966114
3730,4,2026-04-29,Morning,0,0.054451681435978005
3731,4,2026-04-29,Afternoon,0,0.06804174910793448
3732,4,2026-04-29,Night,0,0.08387595729953312
3733,5,2026-04-29,Morning,0,0.04561913756659686
3734,5,2026-04-29,Afternoon,0,0.07537710161902794
3735,5,2026-04-29,Night,0,0.0683938375071802
3736,1,2026-04-30,Morning,0,0.060183104810002
3737,1,2026-04-30,Afternoon,0,0.05706468214899979
3738,1,2026-04-30,Night,0,0.04553383394510979
3739,2,2026-04-30,Morning,0,0.06348377727357363
3740,2,2026-04-30,Afternoon,0,0.05739085566385593
3741,2,2026-04-30,Night,0,0.06363952729370081
3742,3,2026-04-30,Morning,0,0.049919306218431214
3743,3,2026-04-30,Afternoon,1,-0.010396106403720573
3744,3,2026-04-30,Night,1,-0.01652490864536804
3745,4,2026-04-30,Morning,0,0.07707893055703652
3746,4,2026-04-30,Afternoon,0,0.09350076399809448
3747,4,2026-04-30,Night,0,0.07909067692418664
3748,5,2026-04-30,Morning,0,0.0462615348749591
3749,5,2026-04-30,Afternoon,0,0.06912826304926734
3750,5,2026-04-30,Night,0,0.09381986124724934
3751,1,2026-05-01,Morning,0,0.04077862344908567
3752,1,2026-05-01,Afternoon,0,0.07713797472782968
3753,1,2026-05-01,Night,0,0.05376479100220044
3754,2,2026-05-01,Morning,0,0.07365079511693379
3755,2,2026-05-01,Afternoon,0,0.056415111049558764
3756,2,2026-05-01,Night,0,0.05690256645204983
3757,3,2026-05-01,Morning,1,-0.0024666631771441683
3758,3,2026-05-01,Afternoon,1,-0.018729189462629248
3759,3,2026-05-01,Night,1,-0.0017164271935733444
3760,4,2026-05-01,Morning,0,0.08286501735403479
3761,4,2026-05-01,Afternoon,0,0.057988576725683305
3762,4,2026-05-01,Night,0,0.031164032456225566
3763,5,2026-05-01,Morning,0,0.11268905519649747
3764,5,2026-05-01,Afternoon,0,0.08220077010286542
3765,5,2026-05-01,Night,0,0.05551292798213858
3766,1,2026-05-02,Morning,0,0.06337207214361573
3767,1,2026-05-02,Afternoon,0,0.07551614734715412
3768,1,2026-05-02,Night,0,0.06020293379854441
3769,2,2026-05-02,Morning,0,0.049418580428288394
3770,2,2026-05-02,Afternoon,0,0.08244341373865566
3771,2,2026-05-02,Night,0,0.05782617418249958
3772,3,2026-05-02,Morning,0,0.00393443829018203
3773,3,2026-05-02,Afternoon,0,0.013507937893385114
3774,3,2026-05-02,Night,0,0.02897565003582192
3775,4,2026-05-02,Morning,0,0.017492993232257725
3776,4,2026-05-02,Afternoon,0,0.04848872945670912
3777,4,2026-05-02,Night,0,0.02328267256565708
3778,5,2026-05-02,Morning,0,0.05221592076959869
3779,5,2026-05-02,Afternoon,0,0.07746776636558728
3780,5,2026-05-02,Night,0,0.08254690843183426
3781,1,2026-05-03,Morning,0,0.05926143128721384
3782,1,2026-05-03,Afternoon,0,0.0640971427649284
3783,1,2026-05-03,Night,0,0.10046929328088611
3784,2,2026-05-03,Morning,0,0.09272810503283313
3785,2,2026-05-03,Afternoon,0,0.08136689328967628
3786,2,2026-05-03,Night,0,0.09057793541397591
3787,3,2026-05-03,Morning,0,0.006134522896255379
3788,3,2026-05-03,Afternoon,0,0.014005081838300293
3789,3,2026-05-03,Night,0,0.0035187207947640076
3790,4,2026-05-03,Morning,0,0.022829021120741255
3791,4,2026-05-03,Afternoon,0,0.055020562675203166
3792,4,2026-05-03,Night,0,0.07635829581100184
3793,5,2026-05-03,Morning,0,0.08529235396947848
3794,5,2026-05-03,Afternoon,0,0.08496076526948793
3795,5,2026-05-03,Night,0,0.09220997040152112
3796,1,2026-05-04,Morning,0,0.06417267817135819
3797,1,2026-05-04,Afternoon,0,0.0992520812212242
3798,1,2026-05-04,Night,0,0.07666706173721621
3799,2,2026-05-04,Morning,0,0.09189447538875539
3800,2,2026-05-04,Afternoon,0,0.07934900106662257
3801,2,2026-05-04,Night,0,0.08263611678898897
3802,3,2026-05-04,Morning,0,0.0180416323430852
3803,3,2026-05-04,Afternoon,0,0.05958498200210299
3804,3,2026-05-04,Night,0,0.04154837269127376
3805,4,2026-05-04,Morning,0,0.044896963251944144
3806,4,2026-05-04,Afternoon,0,0.07881168137721345
3807,4,2026-05-04,Night,0,0.054112177472728895
3808,5,2026-05-04,Morning,0,0.09303088568958656
3809,5,2026-05-04,Afternoon,0,0.07878667358115987
3810,5,2026-05-04,Night,0,0.06401836538394573
3811,1,2026-05-05,Morning,0,0.06358487439552318
3812,1,2026-05-05,Afternoon,0,0.0728388014575016
3813,1,2026-05-05,Night,0,0.05700531408509407
3814,2,2026-05-05,Morning,0,0.07083426785741842
3815,2,2026-05-05,Afternoon,0,0.038845843320368556
3816,2,2026-05-05,Night,0,0.03196097165545253
3817,3,2026-05-05,Morning,0,0.0297694027015325
3818,3,2026-05-05,Afternoon,0,0.051800742398229516
3819,3,2026-05-05,Night,1,-0.011209006294028767
3820,4,2026-05-05,Morning,0,0.058125624933252185
3821,4,2026-05-05,Afternoon,0,0.025125780132408182
3822,4,2026-05-05,Night,0,0.022040987245400934
3823,5,2026-05-05,Morning,0,0.03325992810081568
3824,5,2026-05-05,Afternoon,0,0.04757743935792047
3825,5,2026-05-05,Night,0,0.058409603421257894
3826,1,2026-05-06,Morning,0,0.053937953282668594
3827,1,2026-05-06,Afternoon,0,0.052889661292020995
3828,1,2026-05-06,Night,0,0.08042351352117921
3829,2,2026-05-06,Morning,0,0.06788485214617895
3830,2,2026-05-06,Afternoon,0,0.0756085965734099
3831,2,2026-05-06,Night,0,0.060111289474335194
3832,3,2026-05-06,Morning,0,0.03893771647440114
3833,3,2026-05-06,Afternoon,0,0.04338034060342966
3834,3,2026-05-06,Night,0,0.020998743954344867
3835,4,2026-05-06,Morning,0,0.056762836245859816
3836,4,2026-05-06,Afternoon,0,0.04596144464089624
3837,4,2026-05-06,Night,0,0.05752216902704815
3838,5,2026-05-06,Morning,0,0.05910183652556961
3839,5,2026-05-06,Afternoon,0,0.07184339238244764
3840,5,2026-05-06,Night,0,0.10797731981974829
3841,1,2026-05-07,Morning,0,0.09970389490572251
3842,1,2026-05-07,Afternoon,0,0.07116915459014311
3843,1,2026-05-07,Night,0,0.08580766440142806
3844,2,2026-05-07,Morning,0,0.049949011917609476
3845,2,2026-05-07,Afternoon,0,0.03364188195301532
3846,2,2026-05-07,Night,0,0.018731934393759087
3847,3,2026-05-07,Morning,0,0.0253192952248823
3848,3,2026-05-07,Afternoon,0,0.0003797312872713121
3849,3,2026-05-07,Night,1,-0.02440256603298585
3850,4,2026-05-07,Morning,0,0.06993498885285288
3851,4,2026-05-07,Afternoon,0,0.04544750725937896
3852,4,2026-05-07,Night,0,0.04113108941119592
3853,5,2026-05-07,Morning,0,0.07030888452004203
3854,5,2026-05-07,Afternoon,0,0.08852382593415503
3855,5,2026-05-07,Night,0,0.09969911053517949
3856,1,2026-05-08,Morning,0,0.06595759436536375
3857,1,2026-05-08,Afternoon,0,0.05491015151401479
3858,1,2026-05-08,Night,0,0.08395038824325307
3859,2,2026-05-08,Morning,0,0.030862631337541524
3860,2,2026-05-08,Afternoon,0,0.044142500777557436
3861,2,2026-05-08,Night,0,0.02349787035049644
3862,3,2026-05-08,Morning,0,0.011633163333277685
3863,3,2026-05-08,Afternoon,1,-0.03970879372013869
3864,3,2026-05-08,Night,1,-0.022702214664412357
3865,4,2026-05-08,Morning,0,0.042401423779333536
3866,4,2026-05-08,Afternoon,0,0.05607302300182215
3867,4,2026-05-08,Night,0,0.03349153340045119
3868,5,2026-05-08,Morning,0,0.09032816110565728
3869,5,2026-05-08,Afternoon,0,0.09702048187947693
3870,5,2026-05-08,Night,0,0.08028788174258111
3871,1,2026-05-09,Morning,0,0.04027849908260861
3872,1,2026-05-09,Afternoon,0,0.07144865742249856
3873,1,2026-05-09,Night,0,0.09513107265609017
3874,2,2026-05-09,Morning,0,0.05018976896545524
3875,2,2026-05-09,Afternoon,0,0.10890076960985146
3876,2,2026-05-09,Night,0,0.09348880863470033
3877,3,2026-05-09,Morning,0,0.0032035473536481396
3878,3,2026-05-09,Afternoon,0,0.03271507877255986
3879,3,2026-05-09,Night,0,0.02657901890022607
3880,4,2026-05-09,Morning,0,0.0029179568684067902
3881,4,2026-05-09,Afternoon,0,0.021272846340087415
3882,4,2026-05-09,Night,0,0.06512706735809509
3883,5,2026-05-09,Morning,0,0.08135924721716176
3884,5,2026-05-09,Afternoon,0,0.0669184519682105
3885,5,2026-05-09,Night,0,0.06332572249965007
3886,1,2026-05-10,Morning,0,0.042112055417236505
3887,1,2026-05-10,Afternoon,0,0.012270023591850254
3888,1,2026-05-10,Night,0,0.05857317017123809
3889,2,2026-05-10,Morning,0,0.0914620761532417
3890,2,2026-05-10,Afternoon,0,0.07763790227842104
3891,2,2026-05-10,Night,0,0.07740370848052835
3892,3,2026-05-10,Morning,0,0.03965385026435786
3893,3,2026-05-10,Afternoon,0,0.05459996220963226
3894,3,2026-05-10,Night,0,0.03776261649003798
3895,4,2026-05-10,Morning,0,0.06650053961611496
3896,4,2026-05-10,Afternoon,0,0.05607798340369796
3897,4,2026-05-10,Night,0,0.07543682073328922
3898,5,2026-05-10,Morning,0,0.06799190123210719
3899,5,2026-05-10,Afternoon,0,0.061943556282912926
3900,5,2026-05-10,Night,0,0.09122503493368445
3901,1,2026-05-11,Morning,0,0.04674086631776331
3902,1,2026-05-11,Afternoon,0,0.05065679437726933
3903,1,2026-05-11,Night,0,0.08875263863177763
3904,2,2026-05-11,Morning,0,0.06534524132391101
3905,2,2026-05-11,Afternoon,0,0.0930513208952436
3906,2,2026-05-11,Night,0,0.07870541358196631
3907,3,2026-05-11,Morning,0,0.032455483290179665
3908,3,2026-05-11,Afternoon,1,-0.000769464108578588
3909,3,2026-05-11,Night,0,0.02996955505329668
3910,4,2026-05-11,Morning,0,0.035183373907892945
3911,4,2026-05-11,Afternoon,0,0.08520710072332133
3912,4,2026-05-11,Night,0,0.06469303380264702
3913,5,2026-05-11,Morning,0,0.07372949332337225
3914,5,2026-05-11,Afternoon,0,0.09013369225146645
3915,5,2026-05-11,Night,0,0.07701284016399051
3916,1,2026-05-12,Morning,0,0.056689228825484994
3917,1,2026-05-12,Afternoon,0,0.07621982667127852
3918,1,2026-05-12,Night,0,0.09588629463899051
3919,2,2026-05-12,Morning,0,0.07035172826404484
3920,2,2026-05-12,Afternoon,0,0.08176257290314604
3921,2,2026-05-12,Night,0,0.06386043678170689
3922,3,2026-05-12,Morning,0,0.0017589174757735027
3923,3,2026-05-12,Afternoon,1,-0.04835117133101341
3924,3,2026-05-12,Night,1,-0.02993194196566673
3925,4,2026-05-12,Morning,0,0.06517952272241806
3926,4,2026-05-12,Afternoon,0,0.06706551346182144
3927,4,2026-05-12,Night,0,0.08395810437505019
3928,5,2026-05-12,Morning,0,0.05493972045488538
3929,5,2026-05-12,Afternoon,0,0.038876901769984595
3930,5,2026-05-12,Night,0,0.046004645150173884
3931,1,2026-05-13,Morning,0,0.0637408285159593
3932,1,2026-05-13,Afternoon,0,0.07800536691390247
3933,1,2026-05-13,Night,0,0.0501206895637436
3934,2,2026-05-13,Morning,0,0.06576887626285116
3935,2,2026-05-13,Afternoon,0,0.06523198079937831
3936,2,2026-05-13,Night,0,0.0759468612207248
3937,3,2026-05-13,Morning,1,-0.01948532467561659
3938,3,2026-05-13,Afternoon,0,0.0005714418139786126
3939,3,2026-05-13,Night,1,-0.002365692119092988
3940,4,2026-05-13,Morning,0,0.070272712598214
3941,4,2026-05-13,Afternoon,0,0.051307455682471415
3942,4,2026-05-13,Night,0,0.021610295074991348
3943,5,2026-05-13,Morning,0,0.08266489367897695
3944,5,2026-05-13,Afternoon,0,0.09189668447517307
3945,5,2026-05-13,Night,0,0.0762757938830611
3946,1,2026-05-14,Morning,0,0.0663204163485363
3947,1,2026-05-14,Afternoon,0,0.08555626960080415
3948,1,2026-05-14,Night,0,0.05529960878980855
3949,2,2026-05-14,Morning,0,0.0807642109046533
3950,2,2026-05-14,Afternoon,0,0.015796425287657567
3951,2,2026-05-14,Night,0,0.05039780262185001
3952,3,2026-05-14,Morning,0,0.0533223385081244
3953,3,2026-05-14,Afternoon,0,0.0257253673300194
3954,3,2026-05-14,Night,0,0.03682209627004163
3955,4,2026-05-14,Morning,0,0.027396036520651368
3956,4,2026-05-14,Afternoon,0,0.08275192791343233
3957,4,2026-05-14,Night,0,0.059588485661769164
3958,5,2026-05-14,Morning,0,0.06402969756790344
3959,5,2026-05-14,Afternoon,0,0.10997957463982838
3960,5,2026-05-14,Night,0,0.11079447676216614
3961,1,2026-05-15,Morning,0,0.09548475653380972
3962,1,2026-05-15,Afternoon,0,0.08371080588373014
3963,1,2026-05-15,Night,0,0.10324660442085248
3964,2,2026-05-15,Morning,0,0.07296120312010573
3965,2,2026-05-15,Afternoon,0,0.052846822325127274
3966,2,2026-05-15,Night,0,0.07574480876748785
3967,3,2026-05-15,Morning,0,0.011828734087113157
3968,3,2026-05-15,Afternoon,1,-0.031390895493714654
3969,3,2026-05-15,Night,0,0.011291377110335898
3970,4,2026-05-15,Morning,0,0.02699274934723861
3971,4,2026-05-15,Afternoon,0,0.07817441997197344
3972,4,2026-05-15,Night,0,0.07490988857121944
3973,5,2026-05-15,Morning,0,0.09789812868702319
3974,5,2026-05-15,Afternoon,0,0.08510315372823096
3975,5,2026-05-15,Night,0,0.07483163612779187
3976,1,2026-05-16,Morning,0,0.09480008323708178
3977,1,2026-05-16,Afternoon,0,0.08750536255831248
3978,1,2026-05-16,Night,0,0.07389228563034655
3979,2,2026-05-16,Morning,0,0.06699765140644848
3980,2,2026-05-16,Afternoon,0,0.05580244364153708
3981,2,2026-05-16,Night,0,0.030196238982193813
3982,3,2026-05-16,Morning,0,0.008467021630425231
3983,3,2026-05-16,Afternoon,0,0.021443590344159658
3984,3,2026-05-16,Night,0,0.049795622763899705
3985,4,2026-05-16,Morning,0,0.0662224246408587
3986,4,2026-05-16,Afternoon,0,0.07262675917562572
3987,4,2026-05-16,Night,0,0.07352365633509789
3988,5,2026-05-16,Morning,0,0.10817933512963163
3989,5,2026-05-16,Afternoon,0,0.08467685725436741
3990,5,2026-05-16,Night,0,0.10824002197485733
3991,1,2026-05-17,Morning,0,0.0848676365853191
3992,1,2026-05-17,Afternoon,0,0.056831750502787604
3993,1,2026-05-17,Night,0,0.05826744872944195
3994,2,2026-05-17,Morning,0,0.06735407354373935
3995,2,2026-05-17,Afternoon,0,0.09296111558761427
3996,2,2026-05-17,Night,0,0.038048462417808016
3997,3,2026-05-17,Morning,0,0.05189898473619736
3998,3,2026-05-17,Afternoon,0,0.06790552511658576
3999,3,2026-05-17,Night,1,-2.0025997763628567e-05
4000,4,2026-05-17,Morning,0,0.06267958806448953
4001,4,2026-05-17,Afternoon,0,0.031414558696797656
4002,4,2026-05-17,Night,0,0.023359994993234934
4003,5,2026-05-17,Morning,0,0.09170576972424477
4004,5,2026-05-17,Afternoon,0,0.09547853875243562
4005,5,2026-05-17,Night,0,0.08962178134943827
4006,1,2026-05-18,Morning,0,0.0898262455345804
4007,1,2026-05-18,Afternoon,0,0.06354644523070685
4008,1,2026-05-18,Night,0,0.0670066803592218
4009,2,2026-05-18,Morning,0,0.0318575256021818
4010,2,2026-05-18,Afternoon,0,0.04801600906047443
4011,2,2026-05-18,Night,0,0.060896587283645276
4012,3,2026-05-18,Morning,0,0.006288977339089286
4013,3,2026-05-18,Afternoon,0,0.016531730866382932
4014,3,2026-05-18,Night,0,0.007803721070603231
4015,4,2026-05-18,Morning,0,0.04773093793566907
4016,4,2026-05-18,Afternoon,0,0.026932220134960327
4017,4,2026-05-18,Night,0,0.046996233254082975
4018,5,2026-05-18,Morning,0,0.09943146706638245
4019,5,2026-05-18,Afternoon,0,0.11560501606801743
4020,5,2026-05-18,Night,0,0.09422787274767314
4021,1,2026-05-19,Morning,0,0.0900738282652575
4022,1,2026-05-19,Afternoon,0,0.07307608845680097
4023,1,2026-05-19,Night,0,0.06751418774274431
4024,2,2026-05-19,Morning,0,0.09486770104545328
4025,2,2026-05-19,Afternoon,0,0.059021692133921555
4026,2,2026-05-19,Night,0,0.09288956131444093
4027,3,2026-05-19,Morning,0,0.002147201302174495
4028,3,2026-05-19,Afternoon,0,0.008694610835340177
4029,3,2026-05-19,Night,1,-0.01024184107430115
4030,4,2026-05-19,Morning,0,0.06188626070197839
4031,4,2026-05-19,Afternoon,0,0.07899768991194633
4032,4,2026-05-19,Night,0,0.06949472881221413
4033,5,2026-05-19,Morning,0,0.10068585598974583
4034,5,2026-05-19,Afternoon,0,0.08762893292652385
4035,5,2026-05-19,Night,0,0.11169054480179674
4036,1,2026-05-20,Morning,0,0.07965703507939093
4037,1,2026-05-20,Afternoon,0,0.0812081867678277
4038,1,2026-05-20,Night,0,0.08413083193732107
4039,2,2026-05-20,Morning,0,0.06551423510921278
4040,2,2026-05-20,Afternoon,0,0.10790489338019782
4041,2,2026-05-20,Night,0,0.11031052034682265
4042,3,2026-05-20,Morning,0,0.0045176814386608255
4043,3,2026-05-20,Afternoon,0,0.01693465249411219
4044,3,2026-05-20,Night,0,0.037042585661107075
4045,4,2026-05-20,Morning,0,0.0569896826664435
4046,4,2026-05-20,Afternoon,0,0.04131482596027136
4047,4,2026-05-20,Night,0,0.08458656172877521
4048,5,2026-05-20,Morning,0,0.10101377192633548
4049,5,2026-05-20,Afternoon,0,0.07201876480326647
4050,5,2026-05-20,Night,0,0.11062466547023969
4051,1,2026-05-21,Morning,0,0.0999622777254453
4052,1,2026-05-21,Afternoon,0,0.055460966320219796
4053,1,2026-05-21,Night,0,0.04105912191630834
4054,2,2026-05-21,Morning,0,0.0844375877982042
4055,2,2026-05-21,Afternoon,0,0.08572916014521048
4056,2,2026-05-21,Night,0,0.10640269994003715
4057,3,2026-05-21,Morning,0,0.06559281125533895
4058,3,2026-05-21,Afternoon,0,0.07015662587526145
4059,3,2026-05-21,Night,0,0.027542289406952802
4060,4,2026-05-21,Morning,0,0.04826651367836898
4061,4,2026-05-21,Afternoon,0,0.03604247667054861
4062,4,2026-05-21,Night,0,0.07542347709912367
4063,5,2026-05-21,Morning,0,0.07208597369952446
4064,5,2026-05-21,Afternoon,0,0.08854127880715296
4065,5,2026-05-21,Night,0,0.10687253875214964
4066,1,2026-05-22,Morning,0,0.0537424717873658
4067,1,2026-05-22,Afternoon,0,0.08075707082646383
4068,1,2026-05-22,Night,0,0.03836481124864044
4069,2,2026-05-22,Morning,0,0.09452767704307169
4070,2,2026-05-22,Afternoon,0,0.05914816573949744
4071,2,2026-05-22,Night,0,0.08909535385616202
4072,3,2026-05-22,Morning,0,0.02061677964712505
4073,3,2026-05-22,Afternoon,0,0.0422662997518124
4074,3,2026-05-22,Night,0,0.038260938427658875
4075,4,2026-05-22,Morning,0,0.09091896096086838
4076,4,2026-05-22,Afternoon,0,0.08876861602011915
4077,4,2026-05-22,Night,0,0.04741239928913343
4078,5,2026-05-22,Morning,0,0.07994773517580134
4079,5,2026-05-22,Afternoon,0,0.0803856422156532
4080,5,2026-05-22,Night,0,0.06136208379747393
4081,1,2026-05-23,Morning,0,0.08861994268743062
4082,1,2026-05-23,Afternoon,0,0.08719155404387585
4083,1,2026-05-23,Night,0,0.10083616604134321
4084,2,2026-05-23,Morning,0,0.07649421413400531
4085,2,2026-05-23,Afternoon,0,0.0815498995727365
4086,2,2026-05-23,Night,0,0.05221674045083402
4087,3,2026-05-23,Morning,0,0.026725076608049236
4088,3,2026-05-23,Afternoon,1,-0.0065765787406304455
4089,3,2026-05-23,Night,1,-0.01864641948430379
4090,4,2026-05-23,Morning,0,0.04706169529292148
4091,4,2026-05-23,Afternoon,0,0.047793371814761954
4092,4,2026-05-23,Night,0,0.02750138533162616
4093,5,2026-05-23,Morning,0,0.07964212883064814
4094,5,2026-05-23,Afternoon,0,0.09358926238393006
4095,5,2026-05-23,Night,0,0.08076543868292274
4096,1,2026-05-24,Morning,0,0.10792244962363196
4097,1,2026-05-24,Afternoon,0,0.08643055152098755
4098,1,2026-05-24,Night,0,0.09385142049318579
4099,2,2026-05-24,Morning,0,0.0603682433936647
4100,2,2026-05-24,Afternoon,0,0.06581313721404525
4101,2,2026-05-24,Night,0,0.07303698981122114
4102,3,2026-05-24,Morning,1,-0.043193521712510896
4103,3,2026-05-24,Afternoon,1,-0.03369192100406371
4104,3,2026-05-24,Night,1,-0.002073468505164322
4105,4,2026-05-24,Morning,0,0.06774276028345472
4106,4,2026-05-24,Afternoon,0,0.04226085341451258
4107,4,2026-05-24,Night,0,0.035786317836427384
4108,5,2026-05-24,Morning,0,0.09177169874089891
4109,5,2026-05-24,Afternoon,0,0.108766486065213
4110,5,2026-05-24,Night,0,0.10936719395517303
4111,1,2026-05-25,Morning,0,0.08332946063359925
4112,1,2026-05-25,Afternoon,0,0.08689375321482012
4113,1,2026-05-25,Night,0,0.08759081665497942
4114,2,2026-05-25,Morning,0,0.08379994845455907
4115,2,2026-05-25,Afternoon,0,0.08340319212119868
4116,2,2026-05-25,Night,0,0.06562648723088554
4117,3,2026-05-25,Morning,1,-0.005126231348945631
4118,3,2026-05-25,Afternoon,1,-0.004525948276611902
4119,3,2026-05-25,Night,0,0.03717758496223034
4120,4,2026-05-25,Morning,0,0.03231438209240545
4121,4,2026-05-25,Afternoon,0,0.033809959503017684
4122,4,2026-05-25,Night,0,0.046118352518396466
4123,5,2026-05-25,Morning,0,0.09005539552020952
4124,5,2026-05-25,Afternoon,0,0.10372988084946433
4125,5,2026-05-25,Night,0,0.09722822512309237
4126,1,2026-05-26,Morning,0,0.09552488826965161
4127,1,2026-05-26,Afternoon,0,0.08504271214022563
4128,1,2026-05-26,Night,0,0.07909759324850862
4129,2,2026-05-26,Morning,0,0.023810045313588102
4130,2,2026-05-26,Afternoon,0,0.023432540139098124
4131,2,2026-05-26,Night,0,0.046951560494349676
4132,3,2026-05-26,Morning,0,0.04220957486824628
4133,3,2026-05-26,Afternoon,0,0.029891265316559057
4134,3,2026-05-26,Night,0,0.02202902379367
4135,4,2026-05-26,Morning,0,0.04992620016339788
4136,4,2026-05-26,Afternoon,0,0.0799160053110386
4137,4,2026-05-26,Night,0,0.09218182304502803
4138,5,2026-05-26,Morning,0,0.10824125422248171
4139,5,2026-05-26,Afternoon,0,0.09835800870378814
4140,5,2026-05-26,Night,0,0.07399281686696502
4141,1,2026-05-27,Morning,0,0.08241046716921857
4142,1,2026-05-27,Afternoon,0,0.055867064604116834
4143,1,2026-05-27,Night,0,0.09692523706758943
4144,2,2026-05-27,Morning,0,0.04305809645580938
4145,2,2026-05-27,Afternoon,0,0.08306078267842021
4146,2,2026-05-27,Night,0,0.10267483581893094
4147,3,2026-05-27,Morning,0,0.009952148177501452
4148,3,2026-05-27,Afternoon,0,0.04798958375215778
4149,3,2026-05-27,Night,0,0.050415371026817035
4150,4,2026-05-27,Morning,0,0.07383028748695952
4151,4,2026-05-27,Afternoon,0,0.06703741922135664
4152,4,2026-05-27,Night,0,0.06957994206067403
4153,5,2026-05-27,Morning,0,0.07778150362054403
4154,5,2026-05-27,Afternoon,0,0.05571181946439041
4155,5,2026-05-27,Night,0,0.07262664125082413
4156,1,2026-05-28,Morning,0,0.08046782008710157
4157,1,2026-05-28,Afternoon,0,0.07285950224085957
4158,1,2026-05-28,Night,0,0.06937508421910604
4159,2,2026-05-28,Morning,0,0.10042595616910616
4160,2,2026-05-28,Afternoon,0,0.08054853616008678
4161,2,2026-05-28,Night,0,0.08388274042954152
4162,3,2026-05-28,Morning,0,0.02703657863964537
4163,3,2026-05-28,Afternoon,0,0.049639328125934856
4164,3,2026-05-28,Night,0,0.019201121159093115
4165,4,2026-05-28,Morning,0,0.04612245059138531
4166,4,2026-05-28,Afternoon,0,0.05774986203397392
4167,4,2026-05-28,Night,0,0.059916548950754156
4168,5,2026-05-28,Morning,0,0.10103613080565826
4169,5,2026-05-28,Afternoon,0,0.08325079793613077
4170,5,2026-05-28,Night,0,0.0736650249011539
4171,1,2026-05-29,Morning,0,0.07626789399712591
4172,1,2026-05-29,Afternoon,0,0.042566526139498184
4173,1,2026-05-29,Night,0,0.07540832541608916
4174,2,2026-05-29,Morning,0,0.09186370181435755
4175,2,2026-05-29,Afternoon,0,0.07779840277718297
4176,2,2026-05-29,Night,0,0.07519165775293118
4177,3,2026-05-29,Morning,0,0.017142708165175824
4178,3,2026-05-29,Afternoon,0,0.023418719999999338
4179,3,2026-05-29,Night,0,0.009780375157178223
4180,4,2026-05-29,Morning,0,0.07811526597313889
4181,4,2026-05-29,Afternoon,0,0.07190189232742439
4182,4,2026-05-29,Night,0,0.054528066511906226
4183,5,2026-05-29,Morning,0,0.0833882337530002
4184,5,2026-05-29,Afternoon,0,0.06056835685307377
4185,5,2026-05-29,Night,0,0.09174893014148855
4186,1,2026-05-30,Morning,0,0.08610159384642624
4187,1,2026-05-30,Afternoon,0,0.05383990741059186
4188,1,2026-05-30,Night,0,0.0816776200866367
4189,2,2026-05-30,Morning,0,0.08216718674159174
4190,2,2026-05-30,Afternoon,0,0.08934812886468951
4191,2,2026-05-30,Night,0,0.10149689245681498
4192,3,2026-05-30,Morning,0,0.0032422126658453454
4193,3,2026-05-30,Afternoon,0,0.04462525672394091
4194,3,2026-05-30,Night,0,0.004302320216664213
4195,4,2026-05-30,Morning,0,0.057317927640041566
4196,4,2026-05-30,Afternoon,0,0.040720548632051434
4197,4,2026-05-30,Night,0,0.057577319456302456
4198,5,2026-05-30,Morning,0,0.09228933251824878
4199,5,2026-05-30,Afternoon,0,0.056786686393881625
4200,5,2026-05-30,Night,0,0.0718980014025945
4201,1,2026-05-31,Morning,0,0.09261576408684336
4202,1,2026-05-31,Afternoon,0,0.07652643719314944
4203,1,2026-05-31,Night,0,0.09722486622000337
4204,2,2026-05-31,Morning,0,0.10585270392895474
4205,2,2026-05-31,Afternoon,0,0.08914503705038485
4206,2,2026-05-31,Night,0,0.050905770364154
4207,3,2026-05-31,Morning,0,0.048026126528907476
4208,3,2026-05-31,Afternoon,0,0.02167047998218863
4209,3,2026-05-31,Night,0,0.026616456836766167
4210,4,2026-05-31,Morning,0,0.043392437560074826
4211,4,2026-05-31,Afternoon,0,0.06899489908991835
4212,4,2026-05-31,Night,0,0.08257500595577383
4213,5,2026-05-31,Morning,0,0.051933617099108154
4214,5,2026-05-31,Afternoon,0,0.0932783364078324
4215,5,2026-05-31,Night,0,0.09244895913368678
4216,1,2026-06-01,Morning,0,0.08038597783949741
4217,1,2026-06-01,Afternoon,0,0.07590049894105455
4218,1,2026-06-01,Night,0,0.09251901450252342
4219,2,2026-06-01,Morning,0,0.03689890799608597
4220,2,2026-06-01,Afternoon,0,0.014011776403018095
4221,2,2026-06-01,Night,0,0.08443791337751666
4222,3,2026-06-01,Morning,1,-0.0013056304233972638
4223,3,2026-06-01,Afternoon,0,0.01398207797128126
4224,3,2026-06-01,Night,0,0.012498916934403415
4225,4,2026-06-01,Morning,0,0.08602711551886139
4226,4,2026-06-01,Afternoon,0,0.08261451933411484
4227,4,2026-06-01,Night,0,0.09323611421394223
4228,5,2026-06-01,Morning,0,0.07368463790396579
4229,5,2026-06-01,Afternoon,0,0.08533533275511218
4230,5,2026-06-01,Night,0,0.09568486525169728
4231,1,2026-06-02,Morning,0,0.06701719345898799
4232,1,2026-06-02,Afternoon,0,0.06145380331246442
4233,1,2026-06-02,Night,0,0.0744001899368012
4234,2,2026-06-02,Morning,0,0.04360092074549049
4235,2,2026-06-02,Afternoon,0,0.0846011138893254
4236,2,2026-06-02,Night,0,0.07293034929471837
4237,3,2026-06-02,Morning,1,-0.03978579630420487
4238,3,2026-06-02,Afternoon,0,0.00649691107736472
4239,3,2026-06-02,Night,0,0.07542348372340424
4240,4,2026-06-02,Morning,0,0.09027248048286335
4241,4,2026-06-02,Afternoon,0,0.05964876495293259
4242,4,2026-06-02,Night,0,0.03205574805222189
4243,5,2026-06-02,Morning,0,0.09472706147439991
4244,5,2026-06-02,Afternoon,0,0.06862771032447412
4245,5,2026-06-02,Night,0,0.07601010008798337
4246,1,2026-06-03,Morning,0,0.0449366042941568
4247,1,2026-06-03,Afternoon,0,0.06191897747197528
4248,1,2026-06-03,Night,0,0.07720887398184234
4249,2,2026-06-03,Morning,0,0.10391780656791333
4250,2,2026-06-03,Afternoon,0,0.0959479459284317
4251,2,2026-06-03,Night,0,0.0789066849526574
4252,3,2026-06-03,Morning,0,0.004764874888603443
4253,3,2026-06-03,Afternoon,1,-0.0010693161729575795
4254,3,2026-06-03,Night,0,0.010305878482433029
4255,4,2026-06-03,Morning,0,0.03004154032014139
4256,4,2026-06-03,Afternoon,0,0.04034737906863084
4257,4,2026-06-03,Night,0,0.05817392665290211
4258,5,2026-06-03,Morning,0,0.0794005706375418
4259,5,2026-06-03,Afternoon,0,0.049886756785012865
4260,5,2026-06-03,Night,0,0.09592884988166145
4261,1,2026-06-04,Morning,0,0.06903227147008728
4262,1,2026-06-04,Afternoon,0,0.07744680126858933
4263,1,2026-06-04,Night,0,0.0807867555243782
4264,2,2026-06-04,Morning,0,0.08883181603946988
4265,2,2026-06-04,Afternoon,0,0.06567672878036834
4266,2,2026-06-04,Night,0,0.056883697601760985
4267,3,2026-06-04,Morning,1,-0.011277723927904826
4268,3,2026-06-04,Afternoon,1,-0.004550676447462099
4269,3,2026-06-04,Night,0,0.04408556326212654
4270,4,2026-06-04,Morning,0,0.05167569056842991
4271,4,2026-06-04,Afternoon,0,0.05963217474450899
4272,4,2026-06-04,Night,0,0.05675024629049691
4273,5,2026-06-04,Morning,0,0.08272018744393411
4274,5,2026-06-04,Afternoon,0,0.10227194418448193
4275,5,2026-06-04,Night,0,0.08001477462326756
4276,1,2026-06-05,Morning,0,0.0784842624199465
4277,1,2026-06-05,Afternoon,0,0.06114876371699823
4278,1,2026-06-05,Night,0,0.08417959124028335
4279,2,2026-06-05,Morning,0,0.06343290517485656
4280,2,2026-06-05,Afternoon,0,0.07840397641661129
4281,2,2026-06-05,Night,0,0.09800427101145909
4282,3,2026-06-05,Morning,0,0.043256637512149476
4283,3,2026-06-05,Afternoon,0,0.06562466168321601
4284,3,2026-06-05,Night,0,0.06287212608565285
4285,4,2026-06-05,Morning,0,0.04860197134216837
4286,4,2026-06-05,Afternoon,0,0.07681902742750768
4287,4,2026-06-05,Night,0,0.04073320905524014
4288,5,2026-06-05,Morning,0,0.09034478714173527
4289,5,2026-06-05,Afternoon,0,0.051556979568990635
4290,5,2026-06-05,Night,0,0.07042507131274711
4291,1,2026-06-06,Morning,0,0.08898603969141372
4292,1,2026-06-06,Afternoon,0,0.1058328976947081
4293,1,2026-06-06,Night,0,0.07780744681282703
4294,2,2026-06-06,Morning,0,0.08424005410545249
4295,2,2026-06-06,Afternoon,0,0.0889460102724996
4296,2,2026-06-06,Night,0,0.09700756609441163
4297,3,2026-06-06,Morning,0,0.03021776627034667
4298,3,2026-06-06,Afternoon,0,0.03461676425221183
4299,3,2026-06-06,Night,0,0.021335521357036424
4300,4,2026-06-06,Morning,0,0.050941835836644356
4301,4,2026-06-06,Afternoon,0,0.02978827885401303
4302,4,2026-06-06,Night,0,0.06144326023328067
4303,5,2026-06-06,Morning,0,0.08828112615095901
4304,5,2026-06-06,Afternoon,0,0.08789425031518205
4305,5,2026-06-06,Night,0,0.0734416475063312
4306,1,2026-06-07,Morning,0,0.06707927136838537
4307,1,2026-06-07,Afternoon,0,0.06976340480419574
4308,1,2026-06-07,Night,0,0.053746106736834776
4309,2,2026-06-07,Morning,0,0.09295628941666734
4310,2,2026-06-07,Afternoon,0,0.07274982684224413
4311,2,2026-06-07,Night,0,0.09720340496046304
4312,3,2026-06-07,Morning,1,-0.00029379338680735056
4313,3,2026-06-07,Afternoon,0,0.02922086475893093
4314,3,2026-06-07,Night,0,0.06360081261383393
4315,4,2026-06-07,Morning,0,0.08275533906961091
4316,4,2026-06-07,Afternoon,0,0.0856335324798515
4317,4,2026-06-07,Night,0,0.0831155952576022
4318,5,2026-06-07,Morning,0,0.07764028282922619
4319,5,2026-06-07,Afternoon,0,0.027688271831653122
4320,5,2026-06-07,Night,0,0.07631881667135254
4321,1,2026-06-08,Morning,0,0.04613421613602409
4322,1,2026-06-08,Afternoon,0,0.07254803242162633
4323,1,2026-06-08,Night,0,0.07868577456414105
4324,2,2026-06-08,Morning,0,0.09070118630554602
4325,2,2026-06-08,Afternoon,0,0.07616010459642547
4326,2,2026-06-08,Night,0,0.09884061322645726
4327,3,2026-06-08,Morning,0,0.05648260875093358
4328,3,2026-06-08,Afternoon,0,0.04199828671814754
4329,3,2026-06-08,Night,1,-0.002246735094078245
4330,4,2026-06-08,Morning,0,0.019368087411105628
4331,4,2026-06-08,Afternoon,0,0.019330379217049498
4332,4,2026-06-08,Night,0,0.03401307145919885
4333,5,2026-06-08,Morning,0,0.0792663661980656
4334,5,2026-06-08,Afternoon,0,0.07537941921351321
4335,5,2026-06-08,Night,0,0.09257818114014726
4336,1,2026-06-09,Morning,0,0.1030801299129378
4337,1,2026-06-09,Afternoon,0,0.08768747394369036
4338,1,2026-06-09,Night,0,0.05804750194697261
4339,2,2026-06-09,Morning,0,0.08275861559925635
4340,2,2026-06-09,Afternoon,0,0.07103264071088522
4341,2,2026-06-09,Night,0,0.08078480861493809
4342,3,2026-06-09,Morning,1,-0.01685814185159662
4343,3,2026-06-09,Afternoon,0,0.005576119367974752
4344,3,2026-06-09,Night,0,0.0324199225717805
4345,4,2026-06-09,Morning,0,0.08491037615320718
4346,4,2026-06-09,Afternoon,0,0.046016801534334295
4347,4,2026-06-09,Night,0,0.031011638290422194
4348,5,2026-06-09,Morning,0,0.10071046203801381
4349,5,2026-06-09,Afternoon,0,0.10089591539314918
4350,5,2026-06-09,Night,0,0.07072345068863917
4351,1,2026-06-10,Morning,0,0.0634146349143791
4352,1,2026-06-10,Afternoon,0,0.09838051852515706
4353,1,2026-06-10,Night,0,0.03862195125358292
4354,2,2026-06-10,Morning,0,0.09242647520899389
4355,2,2026-06-10,Afternoon,0,0.09959846716916754
4356,2,2026-06-10,Night,0,0.09857351537848819
4357,3,2026-06-10,Morning,0,0.050182153909331895
4358,3,2026-06-10,Afternoon,0,0.023385872955409948
4359,3,2026-06-10,Night,0,0.014167322980121466
4360,4,2026-06-10,Morning,0,0.006032351282109105
4361,4,2026-06-10,Afternoon,0,0.023697248805568005
4362,4,2026-06-10,Night,0,0.022334567041903175
4363,5,2026-06-10,Morning,0,0.0769670916731876
4364,5,2026-06-10,Afternoon,0,0.06289111890791876
4365,5,2026-06-10,Night,0,0.06947793229127974
4366,1,2026-06-11,Morning,0,0.04075571839875347
4367,1,2026-06-11,Afternoon,0,0.05411894563611552
4368,1,2026-06-11,Night,0,0.05175857798988548
4369,2,2026-06-11,Morning,0,0.0896711348526707
4370,2,2026-06-11,Afternoon,0,0.08785060355861762
4371,2,2026-06-11,Night,0,0.09131232840292569
4372,3,2026-06-11,Morning,0,0.018933750345554112
4373,3,2026-06-11,Afternoon,0,0.004106592605548243
4374,3,2026-06-11,Night,0,0.03744127766883609
4375,4,2026-06-11,Morning,0,0.06486121645381726
4376,4,2026-06-11,Afternoon,0,0.07148379278275158
4377,4,2026-06-11,Night,0,0.02976331571954105
4378,5,2026-06-11,Morning,0,0.09842668571298996
4379,5,2026-06-11,Afternoon,0,0.08876437064674403
4380,5,2026-06-11,Night,0,0.07772216281931316
4381,1,2026-06-12,Morning,0,0.09050991578857942
4382,1,2026-06-12,Afternoon,0,0.07524987631866603
4383,1,2026-06-12,Night,0,0.0835219710410468
4384,2,2026-06-12,Morning,0,0.08565144161850335
4385,2,2026-06-12,Afternoon,0,0.09209490372883233
4386,2,2026-06-12,Night,0,0.06695423923262384
4387,3,2026-06-12,Morning,0,0.011769315628747612
4388,3,2026-06-12,Afternoon,0,0.026822602525990002
4389,3,2026-06-12,Night,0,0.037153384098178255
4390,4,2026-06-12,Morning,0,0.05225537201871577
4391,4,2026-06-12,Afternoon,0,0.00681642626876422
4392,4,2026-06-12,Night,0,0.04706443411046968
4393,5,2026-06-12,Morning,0,0.10557876006756278
4394,5,2026-06-12,Afternoon,0,0.08571107534983569
4395,5,2026-06-12,Night,0,0.0943074406654747
4396,1,2026-06-13,Morning,0,0.03338972882729452
4397,1,2026-06-13,Afternoon,0,0.08198731605274073
4398,1,2026-06-13,Night,0,0.06784931066212996
4399,2,2026-06-13,Morning,0,0.0518046652608557
4400,2,2026-06-13,Afternoon,0,0.07088102472245233
4401,2,2026-06-13,Night,0,0.06766798287856463
4402,3,2026-06-13,Morning,0,0.006148375573032161
4403,3,2026-06-13,Afternoon,1,-0.014163613227414107
4404,3,2026-06-13,Night,0,0.001786788147470908
4405,4,2026-06-13,Morning,0,0.05890333048650831
4406,4,2026-06-13,Afternoon,0,0.055689538539298145
4407,4,2026-06-13,Night,0,0.06421680799943363
4408,5,2026-06-13,Morning,0,0.08257540280144576
4409,5,2026-06-13,Afternoon,0,0.07276441515939475
4410,5,2026-06-13,Night,0,0.05273196097652211
4411,1,2026-06-14,Morning,0,0.09999528944747721
4412,1,2026-06-14,Afternoon,0,0.10312169935725418
4413,1,2026-06-14,Night,0,0.08443749336257272
4414,2,2026-06-14,Morning,0,0.07788053434128239
4415,2,2026-06-14,Afternoon,0,0.07792348945704303
4416,2,2026-06-14,Night,0,0.09790336373588843
4417,3,2026-06-14,Morning,1,-0.005903371415741043
4418,3,2026-06-14,Afternoon,0,0.01763900312423139
4419,3,2026-06-14,Night,1,-0.015528106763331273
4420,4,2026-06-14,Morning,0,0.06343078880419056
4421,4,2026-06-14,Afternoon,0,0.07123999201416198
4422,4,2026-06-14,Night,0,0.08283345802773906
4423,5,2026-06-14,Morning,0,0.058896381442197554
4424,5,2026-06-14,Afternoon,0,0.0648875490008129
4425,5,2026-06-14,Night,0,0.049083154429039766
4426,1,2026-06-15,Morning,0,0.07478074755119524
4427,1,2026-06-15,Afternoon,0,0.08525065106116075
4428,1,2026-06-15,Night,0,0.07232999648458577
4429,2,2026-06-15,Morning,0,0.0789149790487893
4430,2,2026-06-15,Afternoon,0,0.062362274582093924
4431,2,2026-06-15,Night,0,0.09495231426564527
4432,3,2026-06-15,Morning,1,-0.004552167475157631
4433,3,2026-06-15,Afternoon,0,0.029231202226699282
4434,3,2026-06-15,Night,0,0.05301809997276952
4435,4,2026-06-15,Morning,1,-0.00030177601749670213
4436,4,2026-06-15,Afternoon,0,0.023581480446122627
4437,4,2026-06-15,Night,0,0.05561595673338371
4438,5,2026-06-15,Morning,0,0.049889400976416365
4439,5,2026-06-15,Afternoon,0,0.04756810495970476
4440,5,2026-06-15,Night,0,0.08499314232659233
4441,1,2026-06-16,Morning,0,0.07994006207452065
4442,1,2026-06-16,Afternoon,0,0.0839888425355273
4443,1,2026-06-16,Night,0,0.06463220786879642
4444,2,2026-06-16,Morning,0,0.10358186013283871
4445,2,2026-06-16,Afternoon,0,0.07739630711207979
4446,2,2026-06-16,Night,0,0.06045449716037332
4447,3,2026-06-16,Morning,0,0.026121858884777804
4448,3,2026-06-16,Afternoon,0,0.03188747786122259
4449,3,2026-06-16,Night,0,0.04443840605520155
4450,4,2026-06-16,Morning,0,0.007970380083465511
4451,4,2026-06-16,Afternoon,0,0.03431398754400694
4452,4,2026-06-16,Night,0,0.047448996734317794
4453,5,2026-06-16,Morning,0,0.07115467682206678
4454,5,2026-06-16,Afternoon,0,0.044278902947638143
4455,5,2026-06-16,Night,0,0.049684348486585095
4456,1,2026-06-17,Morning,0,0.07259763410729325
4457,1,2026-06-17,Afternoon,0,0.055839114830681824
4458,1,2026-06-17,Night,0,0.07386599457665499
4459,2,2026-06-17,Morning,0,0.10034573854551049
4460,2,2026-06-17,Afternoon,0,0.08827427043331693
4461,2,2026-06-17,Night,0,0.05451029741613833
4462,3,2026-06-17,Morning,1,-0.021213995812218722
4463,3,2026-06-17,Afternoon,1,-0.00587128386705249
4464,3,2026-06-17,Night,1,-0.010587130593179284
4465,4,2026-06-17,Morning,0,0.043584567475471014
4466,4,2026-06-17,Afternoon,0,0.02571639325512276
4467,4,2026-06-17,Night,0,0.04074851187890072
4468,5,2026-06-17,Morning,0,0.06698393598063307
4469,5,2026-06-17,Afternoon,0,0.05383854923119413
4470,5,2026-06-17,Night,0,0.06485139415087837
4471,1,2026-06-18,Morning,0,0.048216834343217885
4472,1,2026-06-18,Afternoon,0,0.029170758760078908
4473,1,2026-06-18,Night,0,0.06999414037383439
4474,2,2026-06-18,Morning,0,0.05090575366051964
4475,2,2026-06-18,Afternoon,0,0.027898329661366073
4476,2,2026-06-18,Night,0,0.05866657935943398
4477,3,2026-06-18,Morning,0,0.03081585091282879
4478,3,2026-06-18,Afternoon,0,0.07211861540358017
4479,3,2026-06-18,Night,0,0.016549321781220705
4480,4,2026-06-18,Morning,0,0.026343750982833702
4481,4,2026-06-18,Afternoon,0,0.03441377680109314
4482,4,2026-06-18,Night,0,0.07128199699127019
4483,5,2026-06-18,Morning,0,0.07372991091475023
4484,5,2026-06-18,Afternoon,0,0.050976390478895794
4485,5,2026-06-18,Night,0,0.06779863525344498
4486,1,2026-06-19,Morning,0,0.09338382415423913
4487,1,2026-06-19,Afternoon,0,0.08136863154302554
4488,1,2026-06-19,Night,0,0.07362121140212946
4489,2,2026-06-19,Morning,0,0.04810106792260971
4490,2,2026-06-19,Afternoon,0,0.07207699465617129
4491,2,2026-06-19,Night,0,0.05447180597060364
4492,3,2026-06-19,Morning,0,0.012058167613578474
4493,3,2026-06-19,Afternoon,1,-0.004741543747981192
4494,3,2026-06-19,Night,0,0.014119004042182914
4495,4,2026-06-19,Morning,0,0.029725016691436568
4496,4,2026-06-19,Afternoon,0,0.07299263635923692
4497,4,2026-06-19,Night,0,0.07518105892957255
4498,5,2026-06-19,Morning,0,0.08764351738305848
4499,5,2026-06-19,Afternoon,0,0.09544115330437969
4500,5,2026-06-19,Night,0,0.04503260128501696
4501,1,2026-06-20,Morning,0,0.0960125709575198
4502,1,2026-06-20,Afternoon,0,0.10602332704677209
4503,1,2026-06-20,Night,0,0.07881802754087497
4504,2,2026-06-20,Morning,0,0.058445653592815394
4505,2,2026-06-20,Afternoon,0,0.045296267337471274
4506,2,2026-06-20,Night,0,0.09021209917022116
4507,3,2026-06-20,Morning,0,0.004324832116085253
4508,3,2026-06-20,Afternoon,0,0.022202911495237454
4509,3,2026-06-20,Night,0,0.034357532063933105
4510,4,2026-06-20,Morning,0,0.06106172495793927
4511,4,2026-06-20,Afternoon,0,0.045380900082176656
4512,4,2026-06-20,Night,0,0.07741124568800906
4513,5,2026-06-20,Morning,0,0.042918290084665855
4514,5,2026-06-20,Afternoon,0,0.04923893001835
4515,5,2026-06-20,Night,0,0.03673851377141468
4516,1,2026-06-21,Morning,0,0.06931790394085063
4517,1,2026-06-21,Afternoon,0,0.08794007850919744
4518,1,2026-06-21,Night,0,0.07033097533329463
4519,2,2026-06-21,Morning,0,0.10087247275301658
4520,2,2026-06-21,Afternoon,0,0.08036893689022251
4521,2,2026-06-21,Night,0,0.09326135340613667
4522,3,2026-06-21,Morning,0,0.014442317894687973
4523,3,2026-06-21,Afternoon,0,0.015476742693335654
4524,3,2026-06-21,Night,1,-0.006870193908200761
4525,4,2026-06-21,Morning,0,0.06231155506028069
4526,4,2026-06-21,Afternoon,0,0.06225688078362729
4527,4,2026-06-21,Night,0,0.04811109135189995
4528,5,2026-06-21,Morning,0,0.08877993000664958
4529,5,2026-06-21,Afternoon,0,0.08254225295954515
4530,5,2026-06-21,Night,0,0.09423138287641708
4531,1,2026-06-22,Morning,0,0.09138259810479649
4532,1,2026-06-22,Afternoon,0,0.06983341188086412
4533,1,2026-06-22,Night,0,0.06703918805874015
4534,2,2026-06-22,Morning,0,0.07710796217440419
4535,2,2026-06-22,Afternoon,0,0.09795713651036841
4536,2,2026-06-22,Night,0,0.09754497789241534
4537,3,2026-06-22,Morning,1,-0.013244786885921012
4538,3,2026-06-22,Afternoon,0,0.006923686655515238
4539,3,2026-06-22,Night,1,-0.00625748130837156
4540,4,2026-06-22,Morning,0,0.06904028075245988
4541,4,2026-06-22,Afternoon,0,0.06901975568898089
4542,4,2026-06-22,Night,0,0.0378383182533264
4543,5,2026-06-22,Morning,0,0.10380493774407978
4544,5,2026-06-22,Afternoon,0,0.10179941691795957
4545,5,2026-06-22,Night,0,0.0965170419537823
4546,1,2026-06-23,Morning,0,0.07258298941516794
4547,1,2026-06-23,Afternoon,0,0.0973566919788813
4548,1,2026-06-23,Night,0,0.04120280208882976
4549,2,2026-06-23,Morning,0,0.07136924148892904
4550,2,2026-06-23,Afternoon,0,0.08408947550317941
4551,2,2026-06-23,Night,0,0.04936145310964457
4552,3,2026-06-23,Morning,1,-0.005851433083233326
4553,3,2026-06-23,Afternoon,1,-0.021388010087160403
4554,3,2026-06-23,Night,0,0.012811262401707046
4555,4,2026-06-23,Morning,0,0.07418511169841402
4556,4,2026-06-23,Afternoon,0,0.034303151133533216
4557,4,2026-06-23,Night,1,-0.0052308396527009915
4558,5,2026-06-23,Morning,0,0.04908599571825267
4559,5,2026-06-23,Afternoon,0,0.06925691820066837
4560,5,2026-06-23,Night,0,0.07670968556615393
4561,1,2026-06-24,Morning,0,0.06549626833406919
4562,1,2026-06-24,Afternoon,0,0.025319921610253426
4563,1,2026-06-24,Night,0,0.06321506254123538
4564,2,2026-06-24,Morning,0,0.08090485981456258
4565,2,2026-06-24,Afternoon,0,0.06593347159858243
4566,2,2026-06-24,Night,0,0.07895536879707604
4567,3,2026-06-24,Morning,0,0.014965125334832297
4568,3,2026-06-24,Afternoon,0,0.02724442403455829
4569,3,2026-06-24,Night,0,0.027478890659400568
4570,4,2026-06-24,Morning,0,0.052779025231501686
4571,4,2026-06-24,Afternoon,0,0.03807002179725061
4572,4,2026-06-24,Night,0,0.06462371778888881
4573,5,2026-06-24,Morning,0,0.08526998825753246
4574,5,2026-06-24,Afternoon,0,0.06786284663982478
4575,5,2026-06-24,Night,0,0.08389627513674819
4576,1,2026-06-25,Morning,0,0.07243778707669535
4577,1,2026-06-25,Afternoon,0,0.07870496465440485
4578,1,2026-06-25,Night,0,0.07485596402726513
4579,2,2026-06-25,Morning,0,0.06397821196986225
4580,2,2026-06-25,Afternoon,0,0.07911124740199488
4581,2,2026-06-25,Night,0,0.09919303841580063
4582,3,2026-06-25,Morning,0,0.05183145745535178
4583,3,2026-06-25,Afternoon,0,0.0056339534893232734
4584,3,2026-06-25,Night,0,0.03372620400486248
4585,4,2026-06-25,Morning,0,0.08323170685111453
4586,4,2026-06-25,Afternoon,0,0.059341508420148736
4587,4,2026-06-25,Night,0,0.0886101895246782
4588,5,2026-06-25,Morning,0,0.07382822154270574
4589,5,2026-06-25,Afternoon,0,0.07329135122570707
4590,5,2026-06-25,Night,0,0.07574275724979745
4591,1,2026-06-26,Morning,0,0.07992891727805324
4592,1,2026-06-26,Afternoon,0,0.06933652100420223
4593,1,2026-06-26,Night,0,0.047425598871537855
4594,2,2026-06-26,Morning,0,0.0705524515432781
4595,2,2026-06-26,Afternoon,0,0.05866433905907931
4596,2,2026-06-26,Night,0,0.10065900167664438
4597,3,2026-06-26,Morning,0,0.05518452709818933
4598,3,2026-06-26,Afternoon,0,0.02126345180122935
4599,3,2026-06-26,Night,0,0.0022591492054370166
4600,4,2026-06-26,Morning,0,0.09052724503765869
4601,4,2026-06-26,Afternoon,0,0.06360264834335894
4602,4,2026-06-26,Night,0,0.07540073875503417
4603,5,2026-06-26,Morning,0,0.09462260715620507
4604,5,2026-06-26,Afternoon,0,0.10204241819547205
4605,5,2026-06-26,Night,0,0.09864571009033779
4606,1,2026-06-27,Morning,0,0.0671111390571395
4607,1,2026-06-27,Afternoon,0,0.06713650210959676
4608,1,2026-06-27,Night,0,0.07599321733866182
4609,2,2026-06-27,Morning,0,0.09348034101819308
4610,2,2026-06-27,Afternoon,0,0.10980070209299203
4611,2,2026-06-27,Night,0,0.08990150794008722
4612,3,2026-06-27,Morning,0,0.01060404003861426
4613,3,2026-06-27,Afternoon,0,0.02630436075464815
4614,3,2026-06-27,Night,0,0.0328766250891821
4615,4,2026-06-27,Morning,0,0.08973999123315335
4616,4,2026-06-27,Afternoon,0,0.0637241849651195
4617,4,2026-06-27,Night,0,0.06018778601297292
4618,5,2026-06-27,Morning,0,0.0968907496280958
4619,5,2026-06-27,Afternoon,0,0.10467785706752597
4620,5,2026-06-27,Night,0,0.10140871303078969
4621,1,2026-06-28,Morning,0,0.10543988162565077
4622,1,2026-06-28,Afternoon,0,0.09891463502156794
4623,1,2026-06-28,Night,0,0.07167134665850555
4624,2,2026-06-28,Morning,0,0.059240359165715795
4625,2,2026-06-28,Afternoon,0,0.07552049385860138
4626,2,2026-06-28,Night,0,0.06064832325015157
4627,3,2026-06-28,Morning,0,0.02487411768155101
4628,3,2026-06-28,Afternoon,1,-0.013430655264399127
4629,3,2026-06-28,Night,1,-0.02363547739427896
4630,4,2026-06-28,Morning,0,0.05383430149138402
4631,4,2026-06-28,Afternoon,0,0.06247570696376997
4632,4,2026-06-28,Night,0,0.06991884172887874
4633,5,2026-06-28,Morning,0,0.11385433201391643
4634,5,2026-06-28,Afternoon,0,0.09060571284222746
4635,5,2026-06-28,Night,0,0.09030212450943742
4636,1,2026-06-29,Morning,0,0.09153743088759381
4637,1,2026-06-29,Afternoon,0,0.08673698610437791
4638,1,2026-06-29,Night,0,0.08834086722552292
4639,2,2026-06-29,Morning,0,0.07462978446273039
4640,2,2026-06-29,Afternoon,0,0.07311294620249587
4641,2,2026-06-29,Night,0,0.08421958476305741
4642,3,2026-06-29,Morning,0,7.349394823241706e-05
4643,3,2026-06-29,Afternoon,0,0.029987986924524646
4644,3,2026-06-29,Night,0,0.026684538742385633
4645,4,2026-06-29,Morning,0,0.08861066707831378
4646,4,2026-06-29,Afternoon,0,0.054801781139461436
4647,4,2026-06-29,Night,0,0.06799498010279786
4648,5,2026-06-29,Morning,0,0.08488768772832928
4649,5,2026-06-29,Afternoon,0,0.08171074059014316
4650,5,2026-06-29,Night,0,0.024263213136480388
4651,1,2026-06-30,Morning,0,0.10938355036768077
4652,1,2026-06-30,Afternoon,0,0.08927853306929984
4653,1,2026-06-30,Night,0,0.06931290170160709
4654,2,2026-06-30,Morning,0,0.0692993806462916
4655,2,2026-06-30,Afternoon,0,0.04357279629738742
4656,2,2026-06-30,Night,0,0.09160177924330698
4657,3,2026-06-30,Morning,0,0.02254046478326832
4658,3,2026-06-30,Afternoon,1,-0.00619594532711798
4659,3,2026-06-30,Night,0,0.0023033201043271
4660,4,2026-06-30,Morning,0,0.08708334709948579
4661,4,2026-06-30,Afternoon,0,0.07961602063523687
4662,4,2026-06-30,Night,0,0.04365948310413548
4663,5,2026-06-30,Morning,0,0.045374707609888376
4664,5,2026-06-30,Afternoon,0,0.08088448302266288
4665,5,2026-06-30,Night,0,0.09422670278412831
4666,1,2026-07-01,Morning,0,0.070514566518243
4667,1,2026-07-01,Afternoon,0,0.06889346549604275
4668,1,2026-07-01,Night,0,0.05869371713883814
4669,2,2026-07-01,Morning,0,0.06210503709018533
4670,2,2026-07-01,Afternoon,0,0.05544569230526286
4671,2,2026-07-01,Night,0,0.0695052803377485
4672,3,2026-07-01,Morning,1,-0.024096062584812783
4673,3,2026-07-01,Afternoon,1,-0.020124038640229047
4674,3,2026-07-01,Night,1,-0.04786964462165
4675,4,2026-07-01,Morning,0,0.04747725345594189
4676,4,2026-07-01,Afternoon,0,0.04814591738018803
4677,4,2026-07-01,Night,0,0.04939361451765445
4678,5,2026-07-01,Morning,0,0.06862269537881671
4679,5,2026-07-01,Afternoon,0,0.09249014212702744
4680,5,2026-07-01,Night,0,0.07852914553445878
4681,1,2026-07-02,Morning,0,0.07554375337733832
4682,1,2026-07-02,Afternoon,0,0.06627251700593817
4683,1,2026-07-02,Night,0,0.07174844387317691
4684,2,2026-07-02,Morning,0,0.09441901905812594
4685,2,2026-07-02,Afternoon,0,0.0927959542520983
4686,2,2026-07-02,Night,0,0.10187949088322507
4687,3,2026-07-02,Morning,1,-0.01656552015231083
4688,3,2026-07-02,Afternoon,0,0.04361808413815338
4689,3,2026-07-02,Night,0,0.002513756629164754
4690,4,2026-07-02,Morning,0,0.04393692941079619
4691,4,2026-07-02,Afternoon,0,0.07764969193705379
4692,4,2026-07-02,Night,0,0.0661939841371974
4693,5,2026-07-02,Morning,0,0.06407264057013057
4694,5,2026-07-02,Afternoon,0,0.07126782851085184
4695,5,2026-07-02,Night,0,0.07597743539508273
4696,1,2026-07-03,Morning,0,0.0833519072690489
4697,1,2026-07-03,Afternoon,0,0.07457834122955809
4698,1,2026-07-03,Night,0,0.08393998306600448
4699,2,2026-07-03,Morning,0,0.07843207714552664
4700,2,2026-07-03,Afternoon,0,0.09075215574602707
4701,2,2026-07-03,Night,0,0.0813048329420607
4702,3,2026-07-03,Morning,1,-0.005490566990295154
4703,3,2026-07-03,Afternoon,0,0.012143272379404046
4704,3,2026-07-03,Night,0,0.03234436259156548
4705,4,2026-07-03,Morning,0,0.07036676021081678
4706,4,2026-07-03,Afternoon,0,0.08565611866377659
4707,4,2026-07-03,Night,0,0.06991737096450745
4708,5,2026-07-03,Morning,0,0.06335718952628672
4709,5,2026-07-03,Afternoon,0,0.09897087662425863
4710,5,2026-07-03,Night,0,0.0824872391127407
4711,1,2026-07-04,Morning,0,0.04081476531212447
4712,1,2026-07-04,Afternoon,0,0.08873714537593347
4713,1,2026-07-04,Night,0,0.1097841619275956
4714,2,2026-07-04,Morning,0,0.07503884953726042
4715,2,2026-07-04,Afternoon,0,0.09581619533017466
4716,2,2026-07-04,Night,0,0.07246185221448476
4717,3,2026-07-04,Morning,0,0.0170033596188347
4718,3,2026-07-04,Afternoon,0,0.03487003335311811
4719,3,2026-07-04,Night,0,0.02816014103521358
4720,4,2026-07-04,Morning,0,0.04614199241070138
4721,4,2026-07-04,Afternoon,0,0.051149489240894463
4722,4,2026-07-04,Night,0,0.028862304099541713
4723,5,2026-07-04,Morning,0,0.07490934993047949
4724,5,2026-07-04,Afternoon,0,0.10412708666181875
4725,5,2026-07-04,Night,0,0.07173918649797206
4726,1,2026-07-05,Morning,0,0.10176670727842069
4727,1,2026-07-05,Afternoon,0,0.07491665646155465
4728,1,2026-07-05,Night,0,0.07211814494370228
4729,2,2026-07-05,Morning,0,0.07399241097982995
4730,2,2026-07-05,Afternoon,0,0.08246498572799132
4731,2,2026-07-05,Night,0,0.10389845693067107
4732,3,2026-07-05,Morning,0,0.012288172116713847
4733,3,2026-07-05,Afternoon,0,0.021045464277309467
4734,3,2026-07-05,Night,0,0.026941062744660016
4735,4,2026-07-05,Morning,0,0.02887197503050165
4736,4,2026-07-05,Afternoon,0,0.04639385641798277
4737,4,2026-07-05,Night,0,0.04735768518588024
4738,5,2026-07-05,Morning,0,0.04492041375640299
4739,5,2026-07-05,Afternoon,0,0.05475343890647588
4740,5,2026-07-05,Night,0,0.08813948801122373
4741,1,2026-07-06,Morning,0,0.09357742110966477
4742,1,2026-07-06,Afternoon,0,0.06677308100315321
4743,1,2026-07-06,Night,0,0.08642939608285
4744,2,2026-07-06,Morning,0,0.09168218291492436
4745,2,2026-07-06,Afternoon,0,0.0924389928376732
4746,2,2026-07-06,Night,0,0.10972321540686808
4747,3,2026-07-06,Morning,0,0.012822637271514892
4748,3,2026-07-06,Afternoon,0,0.017262807540255998
4749,3,2026-07-06,Night,0,0.02297128229598744
4750,4,2026-07-06,Morning,0,0.040326892165788886
4751,4,2026-07-06,Afternoon,0,0.07301339066356394
4752,4,2026-07-06,Night,0,0.04603114532551378
4753,5,2026-07-06,Morning,0,0.09866903695421225
4754,5,2026-07-06,Afternoon,0,0.08265235389361048
4755,5,2026-07-06,Night,0,0.10481651027750433
4756,1,2026-07-07,Morning,0,0.07664744302239462
4757,1,2026-07-07,Afternoon,0,0.08170503760963638
4758,1,2026-07-07,Night,0,0.08418538196246483
4759,2,2026-07-07,Morning,0,0.10497585995298747
4760,2,2026-07-07,Afternoon,0,0.10499505677493615
4761,2,2026-07-07,Night,0,0.055664312166907814
4762,3,2026-07-07,Morning,1,-0.006170583473716018
4763,3,2026-07-07,Afternoon,0,0.023101079911557187
4764,3,2026-07-07,Night,0,0.04230730616953471
4765,4,2026-07-07,Morning,0,0.0415744311619034
4766,4,2026-07-07,Afternoon,0,0.04281484151086312
4767,4,2026-07-07,Night,0,0.04612567987458005
4768,5,2026-07-07,Morning,0,0.10071928220764742
4769,5,2026-07-07,Afternoon,0,0.09408533004864822
4770,5,2026-07-07,Night,0,0.10364373395758808
4771,1,2026-07-08,Morning,0,0.040100514508242924
4772,1,2026-07-08,Afternoon,0,0.08902666909363344
4773,1,2026-07-08,Night,0,0.054071774383930515
4774,2,2026-07-08,Morning,0,0.07197110246078808
4775,2,2026-07-08,Afternoon,0,0.07109025220067366
4776,2,2026-07-08,Night,0,0.0789546893170257
4777,3,2026-07-08,Morning,0,0.03400785032062226
4778,3,2026-07-08,Afternoon,1,-0.004350742767926907
4779,3,2026-07-08,Night,0,0.011799939978219154
4780,4,2026-07-08,Morning,0,0.059654784029204155
4781,4,2026-07-08,Afternoon,0,0.04681941433499914
4782,4,2026-07-08,Night,0,0.04759735529417741
4783,5,2026-07-08,Morning,0,0.08056472868854903
4784,5,2026-07-08,Afternoon,0,0.09389087067095725
4785,5,2026-07-08,Night,0,0.08052724671654149
4786,1,2026-07-09,Morning,0,0.04632074521892093
4787,1,2026-07-09,Afternoon,0,0.05350399629977076
4788,1,2026-07-09,Night,0,0.06681302983622561
4789,2,2026-07-09,Morning,0,0.027025132871349333
4790,2,2026-07-09,Afternoon,0,0.035075053341959705
4791,2,2026-07-09,Night,0,0.07915019525542893
4792,3,2026-07-09,Morning,0,0.046045002018020864
4793,3,2026-07-09,Afternoon,0,0.000628622327309647
4794,3,2026-07-09,Night,0,0.007957926820997163
4795,4,2026-07-09,Morning,0,0.030081664987262835
4796,4,2026-07-09,Afternoon,0,0.05997268236145853
4797,4,2026-07-09,Night,0,0.04468634611752764
4798,5,2026-07-09,Morning,0,0.07862724788163061
4799,5,2026-07-09,Afternoon,0,0.050871490784756945
4800,5,2026-07-09,Night,0,0.018355634974385082
4801,1,2026-07-10,Morning,0,0.06250621953746205
4802,1,2026-07-10,Afternoon,0,0.04321011993768842
4803,1,2026-07-10,Night,0,0.03899399358722078
4804,2,2026-07-10,Morning,0,0.07373108314919935
4805,2,2026-07-10,Afternoon,0,0.050380557754315713
4806,2,2026-07-10,Night,0,0.0713596374357055
4807,3,2026-07-10,Morning,0,0.030929709676948525
4808,3,2026-07-10,Afternoon,0,0.020599035108270103
4809,3,2026-07-10,Night,1,-0.011103171877843487
4810,4,2026-07-10,Morning,0,0.04273652002201245
4811,4,2026-07-10,Afternoon,0,0.05327117665900449
4812,4,2026-07-10,Night,0,0.05412047259671049
4813,5,2026-07-10,Morning,0,0.06984336606992692
4814,5,2026-07-10,Afternoon,0,0.07370587380238552
4815,5,2026-07-10,Night,0,0.06876434879354998
4816,1,2026-07-11,Morning,0,0.06217228618674159
4817,1,2026-07-11,Afternoon,0,0.06396137310995409
4818,1,2026-07-11,Night,0,0.07478209531853663
4819,2,2026-07-11,Morning,0,0.07200281421969779
4820,2,2026-07-11,Afternoon,0,0.0757300221692781
4821,2,2026-07-11,Night,0,0.09163276065693765
4822,3,2026-07-11,Morning,0,0.03279287787387597
4823,3,2026-07-11,Afternoon,1,-0.01373616987197157
4824,3,2026-07-11,Night,1,-0.03841932143487736
4825,4,2026-07-11,Morning,0,0.08115701843478068
4826,4,2026-07-11,Afternoon,0,0.07401076243457433
4827,4,2026-07-11,Night,0,0.026379858058849348
4828,5,2026-07-11,Morning,0,0.07385373411773688
4829,5,2026-07-11,Afternoon,0,0.09806184020163122
4830,5,2026-07-11,Night,0,0.07596719820766912
4831,1,2026-07-12,Morning,0,0.08018659905601094
4832,1,2026-07-12,Afternoon,0,0.091180822046464
4833,1,2026-07-12,Night,0,0.08557773023792603
4834,2,2026-07-12,Morning,0,0.06129008446049328
4835,2,2026-07-12,Afternoon,0,0.06000163875709086
4836,2,2026-07-12,Night,0,0.05573736772662474
4837,3,2026-07-12,Morning,0,0.009282354188969166
4838,3,2026-07-12,Afternoon,0,0.004609989376524903
4839,3,2026-07-12,Night,0,0.022882643004975778
4840,4,2026-07-12,Morning,0,0.0353469346912213
4841,4,2026-07-12,Afternoon,0,0.04620825616346924
4842,4,2026-07-12,Night,0,0.019201976788247532
4843,5,2026-07-12,Morning,0,0.093507835218339
4844,5,2026-07-12,Afternoon,0,0.09813975848908107
4845,5,2026-07-12,Night,0,0.08359488834718026
4846,1,2026-07-13,Morning,0,0.061891431277550146
4847,1,2026-07-13,Afternoon,0,0.11323777479816038
4848,1,2026-07-13,Night,0,0.08158933242308541
4849,2,2026-07-13,Morning,0,0.08604034611516198
4850,2,2026-07-13,Afternoon,0,0.0853806467417485
4851,2,2026-07-13,Night,0,0.04333933815734303
4852,3,2026-07-13,Morning,0,0.029384670873027208
4853,3,2026-07-13,Afternoon,0,0.026727560522484706
4854,3,2026-07-13,Night,0,0.04175417900761891
4855,4,2026-07-13,Morning,1,-0.0012781266042488637
4856,4,2026-07-13,Afternoon,0,0.017824150117769055
4857,4,2026-07-13,Night,0,0.06791701831620223
4858,5,2026-07-13,Morning,0,0.0642480434881686
4859,5,2026-07-13,Afternoon,0,0.09807528472957522
4860,5,2026-07-13,Night,0,0.08554900811631067
4861,1,2026-07-14,Morning,0,0.07399484029127462
4862,1,2026-07-14,Afternoon,0,0.09814040877214136
4863,1,2026-07-14,Night,0,0.07643996600441749
4864,2,2026-07-14,Morning,0,0.03309715339607977
4865,2,2026-07-14,Afternoon,0,0.04096408773693294
4866,2,2026-07-14,Night,0,0.043615578028885826
4867,3,2026-07-14,Morning,0,0.010069359808586031
4868,3,2026-07-14,Afternoon,0,0.02094861044045304
4869,3,2026-07-14,Night,0,0.013132039872016055
4870,4,2026-07-14,Morning,0,0.08171414312030523
4871,4,2026-07-14,Afternoon,0,0.05842650782728781
4872,4,2026-07-14,Night,0,0.05953932702826231
4873,5,2026-07-14,Morning,0,0.09107345123496907
4874,5,2026-07-14,Afternoon,0,0.09115968775179983
4875,5,2026-07-14,Night,0,0.07886064485844657
4876,1,2026-07-15,Morning,0,0.07307202066944452
4877,1,2026-07-15,Afternoon,0,0.10168808116478462
4878,1,2026-07-15,Night,0,0.09903626148981898
4879,2,2026-07-15,Morning,0,0.041879867017723504
4880,2,2026-07-15,Afternoon,0,0.06486094280359839
4881,2,2026-07-15,Night,0,0.09659536081485298
4882,3,2026-07-15,Morning,0,0.04150719556648552
4883,3,2026-07-15,Afternoon,0,0.04666414587141143
4884,3,2026-07-15,Night,0,0.045721335877052516
4885,4,2026-07-15,Morning,0,0.06001665988098581
4886,4,2026-07-15,Afternoon,0,0.0449914277374307
4887,4,2026-07-15,Night,0,0.04736268609922456
4888,5,2026-07-15,Morning,0,0.0870829276871406
4889,5,2026-07-15,Afternoon,0,0.053952064988461834
4890,5,2026-07-15,Night,0,0.04321075664704255
4891,1,2026-07-16,Morning,0,0.06448558996777304
4892,1,2026-07-16,Afternoon,0,0.05000967522135957
4893,1,2026-07-16,Night,0,0.06206105123239747
4894,2,2026-07-16,Morning,0,0.09044530401838408
4895,2,2026-07-16,Afternoon,0,0.07214105075567928
4896,2,2026-07-16,Night,0,0.05265128760203808
4897,3,2026-07-16,Morning,0,0.0039459345881500685
4898,3,2026-07-16,Afternoon,0,0.02951911915912875
4899,3,2026-07-16,Night,0,0.014950480295022994
4900,4,2026-07-16,Morning,0,0.06212447631700441
4901,4,2026-07-16,Afternoon,0,0.07672345237706568
4902,4,2026-07-16,Night,0,0.061915684298614215
4903,5,2026-07-16,Morning,0,0.0704843436671142
4904,5,2026-07-16,Afternoon,0,0.08469721450492723
4905,5,2026-07-16,Night,0,0.10191226792722524
4906,1,2026-07-17,Morning,0,0.03635065227609646
4907,1,2026-07-17,Afternoon,0,0.06429779588495727
4908,1,2026-07-17,Night,0,0.04618205207408321
4909,2,2026-07-17,Morning,0,0.044304662703999464
4910,2,2026-07-17,Afternoon,0,0.0907986139339566
4911,2,2026-07-17,Night,0,0.09330453357388319
4912,3,2026-07-17,Morning,1,-0.001014794931807339
4913,3,2026-07-17,Afternoon,0,0.02967965678754203
4914,3,2026-07-17,Night,0,0.04466839147556401
4915,4,2026-07-17,Morning,0,0.05985709757048213
4916,4,2026-07-17,Afternoon,0,0.04109615080259832
4917,4,2026-07-17,Night,0,0.059520132724817265
4918,5,2026-07-17,Morning,0,0.08697287416835986
4919,5,2026-07-17,Afternoon,0,0.08440548261157121
4920,5,2026-07-17,Night,0,0.09382836737959066
4921,1,2026-07-18,Morning,0,0.039023032786994705
4922,1,2026-07-18,Afternoon,0,0.0850944239707001
4923,1,2026-07-18,Night,0,0.08382442614145302
4924,2,2026-07-18,Morning,0,0.052016634061137434
4925,2,2026-07-18,Afternoon,0,0.09125157360365183
4926,2,2026-07-18,Night,0,0.07832158958890278
4927,3,2026-07-18,Morning,0,0.06467181976378988
4928,3,2026-07-18,Afternoon,0,0.041381272214563114
4929,3,2026-07-18,Night,0,0.04420146188291019
4930,4,2026-07-18,Morning,0,0.0838396290915267
4931,4,2026-07-18,Afternoon,0,0.07010779848979459
4932,4,2026-07-18,Night,0,0.03837065441018206
4933,5,2026-07-18,Morning,0,0.09668882863923317
4934,5,2026-07-18,Afternoon,0,0.09124309723364565
4935,5,2026-07-18,Night,0,0.10461511301205834
4936,1,2026-07-19,Morning,0,0.08735701604271662
4937,1,2026-07-19,Afternoon,0,0.05453728245046152
4938,1,2026-07-19,Night,0,0.08150253892592307
4939,2,2026-07-19,Morning,0,0.08150661355629979
4940,2,2026-07-19,Afternoon,0,0.03884327626663753
4941,2,2026-07-19,Night,0,0.06314530141359054
4942,3,2026-07-19,Morning,0,0.040802248386030415
4943,3,2026-07-19,Afternoon,0,0.03852860626963028
4944,3,2026-07-19,Night,0,0.01488352144219629
4945,4,2026-07-19,Morning,0,0.06363297524639633
4946,4,2026-07-19,Afternoon,0,0.051428869266789135
4947,4,2026-07-19,Night,0,0.05328965277518993
4948,5,2026-07-19,Morning,0,0.09693795486882983
4949,5,2026-07-19,Afternoon,0,0.1078595772568689
4950,5,2026-07-19,Night,0,0.06921172459856784
4951,1,2026-07-20,Morning,0,0.0874703280870866
4952,1,2026-07-20,Afternoon,0,0.07883750813099755
4953,1,2026-07-20,Night,0,0.08688091402522036
4954,2,2026-07-20,Morning,0,0.05783033503799112
4955,2,2026-07-20,Afternoon,0,0.09084135238905638
4956,2,2026-07-20,Night,0,0.09517904614248174
4957,3,2026-07-20,Morning,0,0.04523350854399444
4958,3,2026-07-20,Afternoon,0,0.057206628601256915
4959,3,2026-07-20,Night,0,0.0018749938536740673
4960,4,2026-07-20,Morning,0,0.06311346923848127
4961,4,2026-07-20,Afternoon,0,0.07334135787251922
4962,4,2026-07-20,Night,0,0.05827443425459228
4963,5,2026-07-20,Morning,0,0.08628294553881494
4964,5,2026-07-20,Afternoon,0,0.09283829139731348
4965,5,2026-07-20,Night,0,0.08345693892643169
4966,1,2026-07-21,Morning,0,0.06958574646286331
4967,1,2026-07-21,Afternoon,0,0.05125700392567989
4968,1,2026-07-21,Night,0,0.07914302035306753
4969,2,2026-07-21,Morning,0,0.11278307525923725
4970,2,2026-07-21,Afternoon,0,0.06813292194212617
4971,2,2026-07-21,Night,0,0.06436418331117183
4972,3,2026-07-21,Morning,0,0.04538143073642431
4973,3,2026-07-21,Afternoon,1,-0.010153559928712474
4974,3,2026-07-21,Night,1,-0.03781182438625663
4975,4,2026-07-21,Morning,0,0.0544839034278336
4976,4,2026-07-21,Afternoon,0,0.08552213506259959
4977,4,2026-07-21,Night,0,0.0727253121236407
4978,5,2026-07-21,Morning,0,0.06626126281162542
4979,5,2026-07-21,Afternoon,0,0.08966199396483104
4980,5,2026-07-21,Night,0,0.07613023514712913
4981,1,2026-07-22,Morning,0,0.10890610436631964
4982,1,2026-07-22,Afternoon,0,0.08100835128843725
4983,1,2026-07-22,Night,0,0.03873348080389838
4984,2,2026-07-22,Morning,0,0.08659034494637635
4985,2,2026-07-22,Afternoon,0,0.09710185259957943
4986,2,2026-07-22,Night,0,0.08774047493731008
4987,3,2026-07-22,Morning,1,-0.023487336050238672
4988,3,2026-07-22,Afternoon,1,-0.021010273183590056
4989,3,2026-07-22,Night,1,-0.017578444806243376
4990,4,2026-07-22,Morning,0,0.06075602577823447
4991,4,2026-07-22,Afternoon,0,0.0627479790602265
4992,4,2026-07-22,Night,0,0.07497759844084784
4993,5,2026-07-22,Morning,0,0.0852470308009754
4994,5,2026-07-22,Afternoon,0,0.09932527014197151
4995,5,2026-07-22,Night,0,0.097755124158318
4996,1,2026-07-23,Morning,0,0.019869944050018074
4997,1,2026-07-23,Afternoon,0,0.03785129196978754
4998,1,2026-07-23,Night,0,0.06840948863787327
4999,2,2026-07-23,Morning,0,0.06947295589944064
5000,2,2026-07-23,Afternoon,0,0.07704341791140917
5001,2,2026-07-23,Night,0,0.08462899407237207
5002,3,2026-07-23,Morning,1,-0.030120280331931037
5003,3,2026-07-23,Afternoon,1,-0.0021726962120485194
5004,3,2026-07-23,Night,1,-0.029441871285548205
5005,4,2026-07-23,Morning,0,0.06368199063107499
5006,4,2026-07-23,Afternoon,0,0.07545888272228468
5007,4,2026-07-23,Night,0,0.07088670224688204
5008,5,2026-07-23,Morning,0,0.09083740977651694
5009,5,2026-07-23,Afternoon,0,0.07612377334540588
5010,5,2026-07-23,Night,0,0.06274999254414765
5011,1,2026-07-24,Morning,0,0.08012135080951532
5012,1,2026-07-24,Afternoon,0,0.08944989661800912
5013,1,2026-07-24,Night,0,0.09250139923557543
5014,2,2026-07-24,Morning,0,0.0822422807663078
5015,2,2026-07-24,Afternoon,0,0.08552019412481326
5016,2,2026-07-24,Night,0,0.09636861615667874
5017,3,2026-07-24,Morning,1,-0.022791904095397886
5018,3,2026-07-24,Afternoon,0,0.04911503387158456
5019,3,2026-07-24,Night,0,0.03876650442264751
5020,4,2026-07-24,Morning,0,0.020811141568317204
5021,4,2026-07-24,Afternoon,0,0.011460927679155741
5022,4,2026-07-24,Night,1,-0.004128138626628863
5023,5,2026-07-24,Morning,0,0.0639817395000209
5024,5,2026-07-24,Afternoon,0,0.06219283522127983
5025,5,2026-07-24,Night,0,0.06644094637850578
5026,1,2026-07-25,Morning,0,0.08132228861571872
5027,1,2026-07-25,Afternoon,0,0.10035851276942437
5028,1,2026-07-25,Night,0,0.09108488434847922
5029,2,2026-07-25,Morning,0,0.09330418553819542
5030,2,2026-07-25,Afternoon,0,0.098103478694955
5031,2,2026-07-25,Night,0,0.09024828328865414
5032,3,2026-07-25,Morning,0,0.01843277929752929
5033,3,2026-07-25,Afternoon,0,0.03269031041975734
5034,3,2026-07-25,Night,1,-0.00783048211079107
5035,4,2026-07-25,Morning,0,0.00042027625024809723
5036,4,2026-07-25,Afternoon,0,0.020382168292356284
5037,4,2026-07-25,Night,0,0.04300901997441975
5038,5,2026-07-25,Morning,0,0.08216082660591423
5039,5,2026-07-25,Afternoon,0,0.08975184432406258
5040,5,2026-07-25,Night,0,0.09850560559665356
5041,1,2026-07-26,Morning,0,0.0839382961990141
5042,1,2026-07-26,Afternoon,0,0.08248396158588461
5043,1,2026-07-26,Night,0,0.06400980513866295
5044,2,2026-07-26,Morning,0,0.07826605263846476
5045,2,2026-07-26,Afternoon,0,0.06838426078691157
5046,2,2026-07-26,Night,0,0.08857503401410338
5047,3,2026-07-26,Morning,0,0.019422243867020184
5048,3,2026-07-26,Afternoon,0,0.04017226588345846
5049,3,2026-07-26,Night,0,0.023059103102876843
5050,4,2026-07-26,Morning,0,0.07919538957264277
5051,4,2026-07-26,Afternoon,0,0.0471376970766082
5052,4,2026-07-26,Night,0,0.05683131485606685
5053,5,2026-07-26,Morning,0,0.07505011372133535
5054,5,2026-07-26,Afternoon,0,0.07048230531201655
5055,5,2026-07-26,Night,0,0.05184237988474305
5056,1,2026-07-27,Morning,0,0.06057593784582127
5057,1,2026-07-27,Afternoon,0,0.0723750413398368
5058,1,2026-07-27,Night,0,0.05584926925099565
5059,2,2026-07-27,Morning,0,0.062107050138213105
5060,2,2026-07-27,Afternoon,0,0.06894068480287241
5061,2,2026-07-27,Night,0,0.05466644878864291
5062,3,2026-07-27,Morning,0,0.020532034326158022
5063,3,2026-07-27,Afternoon,0,0.03141983408245619
5064,3,2026-07-27,Night,0,0.01680274663428105
5065,4,2026-07-27,Morning,0,0.05716012934757797
5066,4,2026-07-27,Afternoon,0,0.06931298711960532
5067,4,2026-07-27,Night,0,0.04844133145668228
5068,5,2026-07-27,Morning,0,0.0835940689531548
5069,5,2026-07-27,Afternoon,0,0.06943114358266372
5070,5,2026-07-27,Night,0,0.06459545209367201
5071,1,2026-07-28,Morning,0,0.05222940542516108
5072,1,2026-07-28,Afternoon,0,0.057239074348399865
5073,1,2026-07-28,Night,0,0.08526062350773983
5074,2,2026-07-28,Morning,0,0.02551466842230654
5075,2,2026-07-28,Afternoon,0,0.091859999637116
5076,2,2026-07-28,Night,0,0.10849784011192937
5077,3,2026-07-28,Morning,0,0.049692925471565674
5078,3,2026-07-28,Afternoon,1,-0.002932611909959748
5079,3,2026-07-28,Night,1,-0.0019037119944893544
5080,4,2026-07-28,Morning,0,0.05569932686915535
5081,4,2026-07-28,Afternoon,0,0.018925042052324148
5082,4,2026-07-28,Night,0,0.05708907472935337
5083,5,2026-07-28,Morning,0,0.0841955539851506
5084,5,2026-07-28,Afternoon,0,0.06874244375269162
5085,5,2026-07-28,Night,0,0.071346747844866
5086,1,2026-07-29,Morning,0,0.0961486787613402
5087,1,2026-07-29,Afternoon,0,0.09315383717236525
5088,1,2026-07-29,Night,0,0.05656145579376476
5089,2,2026-07-29,Morning,0,0.08417043031523919
5090,2,2026-07-29,Afternoon,0,0.07040296799156204
5091,2,2026-07-29,Night,0,0.07851777994244363
5092,3,2026-07-29,Morning,0,0.025569743065504857
5093,3,2026-07-29,Afternoon,0,0.04535937481908847
5094,3,2026-07-29,Night,0,0.060030021593178995
5095,4,2026-07-29,Morning,0,0.04786639914767765
5096,4,2026-07-29,Afternoon,0,0.029392103424477956
5097,4,2026-07-29,Night,0,0.043846395924068804
5098,5,2026-07-29,Morning,0,0.05620431350641697
5099,5,2026-07-29,Afternoon,0,0.09117439897742613
5100,5,2026-07-29,Night,0,0.10723119378995344
5101,1,2026-07-30,Morning,0,0.04778480171896826
5102,1,2026-07-30,Afternoon,0,0.03231276775890657
5103,1,2026-07-30,Night,0,0.05160205342577595
5104,2,2026-07-30,Morning,0,0.09231857304016022
5105,2,2026-07-30,Afternoon,0,0.06536834203766612
5106,2,2026-07-30,Night,0,0.0819627577463018
5107,3,2026-07-30,Morning,0,0.00766007412541625
5108,3,2026-07-30,Afternoon,1,-0.029784123624950087
5109,3,2026-07-30,Night,0,0.015413951082315469
5110,4,2026-07-30,Morning,0,0.04547660639948581
5111,4,2026-07-30,Afternoon,0,0.0666985460288056
5112,4,2026-07-30,Night,0,0.0703787364734409
5113,5,2026-07-30,Morning,0,0.08048601612570999
5114,5,2026-07-30,Afternoon,0,0.05553274669954478
5115,5,2026-07-30,Night,0,0.05744263041438674
5116,1,2026-07-31,Morning,0,0.06813386893560147
5117,1,2026-07-31,Afternoon,0,0.026476026232498562
5118,1,2026-07-31,Night,0,0.06044383834200956
5119,2,2026-07-31,Morning,0,0.07151221027505528
5120,2,2026-07-31,Afternoon,0,0.056058537422887855
5121,2,2026-07-31,Night,0,0.08477087826049423
5122,3,2026-07-31,Morning,1,-0.010569512134604109
5123,3,2026-07-31,Afternoon,0,0.04046818051728729
5124,3,2026-07-31,Night,0,0.04869307489217478
5125,4,2026-07-31,Morning,0,0.017954043909956918
5126,4,2026-07-31,Afternoon,0,0.07007707157080312
5127,4,2026-07-31,Night,0,0.05519519461128941
5128,5,2026-07-31,Morning,0,0.03551209073563755
5129,5,2026-07-31,Afternoon,0,0.02172871980509794
5130,5,2026-07-31,Night,0,0.03782374577642722
5131,1,2026-08-01,Morning,0,0.0824134625056267
5132,1,2026-08-01,Afternoon,0,0.067917015254011
5133,1,2026-08-01,Night,0,0.09062175229872682
5134,2,2026-08-01,Morning,0,0.06970100168082405
5135,2,2026-08-01,Afternoon,0,0.09309331972868135
5136,2,2026-08-01,Night,0,0.10319164638769612
5137,3,2026-08-01,Morning,0,0.0035075457045122826
5138,3,2026-08-01,Afternoon,0,0.031419091874149374
5139,3,2026-08-01,Night,0,0.007105813441315445
5140,4,2026-08-01,Morning,0,0.05642811682210758
5141,4,2026-08-01,Afternoon,0,0.04410692850011033
5142,4,2026-08-01,Night,0,0.007650253382415095
5143,5,2026-08-01,Morning,0,0.09858564254979757
5144,5,2026-08-01,Afternoon,0,0.08522954729341065
5145,5,2026-08-01,Night,0,0.08437569199427608
5146,1,2026-08-02,Morning,0,0.08855603736178302
5147,1,2026-08-02,Afternoon,0,0.07486465491637839
5148,1,2026-08-02,Night,0,0.07183486717794935
5149,2,2026-08-02,Morning,0,0.06824260710684166
5150,2,2026-08-02,Afternoon,0,0.07420931519476387
5151,2,2026-08-02,Night,0,0.1010206741673852
5152,3,2026-08-02,Morning,0,0.0046689035290969905
5153,3,2026-08-02,Afternoon,0,0.03586994877192462
5154,3,2026-08-02,Night,0,0.04824008005151126
5155,4,2026-08-02,Morning,0,0.03741832747880858
5156,4,2026-08-02,Afternoon,0,0.051713351040327815
5157,4,2026-08-02,Night,0,0.021373555831824098
5158,5,2026-08-02,Morning,0,0.07864897420976535
5159,5,2026-08-02,Afternoon,0,0.09248136556239578
5160,5,2026-08-02,Night,0,0.08621964080921113
5161,1,2026-08-03,Morning,0,0.08645855786923767
5162,1,2026-08-03,Afternoon,0,0.11388428079063279
5163,1,2026-08-03,Night,0,0.08708526332437172
5164,2,2026-08-03,Morning,0,0.07767616954780276
5165,2,2026-08-03,Afternoon,0,0.07520369892192236
5166,2,2026-08-03,Night,0,0.062361816289626226
5167,3,2026-08-03,Morning,0,0.006640695104316752
5168,3,2026-08-03,Afternoon,0,0.003859157112540257
5169,3,2026-08-03,Night,1,-0.02048808241769484
5170,4,2026-08-03,Morning,0,0.016815741922236227
5171,4,2026-08-03,Afternoon,0,0.0017137432920053541
5172,4,2026-08-03,Night,0,0.031855905574155186
5173,5,2026-08-03,Morning,0,0.05394925558211783
5174,5,2026-08-03,Afternoon,0,0.07595167808529868
5175,5,2026-08-03,Night,0,0.05208814372958315
5176,1,2026-08-04,Morning,0,0.08161337963033155
5177,1,2026-08-04,Afternoon,0,0.09220390935696299
5178,1,2026-08-04,Night,0,0.04763325672563956
5179,2,2026-08-04,Morning,0,0.056869270933113
5180,2,2026-08-04,Afternoon,0,0.05115834512788853
5181,2,2026-08-04,Night,0,0.07556877866372363
5182,3,2026-08-04,Morning,0,0.010303453447852995
5183,3,2026-08-04,Afternoon,0,0.00133779849074811
5184,3,2026-08-04,Night,0,0.04211996831066034
5185,4,2026-08-04,Morning,0,0.016669124697571536
5186,4,2026-08-04,Afternoon,0,0.052533301989690084
5187,4,2026-08-04,Night,0,0.08042132885649933
5188,5,2026-08-04,Morning,0,0.064760007388386
5189,5,2026-08-04,Afternoon,0,0.06964482318415904
5190,5,2026-08-04,Night,0,0.09681101297973349
5191,1,2026-08-05,Morning,0,0.04127090876967998
5192,1,2026-08-05,Afternoon,0,0.0690906523016458
5193,1,2026-08-05,Night,0,0.05194850739024637
5194,2,2026-08-05,Morning,0,0.07752438459032451
5195,2,2026-08-05,Afternoon,0,0.04654807441428632
5196,2,2026-08-05,Night,0,0.05176003528936135
5197,3,2026-08-05,Morning,0,0.001598130525095387
5198,3,2026-08-05,Afternoon,0,0.007946428186427212
5199,3,2026-08-05,Night,0,0.032476941659637215
5200,4,2026-08-05,Morning,0,0.04747408488927318
5201,4,2026-08-05,Afternoon,0,0.03957198339440615
5202,4,2026-08-05,Night,0,0.04990296572503228
5203,5,2026-08-05,Morning,0,0.05781566548172651
5204,5,2026-08-05,Afternoon,0,0.09466764304718733
5205,5,2026-08-05,Night,0,0.08064210981549852
5206,1,2026-08-06,Morning,0,0.08792959617575125
5207,1,2026-08-06,Afternoon,0,0.08180738931143955
5208,1,2026-08-06,Night,0,0.07580272221607404
5209,2,2026-08-06,Morning,0,0.047194943888899554
5210,2,2026-08-06,Afternoon,0,0.08464434003009619
5211,2,2026-08-06,Night,0,0.0721997450972372
5212,3,2026-08-06,Morning,0,0.031383240232690346
5213,3,2026-08-06,Afternoon,0,0.02698342901397588
5214,3,2026-08-06,Night,0,0.029441214928507486
5215,4,2026-08-06,Morning,0,0.07278265640690174
5216,4,2026-08-06,Afternoon,0,0.03667399706579422
5217,4,2026-08-06,Night,0,0.06261473605207457
5218,5,2026-08-06,Morning,0,0.0857150551884926
5219,5,2026-08-06,Afternoon,0,0.0886610461146084
5220,5,2026-08-06,Night,0,0.11031456494167674
5221,1,2026-08-07,Morning,0,0.05227251895335505
5222,1,2026-08-07,Afternoon,0,0.04682468288291297
5223,1,2026-08-07,Night,0,0.041276307519971134
5224,2,2026-08-07,Morning,0,0.05113566557505611
5225,2,2026-08-07,Afternoon,0,0.06966315906085829
5226,2,2026-08-07,Night,0,0.0747883249823969
5227,3,2026-08-07,Morning,0,0.03890452733780114
5228,3,2026-08-07,Afternoon,0,0.03317276660904611
5229,3,2026-08-07,Night,1,-0.021193479527872094
5230,4,2026-08-07,Morning,0,0.0776186990112181
5231,4,2026-08-07,Afternoon,0,0.05753184743572026
5232,4,2026-08-07,Night,0,0.007880499559641985
5233,5,2026-08-07,Morning,0,0.10899544015594564
5234,5,2026-08-07,Afternoon,0,0.08705850718430319
5235,5,2026-08-07,Night,0,0.09223822676383753
5236,1,2026-08-08,Morning,0,0.055333064836152634
5237,1,2026-08-08,Afternoon,0,0.06851143015543487
5238,1,2026-08-08,Night,0,0.08442453473404643
5239,2,2026-08-08,Morning,0,0.06492585965160158
5240,2,2026-08-08,Afternoon,0,0.04072207357208302
5241,2,2026-08-08,Night,0,0.10017098997782259
5242,3,2026-08-08,Morning,0,0.01801348430913907
5243,3,2026-08-08,Afternoon,0,0.04366271032367497
5244,3,2026-08-08,Night,0,0.02938138474880425
5245,4,2026-08-08,Morning,0,0.03732826143199053
5246,4,2026-08-08,Afternoon,0,0.047874683862313416
5247,4,2026-08-08,Night,0,0.07733654666144307
5248,5,2026-08-08,Morning,0,0.0765049467605704
5249,5,2026-08-08,Afternoon,0,0.09846877613766208
5250,5,2026-08-08,Night,0,0.0694826820318421
5251,1,2026-08-09,Morning,0,0.08182839787035318
5252,1,2026-08-09,Afternoon,0,0.09919572602869164
5253,1,2026-08-09,Night,0,0.08931712951290682
5254,2,2026-08-09,Morning,0,0.11929590610604424
5255,2,2026-08-09,Afternoon,0,0.08295696840146738
5256,2,2026-08-09,Night,0,0.07516922052004121
5257,3,2026-08-09,Morning,0,0.015465698407722495
5258,3,2026-08-09,Afternoon,0,0.018938623443646163
5259,3,2026-08-09,Night,1,-0.003703513455851848
5260,4,2026-08-09,Morning,0,0.06429165627319905
5261,4,2026-08-09,Afternoon,0,0.036948253809960585
5262,4,2026-08-09,Night,0,0.05651708431575159
5263,5,2026-08-09,Morning,0,0.09183568987494162
5264,5,2026-08-09,Afternoon,0,0.08356231911724255
5265,5,2026-08-09,Night,0,0.0449386227802373
5266,1,2026-08-10,Morning,0,0.04406879974487621
5267,1,2026-08-10,Afternoon,0,0.07131479185770478
5268,1,2026-08-10,Night,0,0.06389187903865301
5269,2,2026-08-10,Morning,0,0.04591797792702712
5270,2,2026-08-10,Afternoon,0,0.07331908970713213
5271,2,2026-08-10,Night,0,0.05835740935416189
5272,3,2026-08-10,Morning,1,-0.04126921385462101
5273,3,2026-08-10,Afternoon,0,0.004517866856867836
5274,3,2026-08-10,Night,1,-0.020645086698944937
5275,4,2026-08-10,Morning,0,0.04216317041970308
5276,4,2026-08-10,Afternoon,0,0.018046102997691937
5277,4,2026-08-10,Night,0,0.040154705273757196
5278,5,2026-08-10,Morning,0,0.0742135656723032
5279,5,2026-08-10,Afternoon,0,0.0528838426989825
5280,5,2026-08-10,Night,0,0.06574497651661221
5281,1,2026-08-11,Morning,0,0.08020535385900734
5282,1,2026-08-11,Afternoon,0,0.09148313487406162
5283,1,2026-08-11,Night,0,0.08402529369436401
5284,2,2026-08-11,Morning,0,0.07383468932539022
5285,2,2026-08-11,Afternoon,0,0.04037614160292924
5286,2,2026-08-11,Night,0,0.05836238167569752
5287,3,2026-08-11,Morning,0,0.000860713655974843
5288,3,2026-08-11,Afternoon,0,0.010093222611552322
5289,3,2026-08-11,Night,0,0.02660353476019317
5290,4,2026-08-11,Morning,0,0.06174379779721284
5291,4,2026-08-11,Afternoon,0,0.04927080578916443
5292,4,2026-08-11,Night,0,0.05732565023148062
5293,5,2026-08-11,Morning,0,0.05702331769320884
5294,5,2026-08-11,Afternoon,0,0.09573433202330078
5295,5,2026-08-11,Night,0,0.08378434871269114
5296,1,2026-08-12,Morning,0,0.08300155981126378
5297,1,2026-08-12,Afternoon,0,0.0774098489854067
5298,1,2026-08-12,Night,0,0.059898469460077375
5299,2,2026-08-12,Morning,0,0.08507511338310492
5300,2,2026-08-12,Afternoon,0,0.09065865838994708
5301,2,2026-08-12,Night,0,0.056729742426443464
5302,3,2026-08-12,Morning,0,0.016856633428390944
5303,3,2026-08-12,Afternoon,0,0.006443796755864706
5304,3,2026-08-12,Night,1,-0.029122751349809795
5305,4,2026-08-12,Morning,0,0.0826821180054993
5306,4,2026-08-12,Afternoon,0,0.04712356937280704
5307,4,2026-08-12,Night,0,0.07473278424191238
5308,5,2026-08-12,Morning,0,0.07136130329300555
5309,5,2026-08-12,Afternoon,0,0.0800183888606566
5310,5,2026-08-12,Night,0,0.08298117582081188
5311,1,2026-08-13,Morning,0,0.05711859852548956
5312,1,2026-08-13,Afternoon,0,0.062182358317791564
5313,1,2026-08-13,Night,0,0.07036476159453103
5314,2,2026-08-13,Morning,0,0.08824892419016322
5315,2,2026-08-13,Afternoon,0,0.09945588823627871
5316,2,2026-08-13,Night,0,0.08595391978657607
5317,3,2026-08-13,Morning,0,0.013251892874466265
5318,3,2026-08-13,Afternoon,0,0.02291056611292086
5319,3,2026-08-13,Night,0,0.03666745612524902
5320,4,2026-08-13,Morning,0,0.06256277920668485
5321,4,2026-08-13,Afternoon,0,0.020157516445711177
5322,4,2026-08-13,Night,0,0.03695028408032408
5323,5,2026-08-13,Morning,0,0.06834870883289135
5324,5,2026-08-13,Afternoon,0,0.071490217035103
5325,5,2026-08-13,Night,0,0.056965876952450645
5326,1,2026-08-14,Morning,0,0.08510529472836109
5327,1,2026-08-14,Afternoon,0,0.07807000555143451
5328,1,2026-08-14,Night,0,0.07477924563346561
5329,2,2026-08-14,Morning,0,0.09036153001941782
5330,2,2026-08-14,Afternoon,0,0.09336351038262053
5331,2,2026-08-14,Night,0,0.09660442399465252
5332,3,2026-08-14,Morning,0,0.01863146921014658
5333,3,2026-08-14,Afternoon,0,0.0234294840693261
5334,3,2026-08-14,Night,0,0.034544410184954355
5335,4,2026-08-14,Morning,0,0.024121050885143158
5336,4,2026-08-14,Afternoon,0,0.047875925028515676
5337,4,2026-08-14,Night,0,0.05667466525024151
5338,5,2026-08-14,Morning,0,0.08143198266192114
5339,5,2026-08-14,Afternoon,0,0.08673738744778747
5340,5,2026-08-14,Night,0,0.08015243776573794
5341,1,2026-08-15,Morning,0,0.042063828053601315
5342,1,2026-08-15,Afternoon,0,0.039064258709538224
5343,1,2026-08-15,Night,0,0.06455649425476956
5344,2,2026-08-15,Morning,0,0.0650758170253769
5345,2,2026-08-15,Afternoon,0,0.09933781321413515
5346,2,2026-08-15,Night,0,0.09775958536578655
5347,3,2026-08-15,Morning,1,-0.005169399040910405
5348,3,2026-08-15,Afternoon,1,-0.002096075357327809
5349,3,2026-08-15,Night,0,0.01036090662972744
5350,4,2026-08-15,Morning,0,0.07285966660141463
5351,4,2026-08-15,Afternoon,0,0.06033953217385529
5352,4,2026-08-15,Night,0,0.05007782431114549
5353,5,2026-08-15,Morning,0,0.08074091006218309
5354,5,2026-08-15,Afternoon,0,0.06054127750124616
5355,5,2026-08-15,Night,0,0.08717806905114711
5356,1,2026-08-16,Morning,0,0.07124639571177449
5357,1,2026-08-16,Afternoon,0,0.06994197030468369
5358,1,2026-08-16,Night,0,0.08726170078124168
5359,2,2026-08-16,Morning,0,0.08158592064760378
5360,2,2026-08-16,Afternoon,0,0.0655473993107562
5361,2,2026-08-16,Night,0,0.0555602746225643
5362,3,2026-08-16,Morning,1,-0.00758392284784859
5363,3,2026-08-16,Afternoon,1,-0.004007582825933387
5364,3,2026-08-16,Night,0,0.002231961875941324
5365,4,2026-08-16,Morning,0,0.024478943298825273
5366,4,2026-08-16,Afternoon,0,0.026000118146699003
5367,4,2026-08-16,Night,0,0.0480935486710391
5368,5,2026-08-16,Morning,0,0.09731657214262152
5369,5,2026-08-16,Afternoon,0,0.06852853327890934
5370,5,2026-08-16,Night,0,0.060568989540295826
5371,1,2026-08-17,Morning,0,0.09349650288277717
5372,1,2026-08-17,Afternoon,0,0.09155313133731041
5373,1,2026-08-17,Night,0,0.07501880880399026
5374,2,2026-08-17,Morning,0,0.04907031494484626
5375,2,2026-08-17,Afternoon,0,0.059851263307209246
5376,2,2026-08-17,Night,0,0.05032877275067971
5377,3,2026-08-17,Morning,0,0.00094811226735525
5378,3,2026-08-17,Afternoon,1,-0.033197056324624774
5379,3,2026-08-17,Night,0,0.016177772892015496
5380,4,2026-08-17,Morning,0,0.07509063957821804
5381,4,2026-08-17,Afternoon,0,0.07893965073245218
5382,4,2026-08-17,Night,0,0.06658652546865235
5383,5,2026-08-17,Morning,0,0.06375979382092206
5384,5,2026-08-17,Afternoon,0,0.08673652058998443
5385,5,2026-08-17,Night,0,0.08641893268047085
5386,1,2026-08-18,Morning,0,0.08297045259399694
5387,1,2026-08-18,Afternoon,0,0.10775413828052965
5388,1,2026-08-18,Night,0,0.11199015908104598
5389,2,2026-08-18,Morning,0,0.07534458043343095
5390,2,2026-08-18,Afternoon,0,0.043358869746307205
5391,2,2026-08-18,Night,0,0.05556617327148394
5392,3,2026-08-18,Morning,0,0.015290280045820226
5393,3,2026-08-18,Afternoon,0,0.04645378166935832
5394,3,2026-08-18,Night,0,0.01887948689327046
5395,4,2026-08-18,Morning,0,0.039962461821339
5396,4,2026-08-18,Afternoon,0,0.024123746149735004
5397,4,2026-08-18,Night,0,0.0560936923084262
5398,5,2026-08-18,Morning,0,0.07846923332520622
5399,5,2026-08-18,Afternoon,0,0.06617943427226047
5400,5,2026-08-18,Night,0,0.07249070779927269
5401,1,2026-08-19,Morning,0,0.10704125649107121
5402,1,2026-08-19,Afternoon,0,0.06526952007286385
5403,1,2026-08-19,Night,0,0.06682471007141394
5404,2,2026-08-19,Morning,0,0.049061158238429936
5405,2,2026-08-19,Afternoon,0,0.0829067014168342
5406,2,2026-08-19,Night,0,0.07663967798123422
5407,3,2026-08-19,Morning,0,0.04466959212322397
5408,3,2026-08-19,Afternoon,0,0.05546195196697945
5409,3,2026-08-19,Night,0,0.014001910166344111
5410,4,2026-08-19,Morning,0,0.02143507793587507
5411,4,2026-08-19,Afternoon,0,0.0014157742793121653
5412,4,2026-08-19,Night,0,0.018628891422101113
5413,5,2026-08-19,Morning,0,0.0988305697357103
5414,5,2026-08-19,Afternoon,0,0.0833545569596234
5415,5,2026-08-19,Night,0,0.08574039240686276
5416,1,2026-08-20,Morning,0,0.06665741888657806
5417,1,2026-08-20,Afternoon,0,0.039093630623363906
5418,1,2026-08-20,Night,0,0.10004360686816877
5419,2,2026-08-20,Morning,0,0.06995896831758197
5420,2,2026-08-20,Afternoon,0,0.06533505866195755
5421,2,2026-08-20,Night,0,0.05692307183088452
5422,3,2026-08-20,Morning,0,0.01870811079696677
5423,3,2026-08-20,Afternoon,1,-0.00013114447343187674
5424,3,2026-08-20,Night,0,0.014034667257918687
5425,4,2026-08-20,Morning,0,0.036539251906159254
5426,4,2026-08-20,Afternoon,0,0.06968877249256722
5427,4,2026-08-20,Night,1,-0.0005733402237793062
5428,5,2026-08-20,Morning,0,0.10373316450715997
5429,5,2026-08-20,Afternoon,0,0.11298966753078932
5430,5,2026-08-20,Night,0,0.11189608574293064
5431,1,2026-08-21,Morning,0,0.08351193192719791
5432,1,2026-08-21,Afternoon,0,0.09189843749179605
5433,1,2026-08-21,Night,0,0.06772908319420379
5434,2,2026-08-21,Morning,0,0.1010811182570493
5435,2,2026-08-21,Afternoon,0,0.09626635314685345
5436,2,2026-08-21,Night,0,0.07917443450919576
5437,3,2026-08-21,Morning,0,0.03024168676558614
5438,3,2026-08-21,Afternoon,0,0.048667199023334495
5439,3,2026-08-21,Night,0,0.02673083769812179
5440,4,2026-08-21,Morning,0,0.02464059177059097
5441,4,2026-08-21,Afternoon,0,0.04475136382648015
5442,4,2026-08-21,Night,0,0.0068339608820303654
5443,5,2026-08-21,Morning,0,0.09019210912411374
5444,5,2026-08-21,Afternoon,0,0.10386489770790786
5445,5,2026-08-21,Night,0,0.09888444538411173
5446,1,2026-08-22,Morning,0,0.09560449856089703
5447,1,2026-08-22,Afternoon,0,0.06330678959028474
5448,1,2026-08-22,Night,0,0.06316973103952095
5449,2,2026-08-22,Morning,0,0.08123136851676416
5450,2,2026-08-22,Afternoon,0,0.0909546224811989
5451,2,2026-08-22,Night,0,0.07648864491158364
5452,3,2026-08-22,Morning,0,0.0008601958202210103
5453,3,2026-08-22,Afternoon,0,0.03165022710183896
5454,3,2026-08-22,Night,0,0.04730456302554231
5455,4,2026-08-22,Morning,0,0.03403440223972065
5456,4,2026-08-22,Afternoon,0,0.07521645656077036
5457,4,2026-08-22,Night,0,0.0920094320219868
5458,5,2026-08-22,Morning,0,0.08799669029047863
5459,5,2026-08-22,Afternoon,0,0.07966857447307762
5460,5,2026-08-22,Night,0,0.06191371001711621
5461,1,2026-08-23,Morning,0,0.05830408388847391
5462,1,2026-08-23,Afternoon,0,0.08500180404006086
5463,1,2026-08-23,Night,0,0.09310079489686074
5464,2,2026-08-23,Morning,0,0.08256917015137094
5465,2,2026-08-23,Afternoon,0,0.08973189934847964
5466,2,2026-08-23,Night,0,0.06036112450514758
5467,3,2026-08-23,Morning,0,0.01892798566885623
5468,3,2026-08-23,Afternoon,0,0.007266478038945423
5469,3,2026-08-23,Night,0,0.01586769332048188
5470,4,2026-08-23,Morning,0,0.09123038279334567
5471,4,2026-08-23,Afternoon,0,0.061850238012496506
5472,4,2026-08-23,Night,0,0.058618438379966664
5473,5,2026-08-23,Morning,0,0.08943026955463385
5474,5,2026-08-23,Afternoon,0,0.04579361958523909
5475,5,2026-08-23,Night,0,0.09681575725685382
