machine_id,target_quantity,production_day,production_month,production_day_of_week,is_weekend,shift_encoded,previous_units_produced,previous_rejection_rate,rolling_3_production_avg,rolling_3_rejection_avg
1,1002,24,8,6,1,0,969.0,5.74,969.0,5.74
1,1005,24,8,6,1,1,969.0,5.74,969.0,5.74
1,994,24,8,6,1,2,944.0,4.84,956.5,5.29
2,873,24,8,6,1,0,890.0,6.51,890.0,6.51
2,882,24,8,6,1,1,890.0,6.51,890.0,6.51
2,867,24,8,6,1,2,963.0,1.13,926.5,3.82
3,773,24,8,6,1,0,781.0,2.13,781.0,2.13
3,809,24,8,6,1,1,781.0,2.13,781.0,2.13
3,794,24,8,6,1,2,821.0,2.15,801.0,2.14
4,1004,24,8,6,1,0,903.0,2.9,903.0,2.9
4,1036,24,8,6,1,1,903.0,2.9,903.0,2.9
4,994,24,8,6,1,2,939.0,2.9,921.0,2.9
5,962,24,8,6,1,0,988.0,2.27,988.0,2.27
5,950,24,8,6,1,1,988.0,2.27,988.0,2.27
5,1005,24,8,6,1,2,920.0,4.37,954.0,3.32
1,939,25,8,0,0,0,940.0,1.36,951.0,3.98
1,985,25,8,0,0,1,954.0,2.05,946.0,2.75
1,1013,25,8,0,0,2,925.0,5.42,939.67,2.94
2,884,25,8,0,0,0,930.0,7.19,927.67,4.94
2,911,25,8,0,0,1,899.0,1.21,930.67,3.18
2,898,25,8,0,0,2,857.0,6.85,895.33,5.08
3,817,25,8,0,0,0,809.0,3.8,803.67,2.69
3,777,25,8,0,0,1,751.0,4.33,793.67,3.43
3,803,25,8,0,0,2,746.0,7.21,768.67,5.11
4,1009,25,8,0,0,0,992.0,3.41,944.67,3.07
4,1002,25,8,0,0,1,1009.0,1.56,980.0,2.62
4,1002,25,8,0,0,2,986.0,2.28,995.67,2.42
5,974,25,8,0,0,0,908.0,4.92,938.67,3.85
5,916,25,8,0,0,1,917.0,2.76,915.0,4.02
5,952,25,8,0,0,2,911.0,2.88,912.0,3.52
1,975,26,8,1,0,0,938.0,3.89,939.0,3.79
1,1015,26,8,1,0,1,962.0,1.43,941.67,3.58
1,983,26,8,1,0,2,934.0,7.25,944.67,4.19
2,850,26,8,1,0,0,932.0,3.02,896.0,3.69
2,915,26,8,1,0,1,924.0,6.19,904.33,5.35
2,894,26,8,1,0,2,941.0,5.99,932.33,5.07
3,807,26,8,1,0,0,807.0,5.94,768.0,5.83
3,828,26,8,1,0,1,766.0,6.47,773.0,6.54
3,807,26,8,1,0,2,787.0,5.07,786.67,5.83
4,1003,26,8,1,0,0,975.0,3.56,990.0,2.47
4,999,26,8,1,0,1,972.0,3.09,977.67,2.98
4,977,26,8,1,0,2,1012.0,6.64,986.33,4.43
5,945,26,8,1,0,0,972.0,4.52,933.33,3.39
5,989,26,8,1,0,1,944.0,5.88,942.33,4.43
5,942,26,8,1,0,2,904.0,4.64,940.0,5.01
1,996,27,8,2,0,0,922.0,0.97,939.33,3.22
1,1025,27,8,2,0,1,1012.0,3.8,956.0,4.01
1,969,27,8,2,0,2,953.0,3.05,962.33,2.61
2,912,27,8,2,0,0,937.0,1.47,934.0,4.55
2,868,27,8,2,0,1,891.0,3.68,923.0,3.71
2,907,27,8,2,0,2,914.0,5.87,914.0,3.67
3,799,27,8,2,0,0,780.0,2.99,777.67,4.84
3,812,27,8,2,0,1,779.0,6.14,782.0,4.73
3,779,27,8,2,0,2,836.0,6.17,798.33,5.1
4,989,27,8,2,0,0,1034.0,4.08,1006.0,4.6
4,1013,27,8,2,0,1,983.0,6.2,1009.67,5.64
4,989,27,8,2,0,2,1018.0,6.78,1011.67,5.69
5,965,27,8,2,0,0,928.0,4.43,925.33,4.98
5,954,27,8,2,0,1,916.0,3.78,916.0,4.28
5,941,27,8,2,0,2,941.0,0.95,928.33,3.05
1,993,28,8,3,0,0,938.0,4.29,967.67,3.71
1,1000,28,8,3,0,1,893.0,1.76,928.0,3.03
1,995,28,8,3,0,2,933.0,3.22,921.33,3.09
2,914,28,8,3,0,0,867.0,6.97,890.67,5.51
2,892,28,8,3,0,1,916.0,5.57,899.0,6.14
2,888,28,8,3,0,2,910.0,7.14,897.67,6.56
3,818,28,8,3,0,0,813.0,2.17,809.33,4.83
3,791,28,8,3,0,1,723.0,2.82,790.67,3.72
3,789,28,8,3,0,2,798.0,1.24,778.0,2.08
4,950,28,8,3,0,0,951.0,2.46,984.0,5.15
4,979,28,8,3,0,1,1078.0,2.8,1015.67,4.01
4,983,28,8,3,0,2,972.0,1.92,1000.33,2.39
5,939,28,8,3,0,0,940.0,4.37,932.33,3.03
5,935,28,8,3,0,1,975.0,2.5,952.0,2.61
5,969,28,8,3,0,2,960.0,5.7,958.33,4.19
1,984,29,8,4,0,0,943.0,4.36,923.0,3.11
1,985,29,8,4,0,1,893.0,4.49,923.0,4.02
1,1003,29,8,4,0,2,910.0,1.19,915.33,3.35
2,877,29,8,4,0,0,897.0,2.61,907.67,5.11
2,931,29,8,4,0,1,837.0,5.21,881.33,4.99
2,916,29,8,4,0,2,902.0,2.17,878.67,3.33
3,776,29,8,4,0,0,802.0,1.23,774.33,1.76
3,820,29,8,4,0,1,861.0,1.82,820.33,1.43
3,824,29,8,4,0,2,768.0,6.91,810.33,3.32
4,977,29,8,4,0,0,992.0,4.15,1014.0,2.96
4,976,29,8,4,0,1,1012.0,6.3,992.0,4.12
4,987,29,8,4,0,2,930.0,4.62,978.0,5.02
5,921,29,8,4,0,0,986.0,5.1,973.67,4.43
5,934,29,8,4,0,1,937.0,6.77,961.0,5.86
5,941,29,8,4,0,2,940.0,3.19,954.33,5.02
1,1010,30,8,5,1,0,927.0,4.83,910.0,3.5
1,1001,30,8,5,1,1,970.0,6.64,935.67,4.22
1,997,30,8,5,1,2,961.0,6.06,952.67,5.84
2,890,30,8,5,1,0,863.0,7.0,867.33,4.79
2,873,30,8,5,1,1,909.0,6.77,891.33,5.31
2,911,30,8,5,1,2,911.0,0.98,894.33,4.92
3,811,30,8,5,1,0,787.0,6.64,805.33,5.12
3,787,30,8,5,1,1,874.0,5.21,809.67,6.25
3,777,30,8,5,1,2,818.0,2.5,826.33,4.78
4,1031,30,8,5,1,0,915.0,1.61,952.33,4.18
4,1004,30,8,5,1,1,1011.0,5.78,952.0,4.0
4,1007,30,8,5,1,2,1018.0,5.3,981.33,4.23
5,958,30,8,5,1,0,961.0,3.32,946.0,4.43
5,925,30,8,5,1,1,920.0,2.75,940.33,3.09
5,979,30,8,5,1,2,899.0,2.6,926.67,2.89
1,991,31,8,6,1,0,922.0,2.02,951.0,4.91
1,1016,31,8,6,1,1,963.0,5.12,948.67,4.4
1,1029,31,8,6,1,2,950.0,4.71,945.0,3.95
2,901,31,8,6,1,0,871.0,2.02,897.0,3.26
2,876,31,8,6,1,1,925.0,2.84,902.33,1.95
2,850,31,8,6,1,2,865.0,1.14,887.0,2.0
3,799,31,8,6,1,0,761.0,3.06,817.67,3.59
3,805,31,8,6,1,1,819.0,7.04,799.33,4.2
3,788,31,8,6,1,2,791.0,1.0,790.33,3.7
4,1002,31,8,6,1,0,996.0,4.69,1008.33,5.26
4,1008,31,8,6,1,1,998.0,7.16,1004.0,5.72
4,1019,31,8,6,1,2,977.0,6.51,990.33,6.12
5,945,31,8,6,1,0,926.0,6.75,915.0,4.03
5,949,31,8,6,1,1,869.0,3.01,898.0,4.12
5,946,31,8,6,1,2,938.0,6.94,911.0,5.57
1,1000,1,9,0,0,0,1008.0,4.18,973.67,4.67
1,989,1,9,0,0,1,914.0,4.99,957.33,4.63
1,989,1,9,0,0,2,956.0,7.27,959.33,5.48
2,890,1,9,0,0,0,857.0,6.95,882.33,3.64
2,903,1,9,0,0,1,854.0,5.74,858.67,4.61
2,883,1,9,0,0,2,943.0,3.38,884.67,5.36
3,790,1,9,0,0,0,828.0,6.97,812.67,5.0
3,836,1,9,0,0,1,820.0,6.5,813.0,4.82
3,817,1,9,0,0,2,820.0,6.82,822.67,6.76
4,980,1,9,0,0,0,946.0,6.43,973.67,6.7
4,1017,1,9,0,0,1,1134.0,5.18,1019.0,6.04
4,1012,1,9,0,0,2,1018.0,6.69,1032.67,6.1
5,947,1,9,0,0,0,880.0,5.48,895.67,5.14
5,935,1,9,0,0,1,899.0,4.77,905.67,5.73
5,933,1,9,0,0,2,920.0,1.18,899.67,3.81
1,1004,2,9,1,0,0,952.0,6.58,940.67,6.28
1,983,2,9,1,0,1,875.0,4.79,927.67,6.21
1,1021,2,9,1,0,2,931.0,1.79,919.33,4.39
2,927,2,9,1,0,0,942.0,2.89,913.0,4.0
2,899,2,9,1,0,1,871.0,5.02,918.67,3.76
2,922,2,9,1,0,2,927.0,1.49,913.33,3.13
3,791,2,9,1,0,0,820.0,6.18,820.0,6.5
3,785,2,9,1,0,1,773.0,5.15,804.33,6.05
3,822,2,9,1,0,2,718.0,6.14,770.33,5.82
4,1031,2,9,1,0,0,1006.0,3.18,1052.67,5.02
4,1039,2,9,1,0,1,948.0,1.15,990.67,3.67
4,1006,2,9,1,0,2,975.0,7.14,976.33,3.82
5,967,2,9,1,0,0,1022.0,2.85,947.0,2.93
5,956,2,9,1,0,1,964.0,2.13,968.67,2.05
5,978,2,9,1,0,2,911.0,4.61,965.67,3.2
1,1008,3,9,2,0,0,993.0,4.43,933.0,3.67
1,1016,3,9,2,0,1,899.0,7.13,941.0,4.45
1,977,3,9,2,0,2,986.0,5.74,959.33,5.77
2,895,3,9,2,0,0,901.0,4.56,899.67,3.69
2,916,3,9,2,0,1,941.0,2.59,923.0,2.88
2,914,3,9,2,0,2,950.0,1.04,930.67,2.73
3,817,3,9,2,0,0,807.0,2.77,766.0,4.69
3,802,3,9,2,0,1,817.0,4.11,780.67,4.34
3,786,3,9,2,0,2,830.0,1.54,818.0,2.81
4,998,3,9,2,0,0,1000.0,3.66,974.33,3.98
4,1000,3,9,2,0,1,939.0,3.79,971.33,4.86
4,1004,3,9,2,0,2,1045.0,5.09,994.67,4.18
5,930,3,9,2,0,0,903.0,5.64,926.0,4.13
5,944,3,9,2,0,1,987.0,4.27,933.67,4.84
5,948,3,9,2,0,2,872.0,6.54,920.67,5.48
1,955,4,9,3,0,0,1034.0,3.72,973.0,5.53
1,1016,4,9,3,0,1,968.0,5.19,996.0,4.88
1,1003,4,9,3,0,2,952.0,7.03,984.67,5.31
2,905,4,9,3,0,0,871.0,1.69,920.67,1.77
2,889,4,9,3,0,1,963.0,3.99,928.0,2.24
2,911,4,9,3,0,2,850.0,4.49,894.67,3.39
3,783,4,9,3,0,0,670.0,2.05,772.33,2.57
3,786,4,9,3,0,1,823.0,6.8,774.33,3.46
3,812,4,9,3,0,2,811.0,1.46,768.0,3.44
4,1007,4,9,3,0,0,922.0,1.28,968.67,3.39
4,974,4,9,3,0,1,956.0,1.75,974.33,2.71
4,1031,4,9,3,0,2,1013.0,5.5,963.67,2.84
5,934,4,9,3,0,0,890.0,1.44,916.33,4.08
5,947,4,9,3,0,1,942.0,6.18,901.33,4.72
5,984,4,9,3,0,2,896.0,5.88,909.33,4.5
1,958,5,9,4,0,0,934.0,4.69,951.33,5.64
1,965,5,9,4,0,1,949.0,3.46,945.0,5.06
1,1008,5,9,4,0,2,954.0,6.01,945.67,4.72
2,850,5,9,4,0,0,893.0,7.17,902.0,5.22
2,859,5,9,4,0,1,891.0,3.78,878.0,5.15
2,923,5,9,4,0,2,933.0,1.69,905.67,4.21
3,791,5,9,4,0,0,775.0,3.12,803.0,3.79
3,843,5,9,4,0,1,852.0,3.07,812.67,2.55
3,779,5,9,4,0,2,800.0,6.76,809.0,4.32
4,993,5,9,4,0,0,1015.0,5.76,994.67,4.34
4,1010,5,9,4,0,1,974.0,4.7,1000.67,5.32
4,1009,5,9,4,0,2,947.0,2.87,978.67,4.44
5,944,5,9,4,0,0,907.0,6.2,915.0,6.09
5,937,5,9,4,0,1,976.0,6.06,926.33,6.05
5,954,5,9,4,0,2,961.0,6.06,948.0,6.11
1,1027,6,9,5,1,0,971.0,6.54,958.0,5.34
1,1015,6,9,5,1,1,914.0,4.59,946.33,5.71
1,987,6,9,5,1,2,989.0,3.32,958.0,4.82
2,880,6,9,5,1,0,932.0,6.8,918.67,4.09
2,886,6,9,5,1,1,916.0,4.98,927.0,4.49
2,874,6,9,5,1,2,877.0,1.57,908.33,4.45
3,802,6,9,5,1,0,812.0,7.09,821.33,5.64
3,816,6,9,5,1,1,779.0,6.26,797.0,6.7
3,798,6,9,5,1,2,781.0,1.51,790.67,4.95
4,1034,6,9,5,1,0,1063.0,3.19,994.67,3.59
4,1035,6,9,5,1,1,922.0,6.21,977.33,4.09
4,1006,6,9,5,1,2,923.0,7.05,969.33,5.48
5,964,6,9,5,1,0,929.0,1.38,955.33,4.5
5,931,6,9,5,1,1,921.0,4.66,937.0,4.03
5,942,6,9,5,1,2,964.0,1.73,938.0,2.59
1,1025,7,9,6,1,0,944.0,1.77,949.0,3.23
1,988,7,9,6,1,1,949.0,1.35,960.67,2.15
1,1029,7,9,6,1,2,938.0,1.78,943.67,1.63
2,922,7,9,6,1,0,909.0,1.41,900.67,2.65
2,915,7,9,6,1,1,866.0,4.84,884.0,2.61
2,876,7,9,6,1,2,895.0,2.82,890.0,3.02
3,793,7,9,6,1,0,809.0,7.22,789.67,5.0
3,812,7,9,6,1,1,808.0,1.46,799.33,3.4
3,780,7,9,6,1,2,800.0,4.65,805.67,4.44
4,996,7,9,6,1,0,951.0,6.03,932.0,6.43
4,1015,7,9,6,1,1,999.0,5.49,957.67,6.19
4,988,7,9,6,1,2,1066.0,4.82,1005.33,5.45
5,933,7,9,6,1,0,923.0,4.25,936.0,3.55
5,913,7,9,6,1,1,1017.0,2.77,968.0,2.92
5,942,7,9,6,1,2,897.0,2.18,945.67,3.07
1,1015,8,9,0,0,0,962.0,5.78,949.67,2.97
1,982,8,9,0,0,1,928.0,1.49,942.67,3.02
1,1000,8,9,0,0,2,963.0,3.02,951.0,3.43
2,895,8,9,0,0,0,916.0,6.53,892.33,4.73
2,886,8,9,0,0,1,864.0,6.8,891.67,5.38
2,916,8,9,0,0,2,919.0,6.32,899.67,6.55
3,832,8,9,0,0,0,800.0,5.1,802.67,3.74
3,820,8,9,0,0,1,873.0,6.53,824.33,5.43
3,786,8,9,0,0,2,847.0,7.33,840.0,6.32
4,1039,8,9,0,0,0,949.0,6.78,1004.67,5.7
4,1020,8,9,0,0,1,911.0,7.14,975.33,6.25
4,990,8,9,0,0,2,1034.0,6.43,964.67,6.78
5,934,8,9,0,0,0,845.0,4.74,919.67,3.23
5,972,8,9,0,0,1,979.0,2.78,907.0,3.23
5,953,8,9,0,0,2,930.0,5.97,918.0,4.5
1,982,9,9,1,0,0,1025.0,6.22,972.0,3.58
1,997,9,9,1,0,1,931.0,3.92,973.0,4.39
1,991,9,9,1,0,2,974.0,1.81,976.67,3.98
2,883,9,9,1,0,0,847.0,6.92,876.67,6.68
2,920,9,9,1,0,1,920.0,5.35,895.33,6.2
2,915,9,9,1,0,2,838.0,1.76,868.33,4.68
3,816,9,9,1,0,0,781.0,2.01,833.67,5.29
3,816,9,9,1,0,1,862.0,4.43,830.0,4.59
3,781,9,9,1,0,2,804.0,6.51,815.67,4.32
4,987,9,9,1,0,0,975.0,3.75,973.33,5.77
4,1029,9,9,1,0,1,1050.0,3.67,1019.67,4.62
4,1002,9,9,1,0,2,1005.0,5.55,1010.0,4.32
5,920,9,9,1,0,0,931.0,6.99,946.67,5.25
5,954,9,9,1,0,1,972.0,3.57,944.33,5.51
5,963,9,9,1,0,2,859.0,3.81,920.67,4.79
1,1010,10,9,2,0,0,954.0,2.45,953.0,2.73
1,981,10,9,2,0,1,978.0,6.05,968.67,3.44
1,1037,10,9,2,0,2,1015.0,6.54,982.33,5.01
2,869,10,9,2,0,0,951.0,5.37,903.0,4.16
2,902,10,9,2,0,1,831.0,4.04,873.33,3.72
2,934,10,9,2,0,2,897.0,7.24,893.0,5.55
3,811,10,9,2,0,0,882.0,6.57,849.33,5.84
3,816,10,9,2,0,1,796.0,2.57,827.33,5.22
3,778,10,9,2,0,2,814.0,2.16,830.67,3.77
4,1006,10,9,2,0,0,1034.0,2.36,1029.67,3.86
4,999,10,9,2,0,1,977.0,5.33,1005.33,4.41
4,977,10,9,2,0,2,1018.0,2.12,1009.67,3.27
5,967,10,9,2,0,0,919.0,4.37,916.67,3.92
5,933,10,9,2,0,1,898.0,1.54,892.0,3.24
5,935,10,9,2,0,2,925.0,2.32,914.0,2.74
1,1008,11,9,3,0,0,894.0,7.07,962.33,6.55
1,997,11,9,3,0,1,1028.0,1.25,979.0,4.95
1,1003,11,9,3,0,2,951.0,6.12,957.67,4.81
2,895,11,9,3,0,0,817.0,5.11,848.33,5.46
2,928,11,9,3,0,1,908.0,6.87,874.0,6.41
2,881,11,9,3,0,2,895.0,6.18,873.33,6.05
3,790,11,9,3,0,0,762.0,3.3,790.67,2.68
3,809,11,9,3,0,1,778.0,3.35,784.67,2.94
3,780,11,9,3,0,2,776.0,4.2,772.0,3.62
4,979,11,9,3,0,0,958.0,2.15,984.33,3.2
4,1002,11,9,3,0,1,1034.0,5.83,1003.33,3.37
4,1017,11,9,3,0,2,1003.0,4.29,998.33,4.09
5,969,11,9,3,0,0,888.0,3.37,903.67,2.41
5,951,11,9,3,0,1,924.0,4.45,912.33,3.38
5,936,11,9,3,0,2,891.0,2.62,901.0,3.48
1,1005,12,9,4,0,0,922.0,6.59,967.0,4.65
1,1011,12,9,4,0,1,893.0,3.15,922.0,5.29
1,1005,12,9,4,0,2,924.0,1.7,913.0,3.81
2,924,12,9,4,0,0,891.0,5.81,898.0,6.29
2,879,12,9,4,0,1,967.0,6.12,917.67,6.04
2,886,12,9,4,0,2,935.0,4.2,931.0,5.38
3,821,12,9,4,0,0,739.0,4.03,764.33,3.86
3,770,12,9,4,0,1,765.0,5.79,760.0,4.67
3,789,12,9,4,0,2,758.0,2.82,754.0,4.21
4,985,12,9,4,0,0,992.0,4.43,1009.67,4.85
4,968,12,9,4,0,1,1017.0,3.33,1004.0,4.02
4,996,12,9,4,0,2,1056.0,7.29,1021.67,5.02
5,964,12,9,4,0,0,899.0,1.1,904.67,2.72
5,953,12,9,4,0,1,952.0,1.96,914.0,1.89
5,965,12,9,4,0,2,903.0,2.17,918.0,1.74
1,1023,13,9,5,1,0,906.0,6.69,907.67,3.85
1,992,13,9,5,1,1,951.0,3.65,927.0,4.01
1,1052,13,9,5,1,2,916.0,7.29,924.33,5.88
2,893,13,9,5,1,0,903.0,4.85,935.0,5.06
2,895,13,9,5,1,1,863.0,6.5,900.33,5.18
2,885,13,9,5,1,2,876.0,2.12,880.67,4.49
3,810,13,9,5,1,0,792.0,3.41,771.67,4.01
3,794,13,9,5,1,1,803.0,4.74,784.33,3.66
3,798,13,9,5,1,2,830.0,2.81,808.33,3.65
4,995,13,9,5,1,0,924.0,1.6,999.0,4.07
4,995,13,9,5,1,1,1002.0,3.75,994.0,4.21
4,1003,13,9,5,1,2,914.0,1.72,946.67,2.36
5,940,13,9,5,1,0,910.0,2.88,921.67,2.34
5,941,13,9,5,1,1,955.0,1.95,922.67,2.33
5,971,13,9,5,1,2,863.0,4.11,909.33,2.98
1,994,14,9,6,1,0,940.0,7.21,935.67,6.05
1,1007,14,9,6,1,1,951.0,1.86,935.67,5.45
1,982,14,9,6,1,2,990.0,2.65,960.33,3.91
2,891,14,9,6,1,0,930.0,5.3,889.67,4.64
2,875,14,9,6,1,1,921.0,4.06,909.0,3.83
2,937,14,9,6,1,2,957.0,3.72,936.0,4.36
3,827,14,9,6,1,0,773.0,3.13,802.0,3.56
3,811,14,9,6,1,1,791.0,7.16,798.0,4.37
3,843,14,9,6,1,2,814.0,6.97,792.67,5.75
4,1015,14,9,6,1,0,981.0,4.94,965.67,3.47
4,996,14,9,6,1,1,983.0,4.75,959.33,3.8
4,1007,14,9,6,1,2,973.0,6.44,979.0,5.38
5,977,14,9,6,1,0,903.0,3.22,907.0,3.09
5,932,14,9,6,1,1,913.0,2.04,893.0,3.12
5,926,14,9,6,1,2,945.0,5.31,920.33,3.52
1,1008,15,9,0,0,0,926.0,5.41,955.67,3.31
1,988,15,9,0,0,1,984.0,3.53,966.67,3.86
1,954,15,9,0,0,2,936.0,6.21,948.67,5.05
2,875,15,9,0,0,0,923.0,6.29,933.67,4.69
2,893,15,9,0,0,1,859.0,2.94,913.0,4.32
2,900,15,9,0,0,2,900.0,2.49,894.0,3.91
3,801,15,9,0,0,0,775.0,2.15,793.33,5.43
3,840,15,9,0,0,1,833.0,6.82,807.33,5.31
3,795,15,9,0,0,2,711.0,5.07,773.0,4.68
4,1005,15,9,0,0,0,993.0,2.26,983.0,4.48
4,967,15,9,0,0,1,1025.0,6.14,997.0,4.95
4,999,15,9,0,0,2,1005.0,6.69,1007.67,5.03
5,956,15,9,0,0,0,913.0,4.4,923.67,3.92
5,922,15,9,0,0,1,911.0,2.57,923.0,4.09
5,931,15,9,0,0,2,896.0,5.78,906.67,4.25
1,1009,16,9,1,0,0,868.0,3.98,929.33,4.57
1,989,16,9,1,0,1,930.0,6.63,911.33,5.61
1,997,16,9,1,0,2,991.0,1.69,929.67,4.1
2,910,16,9,1,0,0,967.0,6.75,908.67,4.06
2,940,16,9,1,0,1,889.0,6.12,918.67,5.12
2,895,16,9,1,0,2,860.0,1.94,905.33,4.94
3,835,16,9,1,0,0,740.0,1.86,761.33,4.58
3,760,16,9,1,0,1,763.0,5.1,738.0,4.01
3,802,16,9,1,0,2,816.0,2.63,773.0,3.2
4,993,16,9,1,0,0,1070.0,6.06,1033.33,6.3
4,989,16,9,1,0,1,908.0,4.02,994.33,5.59
4,1013,16,9,1,0,2,1039.0,7.07,1005.67,5.72
5,945,16,9,1,0,0,932.0,5.95,913.0,4.77
5,909,16,9,1,0,1,884.0,4.95,904.0,5.56
5,918,16,9,1,0,2,934.0,5.47,916.67,5.46
1,1014,17,9,2,0,0,929.0,6.45,950.0,4.92
1,967,17,9,2,0,1,918.0,4.77,946.0,4.3
1,1014,17,9,2,0,2,968.0,4.91,938.33,5.38
2,902,17,9,2,0,0,930.0,5.68,893.0,4.58
2,896,17,9,2,0,1,879.0,6.89,889.67,4.84
2,898,17,9,2,0,2,860.0,7.23,889.67,6.6
3,810,17,9,2,0,0,875.0,3.21,818.0,3.65
3,776,17,9,2,0,1,802.0,4.86,831.0,3.57
3,800,17,9,2,0,2,843.0,3.55,840.0,3.87
4,977,17,9,2,0,0,991.0,4.34,979.33,5.14
4,1003,17,9,2,0,1,962.0,0.93,997.33,4.11
4,1012,17,9,2,0,2,939.0,4.48,964.0,3.25
5,953,17,9,2,0,0,959.0,6.89,925.67,5.77
5,962,17,9,2,0,1,878.0,5.79,923.67,6.05
5,935,17,9,2,0,2,878.0,3.94,905.0,5.54
1,998,18,9,3,0,0,1013.0,6.98,966.33,5.55
1,995,18,9,3,0,1,889.0,2.09,956.67,4.66
1,993,18,9,3,0,2,842.0,6.86,914.67,5.31
2,883,18,9,3,0,0,894.0,6.39,877.67,6.84
2,891,18,9,3,0,1,973.0,1.02,909.0,4.88
2,877,18,9,3,0,2,945.0,5.31,937.33,4.24
3,766,18,9,3,0,0,793.0,6.15,812.67,4.85
3,785,18,9,3,0,1,755.0,7.36,797.0,5.69
3,812,18,9,3,0,2,902.0,1.42,816.67,4.98
4,1004,18,9,3,0,0,913.0,6.84,938.0,4.08
4,974,18,9,3,0,1,987.0,2.37,946.33,4.56
4,991,18,9,3,0,2,974.0,2.21,958.0,3.81
5,963,18,9,3,0,0,919.0,1.92,891.67,3.88
5,941,18,9,3,0,1,908.0,1.41,901.67,2.42
5,921,18,9,3,0,2,919.0,4.37,915.33,2.57
1,1045,19,9,4,0,0,947.0,3.37,892.67,4.11
1,996,19,9,4,0,1,999.0,1.96,929.33,4.06
1,976,19,9,4,0,2,867.0,2.14,937.67,2.49
2,903,19,9,4,0,0,889.0,1.55,935.67,2.63
2,898,19,9,4,0,1,868.0,3.66,900.67,3.51
2,869,19,9,4,0,2,937.0,1.16,898.0,2.12
3,801,19,9,4,0,0,802.0,5.87,819.67,4.88
3,819,19,9,4,0,1,828.0,1.08,844.0,2.79
3,795,19,9,4,0,2,754.0,1.69,794.67,2.88
4,958,19,9,4,0,0,978.0,4.68,979.67,3.09
4,1006,19,9,4,0,1,999.0,2.54,983.67,3.14
4,1012,19,9,4,0,2,970.0,5.64,982.33,4.29
5,938,19,9,4,0,0,990.0,3.88,939.0,3.22
5,938,19,9,4,0,1,915.0,5.28,941.33,4.51
5,995,19,9,4,0,2,976.0,2.3,960.33,3.82
1,986,20,9,5,1,0,893.0,5.2,919.67,3.1
1,977,20,9,5,1,1,937.0,1.47,899.0,2.94
1,1000,20,9,5,1,2,963.0,3.8,931.0,3.49
2,911,20,9,5,1,0,950.0,2.46,918.33,2.43
2,910,20,9,5,1,1,879.0,2.66,922.0,2.09
2,850,20,9,5,1,2,941.0,3.49,923.33,2.87
3,786,20,9,5,1,0,779.0,5.23,787.0,2.67
3,823,20,9,5,1,1,824.0,3.63,785.67,3.52
3,806,20,9,5,1,2,716.0,2.85,773.0,3.9
4,975,20,9,5,1,0,965.0,6.49,978.0,4.89
4,1024,20,9,5,1,1,958.0,6.54,964.33,6.22
4,1019,20,9,5,1,2,995.0,4.14,972.67,5.72
5,944,20,9,5,1,0,953.0,1.04,948.0,2.87
5,967,20,9,5,1,1,936.0,1.06,955.0,1.47
5,989,20,9,5,1,2,942.0,5.14,943.67,2.41
1,978,21,9,6,1,0,899.0,6.74,933.0,4.0
1,1011,21,9,6,1,1,956.0,7.27,939.33,5.94
1,1039,21,9,6,1,2,942.0,4.46,932.33,6.16
2,913,21,9,6,1,0,837.0,4.99,885.67,3.71
2,884,21,9,6,1,1,868.0,6.87,882.0,5.12
2,904,21,9,6,1,2,907.0,2.79,870.67,4.88
3,827,21,9,6,1,0,867.0,7.07,802.33,4.52
3,779,21,9,6,1,1,841.0,2.32,808.0,4.08
3,799,21,9,6,1,2,818.0,0.97,842.0,3.45
4,995,21,9,6,1,0,984.0,3.81,979.0,4.83
4,987,21,9,6,1,1,1019.0,5.3,999.33,4.42
4,1004,21,9,6,1,2,906.0,4.33,969.67,4.48
5,947,21,9,6,1,0,861.0,2.71,913.0,2.97
5,962,21,9,6,1,1,950.0,1.55,917.67,3.13
5,972,21,9,6,1,2,900.0,4.86,903.67,3.04
1,974,22,9,0,0,0,928.0,1.07,942.0,4.27
1,1001,22,9,0,0,1,893.0,3.35,921.0,2.96
1,998,22,9,0,0,2,910.0,4.71,910.33,3.04
2,904,22,9,0,0,0,860.0,4.55,878.33,4.74
2,899,22,9,0,0,1,919.0,5.74,895.33,4.36
2,880,22,9,0,0,2,907.0,2.37,895.33,4.22
3,829,22,9,0,0,0,810.0,4.93,823.0,2.74
3,837,22,9,0,0,1,804.0,4.85,810.67,3.58
3,810,22,9,0,0,2,845.0,1.63,819.67,3.8
4,1011,22,9,0,0,0,928.0,1.28,951.0,3.64
4,1002,22,9,0,0,1,978.0,5.42,937.33,3.68
4,1019,22,9,0,0,2,1050.0,3.85,985.33,3.52
5,901,22,9,0,0,0,905.0,2.9,918.33,3.1
5,949,22,9,0,0,1,907.0,5.52,904.0,4.43
5,938,22,9,0,0,2,954.0,3.34,922.0,3.92
1,1002,23,9,1,0,0,992.0,4.06,931.67,4.04
1,1021,23,9,1,0,1,947.0,2.17,949.67,3.65
1,1000,23,9,1,0,2,974.0,4.51,971.0,3.58
2,892,23,9,1,0,0,876.0,4.26,900.67,4.12
2,871,23,9,1,0,1,924.0,5.23,902.33,3.95
2,897,23,9,1,0,2,933.0,2.61,911.0,4.03
3,813,23,9,1,0,0,771.0,1.41,806.67,2.63
3,783,23,9,1,0,1,817.0,2.16,811.0,1.73
3,759,23,9,1,0,2,808.0,4.72,798.67,2.76
4,1045,23,9,1,0,0,1008.0,6.15,1012.0,5.14
4,1006,23,9,1,0,1,1022.0,7.18,1026.67,5.73
4,995,23,9,1,0,2,978.0,6.5,1002.67,6.61
5,977,23,9,1,0,0,867.0,1.59,909.33,3.48
5,952,23,9,1,0,1,967.0,1.23,929.33,2.05
5,976,23,9,1,0,2,909.0,4.92,914.33,2.58
1,1024,24,9,2,0,0,965.0,6.22,962.0,4.3
1,974,24,9,2,0,1,937.0,5.54,958.67,5.42
1,1009,24,9,2,0,2,1000.0,1.38,967.33,4.38
2,934,24,9,2,0,0,918.0,4.18,925.0,4.01
2,880,24,9,2,0,1,957.0,3.04,936.0,3.28
2,880,24,9,2,0,2,907.0,5.03,927.33,4.08
3,783,24,9,2,0,0,756.0,6.9,793.67,4.59
3,817,24,9,2,0,1,835.0,1.07,799.67,4.23
3,805,24,9,2,0,2,803.0,6.95,798.0,4.97
4,961,24,9,2,0,0,1007.0,6.41,1002.33,6.7
4,1006,24,9,2,0,1,959.0,4.1,981.33,5.67
4,994,24,9,2,0,2,1036.0,5.04,1000.67,5.18
5,947,24,9,2,0,0,912.0,1.51,929.33,2.55
5,933,24,9,2,0,1,988.0,5.73,936.33,4.05
5,956,24,9,2,0,2,913.0,3.28,937.67,3.51
1,1021,25,9,3,0,0,914.0,3.08,950.33,3.33
1,987,25,9,3,0,1,909.0,1.2,941.0,1.89
1,966,25,9,3,0,2,919.0,1.08,914.0,1.79
2,893,25,9,3,0,0,910.0,2.47,924.67,3.51
2,915,25,9,3,0,1,909.0,5.41,908.67,4.3
2,891,25,9,3,0,2,939.0,7.03,919.33,4.97
3,770,25,9,3,0,0,842.0,6.13,826.67,4.72
3,815,25,9,3,0,1,755.0,7.25,800.0,6.78
3,828,25,9,3,0,2,815.0,2.51,804.0,5.3
4,1000,25,9,3,0,0,962.0,3.7,985.67,4.28
4,967,25,9,3,0,1,999.0,4.31,999.0,4.35
4,993,25,9,3,0,2,954.0,2.45,971.67,3.49
5,953,25,9,3,0,0,918.0,2.86,939.67,3.96
5,933,25,9,3,0,1,904.0,1.31,911.67,2.48
5,961,25,9,3,0,2,977.0,7.22,933.0,3.8
1,981,26,9,4,0,0,948.0,3.46,925.33,1.91
1,1000,26,9,4,0,1,927.0,2.01,931.33,2.18
1,995,26,9,4,0,2,927.0,2.42,934.0,2.63
2,912,26,9,4,0,0,891.0,4.09,913.0,5.51
2,899,26,9,4,0,1,961.0,1.54,930.33,4.22
2,896,26,9,4,0,2,971.0,6.63,941.0,4.09
3,783,26,9,4,0,0,806.0,4.95,792.0,4.9
3,800,26,9,4,0,1,784.0,7.11,801.67,4.86
3,794,26,9,4,0,2,811.0,5.26,800.33,5.77
4,982,26,9,4,0,0,958.0,2.24,970.33,3.0
4,1003,26,9,4,0,1,972.0,3.48,961.33,2.72
4,1007,26,9,4,0,2,948.0,2.67,959.33,2.8
5,943,26,9,4,0,0,986.0,5.47,955.67,4.67
5,968,26,9,4,0,1,1001.0,2.44,988.0,5.04
5,955,26,9,4,0,2,909.0,6.48,965.33,4.8
1,974,27,9,5,1,0,975.0,4.51,943.0,2.98
1,1026,27,9,5,1,1,1051.0,6.33,984.33,4.42
1,1015,27,9,5,1,2,928.0,3.23,984.67,4.69
2,920,27,9,5,1,0,875.0,6.72,935.67,4.96
2,908,27,9,5,1,1,973.0,6.62,939.67,6.66
2,853,27,9,5,1,2,923.0,6.48,923.67,6.61
3,821,27,9,5,1,0,813.0,4.58,802.67,5.65
3,801,27,9,5,1,1,832.0,5.45,818.67,5.1
3,807,27,9,5,1,2,820.0,5.42,821.67,5.15
4,1010,27,9,5,1,0,978.0,1.51,966.0,2.55
4,1038,27,9,5,1,1,1005.0,6.69,977.0,3.62
4,989,27,9,5,1,2,973.0,3.18,985.33,3.79
5,939,27,9,5,1,0,938.0,4.19,949.33,4.37
5,932,27,9,5,1,1,944.0,6.35,930.33,5.67
5,928,27,9,5,1,2,914.0,4.29,932.0,4.94
1,978,28,9,6,1,0,977.0,2.79,985.33,4.12
1,962,28,9,6,1,1,951.0,2.66,952.0,2.89
1,1008,28,9,6,1,2,975.0,5.98,967.67,3.81
2,939,28,9,6,1,0,944.0,6.53,946.67,6.54
2,941,28,9,6,1,1,909.0,7.15,925.33,6.72
2,882,28,9,6,1,2,963.0,3.22,938.67,5.63
3,794,28,9,6,1,0,855.0,2.06,835.67,4.31
3,824,28,9,6,1,1,807.0,7.03,827.33,4.84
3,808,28,9,6,1,2,782.0,2.98,814.67,4.02
4,1002,28,9,6,1,0,985.0,5.83,987.67,5.23
4,994,28,9,6,1,1,985.0,3.24,981.0,4.08
4,1023,28,9,6,1,2,951.0,5.0,973.67,4.69
5,928,28,9,6,1,0,937.0,5.07,931.67,5.24
5,959,28,9,6,1,1,945.0,1.15,932.0,3.5
5,956,28,9,6,1,2,992.0,5.43,958.0,3.88
1,1000,29,9,0,0,0,1036.0,1.71,987.33,3.45
1,1015,29,9,0,0,1,892.0,2.09,967.67,3.26
1,1000,29,9,0,0,2,862.0,6.1,930.0,3.3
2,889,29,9,0,0,0,924.0,1.6,932.0,3.99
2,901,29,9,0,0,1,928.0,5.4,938.33,3.41
2,868,29,9,0,0,2,848.0,7.02,900.0,4.67
3,812,29,9,0,0,0,807.0,5.61,798.67,5.21
3,817,29,9,0,0,1,826.0,3.73,805.0,4.11
3,786,29,9,0,0,2,796.0,5.13,809.67,4.82
4,982,29,9,0,0,0,957.0,5.9,964.33,4.71
4,987,29,9,0,0,1,952.0,3.64,953.33,4.85
4,998,29,9,0,0,2,970.0,2.41,959.67,3.98
5,954,29,9,0,0,0,927.0,3.94,954.67,3.51
5,982,29,9,0,0,1,879.0,6.49,932.67,5.29
5,979,29,9,0,0,2,987.0,4.08,931.0,4.84
1,1016,30,9,1,0,0,909.0,1.52,887.67,3.24
1,1002,30,9,1,0,1,968.0,6.38,913.0,4.67
1,981,30,9,1,0,2,975.0,1.81,950.67,3.24
2,933,30,9,1,0,0,934.0,1.99,903.33,4.8
2,895,30,9,1,0,1,907.0,6.11,896.33,5.04
2,905,30,9,1,0,2,928.0,4.13,923.0,4.08
3,812,30,9,1,0,0,738.0,7.29,786.67,5.38
3,801,30,9,1,0,1,872.0,4.18,802.0,5.53
3,823,30,9,1,0,2,805.0,2.78,805.0,4.75
4,1009,30,9,1,0,0,994.0,1.19,972.0,2.41
4,1019,30,9,1,0,1,962.0,1.03,975.33,1.54
4,1008,30,9,1,0,2,904.0,1.42,953.33,1.21
5,949,30,9,1,0,0,943.0,5.98,936.33,5.52
5,951,30,9,1,0,1,833.0,2.91,921.0,4.32
5,948,30,9,1,0,2,961.0,6.06,912.33,4.98
1,974,1,10,2,0,0,1003.0,1.18,982.0,3.12
1,979,1,10,2,0,1,911.0,2.57,963.0,1.85
1,1014,1,10,2,0,2,948.0,7.24,954.0,3.66
2,874,1,10,2,0,0,872.0,2.24,902.33,4.16
2,891,1,10,2,0,1,853.0,5.54,884.33,3.97
2,878,1,10,2,0,2,891.0,3.15,872.0,3.64
3,790,1,10,2,0,0,772.0,6.08,816.33,4.35
3,796,1,10,2,0,1,790.0,1.13,789.0,3.33
3,791,1,10,2,0,2,772.0,1.4,778.0,2.87
4,971,1,10,2,0,0,961.0,4.85,942.33,2.43
4,996,1,10,2,0,1,968.0,5.47,944.33,3.91
4,980,1,10,2,0,2,957.0,2.05,962.0,4.12
5,937,1,10,2,0,0,947.0,1.25,913.67,3.41
5,964,1,10,2,0,1,985.0,1.2,964.33,2.84
5,969,1,10,2,0,2,966.0,6.94,966.0,3.13
1,973,2,10,3,0,0,949.0,5.01,936.0,4.94
1,1031,2,10,3,0,1,924.0,6.57,940.33,6.27
1,989,2,10,3,0,2,985.0,3.24,952.67,4.94
2,887,2,10,3,0,0,901.0,4.35,881.67,4.35
2,882,2,10,3,0,1,952.0,3.94,914.67,3.81
2,901,2,10,3,0,2,907.0,5.13,920.0,4.47
3,839,2,10,3,0,0,759.0,4.65,773.67,2.39
3,769,2,10,3,0,1,807.0,1.34,779.33,2.46
3,758,2,10,3,0,2,773.0,6.53,779.67,4.17
4,1005,2,10,3,0,0,1002.0,1.67,975.67,3.06
4,1011,2,10,3,0,1,1000.0,5.3,986.33,3.01
4,1001,2,10,3,0,2,957.0,4.2,986.33,3.72
5,961,2,10,3,0,0,932.0,5.57,961.0,4.57
5,927,2,10,3,0,1,947.0,7.34,948.33,6.62
5,931,2,10,3,0,2,931.0,2.31,936.67,5.07
1,1002,3,10,4,0,0,975.0,6.25,961.33,5.35
1,1035,3,10,4,0,1,939.0,6.57,966.33,5.35
1,1011,3,10,4,0,2,883.0,5.66,932.33,6.16
2,912,3,10,4,0,0,969.0,1.52,942.67,3.53
2,878,3,10,4,0,1,962.0,3.41,946.0,3.35
2,908,3,10,4,0,2,908.0,3.81,946.33,2.91
3,776,3,10,4,0,0,780.0,2.38,786.67,3.42
3,835,3,10,4,0,1,843.0,6.75,798.67,5.22
3,779,3,10,4,0,2,798.0,3.74,807.0,4.29
4,984,3,10,4,0,0,1049.0,2.51,1002.0,4.0
4,970,3,10,4,0,1,916.0,2.35,974.0,3.02
4,1001,3,10,4,0,2,1039.0,5.72,1001.33,3.53
5,950,3,10,4,0,0,934.0,5.37,937.33,5.01
5,980,3,10,4,0,1,949.0,2.16,938.0,3.28
5,965,3,10,4,0,2,940.0,2.59,941.0,3.37
1,984,4,10,5,1,0,930.0,3.23,917.33,5.15
1,1017,4,10,5,1,1,996.0,6.57,936.33,5.15
1,975,4,10,5,1,2,980.0,3.35,968.67,4.38
2,885,4,10,5,1,0,941.0,5.71,937.0,4.31
2,902,4,10,5,1,1,885.0,7.14,911.33,5.55
2,877,4,10,5,1,2,855.0,2.62,893.67,5.16
3,821,4,10,5,1,0,826.0,6.88,822.33,5.79
3,845,4,10,5,1,1,846.0,1.86,823.33,4.16
3,794,4,10,5,1,2,798.0,2.56,823.33,3.77
4,986,4,10,5,1,0,1035.0,1.8,996.67,3.29
4,997,4,10,5,1,1,983.0,3.25,1019.0,3.59
4,988,4,10,5,1,2,928.0,6.36,982.0,3.8
5,955,4,10,5,1,0,928.0,2.62,939.0,2.46
5,923,4,10,5,1,1,912.0,5.59,926.67,3.6
5,956,4,10,5,1,2,916.0,1.19,918.67,3.13
1,1038,5,10,6,1,0,836.0,4.89,937.33,4.94
1,959,5,10,6,1,1,937.0,6.39,917.67,4.88
1,976,5,10,6,1,2,1033.0,6.18,935.33,5.82
2,891,5,10,6,1,0,848.0,5.99,862.67,5.25
2,910,5,10,6,1,1,909.0,1.73,870.67,3.45
2,917,5,10,6,1,2,897.0,4.47,884.67,4.06
3,816,5,10,6,1,0,819.0,1.44,821.0,1.95
3,766,5,10,6,1,1,829.0,3.04,815.33,2.35
3,786,5,10,6,1,2,796.0,4.33,814.67,2.94
4,981,5,10,6,1,0,917.0,4.97,942.67,4.86
4,998,5,10,6,1,1,993.0,4.34,946.0,5.22
4,1000,5,10,6,1,2,1063.0,1.94,991.0,3.75
5,922,5,10,6,1,0,916.0,5.76,914.67,4.18
5,941,5,10,6,1,1,974.0,2.31,935.33,3.09
5,961,5,10,6,1,2,888.0,5.33,926.0,4.47
1,987,6,10,0,0,0,991.0,2.36,987.0,4.98
1,995,6,10,0,0,1,1026.0,2.1,1016.67,3.55
1,1033,6,10,0,0,2,984.0,6.99,1000.33,3.82
2,939,6,10,0,0,0,898.0,6.94,901.33,4.38
2,856,6,10,0,0,1,996.0,6.57,930.33,5.99
2,902,6,10,0,0,2,897.0,4.68,930.33,6.06
3,858,6,10,0,0,0,836.0,3.91,820.33,3.76
3,809,6,10,0,0,1,847.0,5.26,826.33,4.5
3,800,6,10,0,0,2,865.0,1.7,849.33,3.62
4,1026,6,10,0,0,0,974.0,1.12,1010.0,2.47
4,1004,6,10,0,0,1,977.0,6.6,1004.67,3.22
4,1014,6,10,0,0,2,993.0,6.05,981.33,4.59
5,945,6,10,0,0,0,905.0,6.6,922.33,4.75
5,954,6,10,0,0,1,948.0,3.66,913.67,5.2
5,958,6,10,0,0,2,977.0,6.24,943.33,5.5
1,1017,7,10,1,0,0,969.0,5.46,993.0,4.85
1,991,7,10,1,0,1,938.0,6.29,963.67,6.25
1,990,7,10,1,0,2,1005.0,1.76,970.67,4.5
2,861,7,10,1,0,0,944.0,2.38,945.67,4.54
2,892,7,10,1,0,1,900.0,3.43,913.67,3.5
2,919,7,10,1,0,2,963.0,3.51,935.67,3.11
3,809,7,10,1,0,0,754.0,5.28,822.0,4.08
3,780,7,10,1,0,1,774.0,2.52,797.67,3.17
3,761,7,10,1,0,2,747.0,1.45,758.33,3.08
4,997,7,10,1,0,0,1044.0,6.62,1004.67,6.42
4,1018,7,10,1,0,1,1020.0,4.05,1019.0,5.57
4,990,7,10,1,0,2,1019.0,4.41,1027.67,5.03
5,921,7,10,1,0,0,880.0,5.88,935.0,5.26
5,938,7,10,1,0,1,874.0,4.79,910.33,5.64
5,956,7,10,1,0,2,864.0,4.42,872.67,5.03
1,1024,8,10,2,0,0,943.0,3.08,962.0,3.71
1,994,8,10,2,0,1,972.0,5.63,973.33,3.49
1,1021,8,10,2,0,2,980.0,2.58,965.0,3.76
2,918,8,10,2,0,0,866.0,3.88,909.67,3.61
2,876,8,10,2,0,1,869.0,4.19,899.33,3.86
2,925,8,10,2,0,2,888.0,2.63,874.33,3.57
3,805,8,10,2,0,0,865.0,5.05,795.33,3.01
3,775,8,10,2,0,1,755.0,4.55,789.0,3.68
3,835,8,10,2,0,2,836.0,5.64,818.67,5.08
4,997,8,10,2,0,0,967.0,4.16,1002.0,4.21
4,961,8,10,2,0,1,940.0,2.19,975.33,3.59
4,985,8,10,2,0,2,971.0,5.45,959.33,3.93
5,930,8,10,2,0,0,985.0,6.19,907.67,5.13
5,936,8,10,2,0,1,876.0,1.68,908.33,4.1
5,941,8,10,2,0,2,866.0,7.18,909.0,5.02
1,994,9,10,3,0,0,961.0,6.88,971.0,5.03
1,994,9,10,3,0,1,958.0,1.24,966.33,3.57
1,998,9,10,3,0,2,1004.0,5.1,974.33,4.41
2,911,9,10,3,0,0,860.0,6.11,872.33,4.31
2,885,9,10,3,0,1,921.0,6.69,889.67,5.14
2,923,9,10,3,0,2,871.0,4.91,884.0,5.9
3,775,9,10,3,0,0,737.0,2.77,776.0,4.32
3,812,9,10,3,0,1,750.0,6.02,774.33,4.81
3,832,9,10,3,0,2,772.0,2.77,753.0,3.85
4,996,9,10,3,0,0,984.0,5.57,965.0,4.4
4,1003,9,10,3,0,1,1029.0,1.63,994.67,4.22
4,980,9,10,3,0,2,946.0,4.83,986.33,4.01
5,939,9,10,3,0,0,947.0,4.15,896.33,4.34
5,981,9,10,3,0,1,955.0,2.45,922.67,4.59
5,964,9,10,3,0,2,946.0,1.56,949.33,2.72
1,1008,10,10,4,0,0,954.0,6.29,972.0,4.21
1,961,10,10,4,0,1,944.0,4.55,967.33,5.31
1,985,10,10,4,0,2,927.0,4.83,941.67,5.22
2,934,10,10,4,0,0,873.0,3.64,888.33,5.08
2,908,10,10,4,0,1,867.0,3.77,870.33,4.11
2,910,10,10,4,0,2,965.0,5.67,901.67,4.36
3,803,10,10,4,0,0,788.0,5.29,770.0,4.69
3,787,10,10,4,0,1,865.0,1.48,808.33,3.18
3,806,10,10,4,0,2,776.0,2.51,809.67,3.09
4,969,10,10,4,0,0,1065.0,2.11,1013.33,2.86
4,967,10,10,4,0,1,981.0,1.41,997.33,2.78
4,985,10,10,4,0,2,949.0,6.13,998.33,3.22
5,953,10,10,4,0,0,931.0,4.9,944.0,2.97
5,918,10,10,4,0,1,867.0,5.25,914.67,3.9
5,952,10,10,4,0,2,850.0,3.19,882.67,4.45
1,980,11,10,5,1,0,895.0,4.28,922.0,4.55
1,982,11,10,5,1,1,1016.0,4.06,946.0,4.39
1,1025,11,10,5,1,2,966.0,1.33,959.0,3.22
2,900,11,10,5,1,0,922.0,2.74,918.0,4.06
2,881,11,10,5,1,1,903.0,5.45,930.0,4.62
2,903,11,10,5,1,2,906.0,1.63,910.33,3.27
3,770,11,10,5,1,0,759.0,3.31,800.0,2.43
3,807,11,10,5,1,1,770.0,5.29,768.33,3.7
3,822,11,10,5,1,2,849.0,6.08,792.67,4.89
4,1013,11,10,5,1,0,989.0,6.61,973.0,4.72
4,1043,11,10,5,1,1,967.0,6.93,968.33,6.56
4,961,11,10,5,1,2,1028.0,4.37,994.67,5.97
5,952,11,10,5,1,0,944.0,5.32,887.0,4.59
5,923,11,10,5,1,1,937.0,1.78,910.33,3.43
5,946,11,10,5,1,2,917.0,6.33,932.67,4.48
1,1000,12,10,6,1,0,972.0,2.11,984.67,2.5
1,1045,12,10,6,1,1,988.0,2.95,975.33,2.13
1,998,12,10,6,1,2,918.0,1.5,959.33,2.19
2,898,12,10,6,1,0,843.0,3.99,884.0,3.69
2,920,12,10,6,1,1,826.0,3.62,858.33,3.08
2,898,12,10,6,1,2,920.0,3.87,863.0,3.83
3,836,12,10,6,1,0,756.0,7.35,791.67,6.24
3,813,12,10,6,1,1,899.0,4.26,834.67,5.9
3,816,12,10,6,1,2,803.0,3.49,819.33,5.03
4,962,12,10,6,1,0,985.0,5.01,993.33,5.44
4,1039,12,10,6,1,1,990.0,6.07,1001.0,5.15
4,986,12,10,6,1,2,992.0,3.03,989.0,4.7
5,949,12,10,6,1,0,958.0,1.24,937.33,3.12
5,936,12,10,6,1,1,899.0,5.47,924.67,4.35
5,929,12,10,6,1,2,931.0,5.19,929.33,3.97
1,975,13,10,0,0,0,896.0,6.96,934.0,3.8
1,1002,13,10,0,0,1,948.0,4.91,920.67,4.46
1,960,13,10,0,0,2,982.0,5.94,942.0,5.94
2,895,13,10,0,0,0,915.0,6.92,887.0,4.8
2,921,13,10,0,0,1,847.0,1.97,894.0,4.25
2,912,13,10,0,0,2,875.0,1.13,879.0,3.34
3,808,13,10,0,0,0,796.0,6.57,832.67,4.77
3,782,13,10,0,0,1,802.0,7.18,800.33,5.75
3,768,13,10,0,0,2,821.0,3.86,806.33,5.87
4,1020,13,10,0,0,0,973.0,2.11,985.0,3.74
4,991,13,10,0,0,1,900.0,1.64,955.0,2.26
4,998,13,10,0,0,2,931.0,5.0,934.67,2.92
5,946,13,10,0,0,0,929.0,6.26,919.67,5.64
5,963,13,10,0,0,1,921.0,1.29,927.0,4.25
5,986,13,10,0,0,2,989.0,7.31,946.33,4.95
1,1029,14,10,1,0,0,950.0,3.65,960.0,4.83
1,953,14,10,1,0,1,936.0,2.6,956.0,4.06
1,993,14,10,1,0,2,925.0,5.52,937.0,3.92
2,873,14,10,1,0,0,892.0,1.87,871.33,1.66
2,918,14,10,1,0,1,906.0,6.21,891.0,3.07
2,900,14,10,1,0,2,900.0,4.96,899.33,4.35
3,812,14,10,1,0,0,802.0,3.84,808.33,4.96
3,792,14,10,1,0,1,740.0,3.77,787.67,3.82
3,779,14,10,1,0,2,745.0,3.37,762.33,3.66
4,982,14,10,1,0,0,1003.0,5.2,944.67,3.95
4,969,14,10,1,0,1,1001.0,5.92,978.33,5.37
4,974,14,10,1,0,2,1010.0,0.98,1004.67,4.03
5,920,14,10,1,0,0,935.0,7.24,948.33,5.28
5,929,14,10,1,0,1,826.0,2.71,916.67,5.75
5,928,14,10,1,0,2,908.0,4.52,889.67,4.82
1,1007,15,10,2,0,0,937.0,1.37,932.67,3.16
1,1007,15,10,2,0,1,949.0,1.66,937.0,2.85
1,1007,15,10,2,0,2,973.0,4.61,953.0,2.55
2,923,15,10,2,0,0,937.0,4.39,914.33,5.19
2,898,15,10,2,0,1,893.0,4.18,910.0,4.51
2,884,15,10,2,0,2,882.0,5.77,904.0,4.78
3,844,15,10,2,0,0,791.0,3.65,758.67,3.6
3,818,15,10,2,0,1,745.0,3.99,760.33,3.67
3,803,15,10,2,0,2,735.0,6.01,757.0,4.55
4,1001,15,10,2,0,0,956.0,1.04,989.0,2.65
4,1005,15,10,2,0,1,1021.0,3.86,995.67,1.96
4,995,15,10,2,0,2,1007.0,1.18,994.67,2.03
5,952,15,10,2,0,0,945.0,2.38,893.0,3.2
5,959,15,10,2,0,1,1016.0,5.31,956.33,4.07
5,935,15,10,2,0,2,905.0,6.7,955.33,4.8
1,967,16,10,3,0,0,997.0,1.58,973.0,2.62
1,958,16,10,3,0,1,1012.0,4.35,994.0,3.51
1,1017,16,10,3,0,2,968.0,4.35,992.33,3.43
2,868,16,10,3,0,0,864.0,4.11,879.67,4.69
2,909,16,10,3,0,1,885.0,1.45,877.0,3.78
2,876,16,10,3,0,2,907.0,0.98,885.33,2.18
3,777,16,10,3,0,0,773.0,5.39,751.0,5.13
3,785,16,10,3,0,1,761.0,5.93,756.33,5.78
3,803,16,10,3,0,2,758.0,2.07,764.0,4.46
4,974,16,10,3,0,0,960.0,6.8,996.0,3.95
4,987,16,10,3,0,1,1027.0,2.75,998.0,3.58
4,999,16,10,3,0,2,1008.0,1.08,998.33,3.54
5,925,16,10,3,0,0,982.0,1.41,967.67,4.47
5,978,16,10,3,0,1,899.0,3.54,928.67,3.88
5,915,16,10,3,0,2,917.0,4.97,932.67,3.31
1,995,17,10,4,0,0,922.0,5.44,967.33,4.71
1,1025,17,10,4,0,1,968.0,1.22,952.67,3.67
1,973,17,10,4,0,2,1036.0,7.17,975.33,4.61
2,897,17,10,4,0,0,846.0,3.31,879.33,1.91
2,902,17,10,4,0,1,937.0,4.87,896.67,3.05
2,883,17,10,4,0,2,961.0,6.24,914.67,4.81
3,798,17,10,4,0,0,821.0,1.56,780.0,3.19
3,811,17,10,4,0,1,785.0,6.88,788.0,3.5
3,790,17,10,4,0,2,766.0,2.42,790.67,3.62
4,1015,17,10,4,0,0,1019.0,5.03,1018.0,2.95
4,1007,17,10,4,0,1,901.0,4.96,976.0,3.69
4,988,17,10,4,0,2,971.0,6.63,963.67,5.54
5,972,17,10,4,0,0,919.0,6.03,911.67,4.85
5,935,17,10,4,0,1,964.0,6.5,933.33,5.83
5,967,17,10,4,0,2,906.0,6.4,929.67,6.31
1,985,18,10,5,1,0,924.0,7.23,976.0,5.21
1,993,18,10,5,1,1,961.0,4.0,973.67,6.13
1,996,18,10,5,1,2,969.0,6.01,951.33,5.75
2,906,18,10,5,1,0,920.0,5.25,939.33,5.45
2,851,18,10,5,1,1,907.0,7.26,929.33,6.25
2,909,18,10,5,1,2,848.0,7.02,891.67,6.51
3,797,18,10,5,1,0,758.0,3.81,769.67,4.37
3,805,18,10,5,1,1,773.0,2.4,765.67,2.88
3,810,18,10,5,1,2,849.0,5.77,793.33,3.99
4,1007,18,10,5,1,0,968.0,5.19,946.67,5.59
4,959,18,10,5,1,1,989.0,2.94,976.0,4.92
4,978,18,10,5,1,2,1084.0,4.66,1013.67,4.26
5,956,18,10,5,1,0,923.0,5.91,931.0,6.27
5,953,18,10,5,1,1,945.0,5.88,924.67,6.06
5,934,18,10,5,1,2,924.0,0.96,930.67,4.25
1,1014,19,10,6,1,0,979.0,5.23,969.67,5.08
1,994,19,10,6,1,1,941.0,6.18,963.0,5.81
1,1017,19,10,6,1,2,915.0,2.35,945.0,4.59
2,924,19,10,6,1,0,915.0,6.25,890.0,6.84
2,905,19,10,6,1,1,915.0,2.24,892.67,5.17
2,911,19,10,6,1,2,947.0,4.63,925.67,4.37
3,787,19,10,6,1,0,800.0,4.53,807.33,4.23
3,817,19,10,6,1,1,768.0,7.13,805.67,5.81
3,804,19,10,6,1,2,825.0,3.4,797.67,5.02
4,994,19,10,6,1,0,1010.0,5.16,1027.67,4.25
4,975,19,10,6,1,1,962.0,6.6,1018.67,5.47
4,990,19,10,6,1,2,1049.0,6.67,1007.0,6.14
5,927,19,10,6,1,0,881.0,2.65,916.67,3.16
5,965,19,10,6,1,1,873.0,5.52,892.67,3.04
5,974,19,10,6,1,2,859.0,0.92,871.0,3.03
1,1018,20,10,0,0,0,1016.0,4.96,957.33,4.5
1,1049,20,10,0,0,1,1000.0,1.57,977.0,2.96
1,990,20,10,0,0,2,927.0,5.12,981.0,3.88
2,911,20,10,0,0,0,875.0,1.02,912.33,2.63
2,876,20,10,0,0,1,961.0,4.66,927.67,3.44
2,896,20,10,0,0,2,980.0,4.95,938.67,3.54
3,770,20,10,0,0,0,764.0,2.92,785.67,4.48
3,811,20,10,0,0,1,823.0,6.26,804.0,4.19
3,792,20,10,0,0,2,767.0,1.29,784.67,3.49
4,958,20,10,0,0,0,964.0,4.84,991.67,6.04
4,986,20,10,0,0,1,1007.0,6.06,1006.67,5.86
4,1035,20,10,0,0,2,1018.0,4.41,996.33,5.1
5,958,20,10,0,0,0,868.0,6.06,866.67,4.17
5,965,20,10,0,0,1,922.0,3.86,883.0,3.61
5,952,20,10,0,0,2,926.0,4.93,905.33,4.95
1,996,21,10,1,0,0,1052.0,1.41,993.0,2.7
1,1000,21,10,1,0,1,909.0,5.11,962.67,3.88
1,1004,21,10,1,0,2,1024.0,6.06,995.0,4.19
2,878,21,10,1,0,0,940.0,2.79,960.33,4.13
2,915,21,10,1,0,1,861.0,3.48,927.0,3.74
2,922,21,10,1,0,2,975.0,2.21,925.33,2.83
3,796,21,10,1,0,0,799.0,3.15,796.33,3.57
3,789,21,10,1,0,1,805.0,2.9,790.33,2.45
3,785,21,10,1,0,2,729.0,7.02,777.67,4.36
4,1035,21,10,1,0,0,934.0,3.11,986.33,4.53
4,990,21,10,1,0,1,916.0,6.44,956.0,4.65
4,1013,21,10,1,0,2,1000.0,4.03,950.0,4.53
5,946,21,10,1,0,0,925.0,5.71,924.33,4.83
5,945,21,10,1,0,1,928.0,3.83,926.33,4.82
5,934,21,10,1,0,2,1000.0,5.75,951.0,5.1
1,980,22,10,2,0,0,940.0,6.37,957.67,5.85
1,1014,22,10,2,0,1,968.0,1.83,977.33,4.75
1,980,22,10,2,0,2,980.0,7.11,962.67,5.1
2,909,22,10,2,0,0,961.0,3.32,932.33,3.0
2,901,22,10,2,0,1,895.0,2.72,943.67,2.75
2,915,22,10,2,0,2,891.0,2.62,915.67,2.89
3,787,22,10,2,0,0,781.0,6.58,771.67,5.5
3,821,22,10,2,0,1,814.0,5.9,774.67,6.5
3,797,22,10,2,0,2,859.0,1.38,818.0,4.62
4,1051,22,10,2,0,0,958.0,4.1,958.0,4.86
4,967,22,10,2,0,1,883.0,3.29,947.0,3.81
4,1048,22,10,2,0,2,1015.0,6.8,952.0,4.73
5,947,22,10,2,0,0,905.0,4.94,944.33,4.84
5,954,22,10,2,0,1,950.0,1.25,951.67,3.98
5,937,22,10,2,0,2,867.0,5.76,907.33,3.98
1,968,23,10,3,0,0,999.0,1.38,982.33,3.44
1,989,23,10,3,0,1,981.0,2.29,986.67,3.59
1,992,23,10,3,0,2,899.0,4.67,959.67,2.78
2,903,23,10,3,0,0,890.0,2.73,892.0,2.69
2,922,23,10,3,0,1,898.0,3.23,893.0,2.86
2,903,23,10,3,0,2,870.0,6.45,886.0,4.14
3,804,23,10,3,0,0,789.0,4.13,820.67,3.8
3,807,23,10,3,0,1,759.0,6.53,802.33,4.01
3,764,23,10,3,0,2,802.0,5.65,783.33,5.44
4,966,23,10,3,0,0,982.0,7.01,960.0,5.7
4,970,23,10,3,0,1,965.0,1.53,987.33,5.11
4,992,23,10,3,0,2,937.0,2.09,961.33,3.54
5,912,23,10,3,0,0,908.0,7.25,908.33,4.75
5,936,23,10,3,0,1,947.0,4.05,907.33,5.69
5,922,23,10,3,0,2,966.0,3.69,940.33,5.0
1,1009,24,10,4,0,0,968.0,4.91,949.33,3.96
1,1008,24,10,4,0,1,1032.0,4.36,966.33,4.65
1,993,24,10,4,0,2,942.0,1.26,980.67,3.51
2,862,24,10,4,0,0,867.0,4.62,878.33,4.77
2,895,24,10,4,0,1,874.0,2.02,870.33,4.36
2,906,24,10,4,0,2,868.0,3.12,869.67,3.25
3,816,24,10,4,0,0,807.0,4.5,789.33,5.56
3,835,24,10,4,0,1,864.0,6.59,824.33,5.58
3,822,24,10,4,0,2,788.0,7.29,819.67,6.13
4,1003,24,10,4,0,0,863.0,7.0,921.67,3.54
4,994,24,10,4,0,1,1015.0,4.52,938.33,4.54
4,985,24,10,4,0,2,976.0,4.22,951.33,5.25
5,977,24,10,4,0,0,954.0,1.34,955.67,3.03
5,953,24,10,4,0,1,899.0,3.44,939.67,2.82
5,962,24,10,4,0,2,934.0,2.91,929.0,2.56
1,988,25,10,5,1,0,1004.0,6.08,992.67,3.9
1,975,25,10,5,1,1,1024.0,6.14,990.0,4.49
1,991,25,10,5,1,2,993.0,3.59,1007.0,5.27
2,893,25,10,5,1,0,904.0,2.38,882.0,2.51
2,903,25,10,5,1,1,934.0,5.47,902.0,3.66
2,885,25,10,5,1,2,874.0,6.52,904.0,4.79
3,800,25,10,5,1,0,737.0,5.99,796.33,6.62
3,823,25,10,5,1,1,786.0,2.12,770.33,5.13
3,766,25,10,5,1,2,783.0,6.67,768.67,4.93
4,957,25,10,5,1,0,991.0,6.24,994.0,4.99
4,1024,25,10,5,1,1,996.0,4.96,987.67,5.14
4,970,25,10,5,1,2,980.0,7.2,989.0,6.13
5,942,25,10,5,1,0,872.0,6.14,901.67,4.16
5,962,25,10,5,1,1,887.0,6.63,897.67,5.23
5,948,25,10,5,1,2,947.0,3.76,902.0,5.51
1,998,26,10,6,1,0,952.0,2.06,989.67,3.93
1,1001,26,10,6,1,1,1053.0,6.73,999.33,4.13
1,1050,26,10,6,1,2,957.0,2.25,987.33,3.68
2,935,26,10,6,1,0,941.0,6.83,916.33,6.27
2,886,26,10,6,1,1,906.0,5.62,907.0,6.32
2,921,26,10,6,1,2,952.0,3.05,933.0,5.17
3,810,26,10,6,1,0,761.0,3.91,776.67,4.23
3,799,26,10,6,1,1,795.0,3.28,779.67,4.62
3,781,26,10,6,1,2,851.0,3.19,802.33,3.46
4,1009,26,10,6,1,0,1036.0,3.72,1004.0,5.29
4,993,26,10,6,1,1,1013.0,1.65,1009.67,4.19
4,992,26,10,6,1,2,1001.0,2.53,1016.67,2.63
5,934,26,10,6,1,0,977.0,5.6,937.0,5.33
5,969,26,10,6,1,1,893.0,5.8,939.0,5.05
5,934,26,10,6,1,2,978.0,3.26,949.33,4.89
1,984,27,10,0,0,0,935.0,6.5,981.67,5.16
1,1015,27,10,0,0,1,966.0,5.11,952.67,4.62
1,997,27,10,0,0,2,949.0,1.76,950.0,4.46
2,897,27,10,0,0,0,952.0,4.03,936.67,4.23
2,920,27,10,0,0,1,947.0,1.46,950.33,2.85
2,926,27,10,0,0,2,911.0,2.46,936.67,2.65
3,757,27,10,0,0,0,799.0,2.08,815.0,2.85
3,797,27,10,0,0,1,834.0,5.44,828.0,3.57
3,771,27,10,0,0,2,746.0,4.36,793.0,3.96
4,992,27,10,0,0,0,964.0,3.98,992.67,2.72
4,999,27,10,0,0,1,952.0,2.96,972.33,3.16
4,992,27,10,0,0,2,1000.0,6.54,972.0,4.49
5,929,27,10,0,0,0,990.0,6.43,953.67,5.16
5,928,27,10,0,0,1,955.0,2.65,974.33,4.11
5,964,27,10,0,0,2,974.0,6.79,973.0,5.29
1,1030,28,10,1,0,0,902.0,5.45,939.0,4.11
1,958,28,10,1,0,1,1025.0,3.94,958.67,3.72
1,993,28,10,1,0,2,994.0,4.51,973.67,4.63
2,914,28,10,1,0,0,889.0,6.32,915.67,3.41
2,899,28,10,1,0,1,878.0,5.79,892.67,4.86
2,877,28,10,1,0,2,896.0,6.86,887.67,6.32
3,790,28,10,1,0,0,759.0,1.17,779.67,3.66
3,806,28,10,1,0,1,782.0,6.79,762.33,4.11
3,793,28,10,1,0,2,829.0,1.07,790.0,3.01
4,999,28,10,1,0,0,987.0,5.91,979.67,5.14
4,999,28,10,1,0,1,942.0,6.36,976.33,6.27
4,989,28,10,1,0,2,1023.0,2.85,984.0,5.04
5,966,28,10,1,0,0,956.0,1.65,961.67,3.7
5,940,28,10,1,0,1,1003.0,2.62,977.67,3.69
5,929,28,10,1,0,2,929.0,2.93,962.67,2.4
1,1044,29,10,2,0,0,945.0,3.47,988.0,3.97
1,998,29,10,2,0,1,907.0,5.82,948.67,4.6
1,947,29,10,2,0,2,907.0,1.31,919.67,3.53
2,925,29,10,2,0,0,928.0,2.93,900.67,5.19
2,925,29,10,2,0,1,968.0,2.22,930.67,4.0
2,909,29,10,2,0,2,895.0,6.09,930.33,3.75
3,812,29,10,2,0,0,824.0,7.1,811.67,4.99
3,843,29,10,2,0,1,802.0,1.35,818.33,3.17
3,780,29,10,2,0,2,846.0,6.31,824.0,4.92
4,1002,29,10,2,0,0,994.0,1.58,986.33,3.6
4,1039,29,10,2,0,1,989.0,6.79,1002.0,3.74
4,1043,29,10,2,0,2,1019.0,6.6,1000.67,4.99
5,942,29,10,2,0,0,917.0,4.88,949.67,3.48
5,990,29,10,2,0,1,821.0,3.07,889.0,3.63
5,966,29,10,2,0,2,957.0,3.82,898.33,3.92
1,1029,30,10,3,0,0,988.0,6.7,934.0,4.61
1,1015,30,10,3,0,1,1004.0,3.92,966.33,3.98
1,1006,30,10,3,0,2,1014.0,4.88,1002.0,5.17
2,944,30,10,3,0,0,893.0,1.22,918.67,3.18
2,889,30,10,3,0,1,903.0,1.63,897.0,2.98
2,938,30,10,3,0,2,835.0,3.47,877.0,2.11
3,841,30,10,3,0,0,762.0,1.55,803.33,3.07
3,827,30,10,3,0,1,792.0,4.92,800.0,4.26
3,798,30,10,3,0,2,801.0,5.09,785.0,3.85
4,1004,30,10,3,0,0,1000.0,4.76,1002.67,6.05
4,974,30,10,3,0,1,950.0,4.04,989.67,5.13
4,990,30,10,3,0,2,927.0,1.28,959.0,3.36
5,962,30,10,3,0,0,950.0,6.68,909.33,4.52
5,921,30,10,3,0,1,902.0,3.11,936.33,4.54
5,944,30,10,3,0,2,873.0,5.01,908.33,4.93
1,1038,31,10,4,0,0,1002.0,5.56,1006.67,4.79
1,996,31,10,4,0,1,953.0,0.94,989.67,3.79
1,1020,31,10,4,0,2,891.0,1.0,948.67,2.5
2,911,31,10,4,0,0,986.0,7.07,908.0,4.06
2,893,31,10,4,0,1,869.0,4.71,896.67,5.08
2,896,31,10,4,0,2,824.0,6.89,893.0,6.22
3,803,31,10,4,0,0,867.0,1.37,820.0,3.79
3,758,31,10,4,0,1,808.0,1.7,825.33,2.72
3,818,31,10,4,0,2,769.0,3.27,814.67,2.11
4,997,31,10,4,0,0,962.0,7.23,946.33,4.18
4,1019,31,10,4,0,1,980.0,5.5,956.33,4.67
4,1007,31,10,4,0,2,951.0,3.74,964.33,5.49
5,946,31,10,4,0,0,926.0,2.83,900.33,3.65
5,953,31,10,4,0,1,940.0,4.95,913.0,4.26
5,954,31,10,4,0,2,950.0,3.06,938.67,3.61
1,1029,1,11,5,1,0,937.0,6.21,927.0,2.72
1,1001,1,11,5,1,1,955.0,1.34,927.67,2.85
1,1005,1,11,5,1,2,1014.0,1.74,968.67,3.1
2,874,1,11,5,1,0,904.0,3.62,865.67,5.07
2,899,1,11,5,1,1,813.0,1.81,847.0,4.11
2,929,1,11,5,1,2,871.0,3.76,862.67,3.06
3,808,1,11,5,1,0,843.0,4.2,806.67,3.06
3,778,1,11,5,1,1,803.0,3.25,805.0,3.57
3,780,1,11,5,1,2,806.0,5.4,817.33,4.28
4,985,1,11,5,1,0,919.0,3.67,950.0,4.3
4,1019,1,11,5,1,1,976.0,5.15,948.67,4.19
4,1017,1,11,5,1,2,980.0,6.84,958.33,5.22
5,880,1,11,5,1,0,910.0,2.67,933.33,3.56
5,948,1,11,5,1,1,941.0,1.77,933.67,2.5
5,952,1,11,5,1,2,884.0,1.01,911.67,1.82
1,980,2,11,6,1,0,985.0,3.53,984.67,2.2
1,992,2,11,6,1,1,944.0,4.74,981.0,3.34
1,1026,2,11,6,1,2,874.0,1.24,934.33,3.17
2,908,2,11,6,1,0,894.0,1.43,859.33,2.33
2,890,2,11,6,1,1,858.0,5.71,874.33,3.63
2,896,2,11,6,1,2,938.0,5.44,896.67,4.19
3,795,2,11,6,1,0,817.0,3.31,808.67,3.99
3,805,2,11,6,1,1,752.0,2.97,791.67,3.89
3,771,2,11,6,1,2,836.0,6.07,801.67,4.12
4,986,2,11,6,1,0,1018.0,5.65,991.33,5.88
4,1020,2,11,6,1,1,969.0,6.47,989.0,6.32
4,998,2,11,6,1,2,974.0,3.08,987.0,5.07
5,933,2,11,6,1,0,934.0,3.71,919.67,2.16
5,933,2,11,6,1,1,982.0,5.58,933.33,3.43
5,964,2,11,6,1,2,863.0,5.48,926.33,4.92
1,989,3,11,0,0,0,956.0,3.24,924.67,3.07
1,1010,3,11,0,0,1,933.0,1.89,921.0,2.12
1,987,3,11,0,0,2,937.0,1.99,942.0,2.37
2,877,3,11,0,0,0,917.0,3.78,904.33,4.98
2,904,3,11,0,0,1,952.0,3.25,935.67,4.16
2,898,3,11,0,0,2,955.0,1.44,941.33,2.82
3,813,3,11,0,0,0,855.0,6.25,814.33,5.1
3,817,3,11,0,0,1,767.0,4.96,819.33,5.76
3,792,3,11,0,0,2,750.0,7.29,790.67,6.17
4,1006,3,11,0,0,0,1012.0,4.8,985.0,4.78
4,992,3,11,0,0,1,947.0,4.15,977.67,4.01
4,1012,3,11,0,0,2,996.0,1.09,985.0,3.35
5,954,3,11,0,0,0,886.0,3.8,910.33,4.95
5,937,3,11,0,0,1,930.0,1.17,893.0,3.48
5,935,3,11,0,0,2,926.0,2.01,914.0,2.33
1,1005,4,11,1,0,0,981.0,1.11,950.33,1.66
1,1023,4,11,1,0,1,939.0,2.9,952.33,2.0
1,1018,4,11,1,0,2,1013.0,6.72,977.67,3.58
2,881,4,11,1,0,0,832.0,5.35,913.0,3.35
2,883,4,11,1,0,1,886.0,6.34,891.0,4.38
2,886,4,11,1,0,2,895.0,3.56,871.0,5.08
3,788,4,11,1,0,0,776.0,3.96,764.33,5.4
3,763,4,11,1,0,1,752.0,4.57,759.33,5.27
3,815,4,11,1,0,2,805.0,4.51,777.67,4.35
4,990,4,11,1,0,0,1001.0,3.47,981.33,2.9
4,1009,4,11,1,0,1,1000.0,3.01,999.0,2.52
4,993,4,11,1,0,2,948.0,1.35,983.0,2.61
5,949,4,11,1,0,0,915.0,1.08,923.67,1.42
5,936,4,11,1,0,1,850.0,4.82,897.0,2.64
5,949,4,11,1,0,2,959.0,1.84,908.0,2.58
1,982,5,11,2,0,0,977.0,4.96,976.33,4.86
1,999,5,11,2,0,1,913.0,3.59,967.67,5.09
1,1029,5,11,2,0,2,994.0,5.06,961.33,4.54
2,910,5,11,2,0,0,917.0,3.27,899.33,4.39
2,905,5,11,2,0,1,881.0,4.13,897.67,3.65
2,873,5,11,2,0,2,895.0,4.48,897.67,3.96
3,811,5,11,2,0,0,825.0,3.85,794.0,4.31
3,813,5,11,2,0,1,818.0,6.51,816.0,4.96
3,805,5,11,2,0,2,812.0,1.81,818.33,4.06
4,1004,5,11,2,0,0,955.0,3.24,967.67,2.53
4,997,5,11,2,0,1,1004.0,7.04,969.0,3.88
4,1012,5,11,2,0,2,965.0,1.93,974.67,4.07
5,977,5,11,2,0,0,1012.0,4.17,940.33,3.61
5,956,5,11,2,0,1,928.0,6.55,966.33,4.19
5,930,5,11,2,0,2,859.0,2.83,933.0,4.52
1,982,6,11,3,0,0,1028.0,2.28,978.33,3.64
1,1014,6,11,3,0,1,926.0,4.34,982.67,3.89
1,980,6,11,3,0,2,1004.0,4.2,986.0,3.61
2,904,6,11,3,0,0,910.0,4.51,895.33,4.37
2,893,6,11,3,0,1,908.0,3.61,904.33,4.2
2,878,6,11,3,0,2,920.0,4.76,912.67,4.29
3,816,6,11,3,0,0,784.0,6.11,804.67,4.81
3,814,6,11,3,0,1,792.0,6.49,796.0,4.8
3,772,6,11,3,0,2,793.0,3.88,789.67,5.49
4,1009,6,11,3,0,0,995.0,4.14,988.0,4.37
4,1006,6,11,3,0,1,862.0,6.91,940.67,4.33
4,1016,6,11,3,0,2,979.0,5.41,945.33,5.49
5,953,6,11,3,0,0,980.0,2.29,922.33,3.89
5,978,6,11,3,0,1,899.0,2.92,912.67,2.68
5,947,6,11,3,0,2,946.0,3.37,941.67,2.86
1,994,7,11,4,0,0,992.0,7.29,974.0,5.28
1,980,7,11,4,0,1,984.0,7.08,993.33,6.19
1,981,7,11,4,0,2,988.0,2.95,988.0,5.77
2,879,7,11,4,0,0,925.0,7.13,917.67,5.17
2,904,7,11,4,0,1,929.0,5.78,924.67,5.89
2,894,7,11,4,0,2,920.0,1.92,924.67,4.94
3,806,7,11,4,0,0,823.0,5.07,802.67,5.15
3,775,7,11,4,0,1,830.0,5.9,815.33,4.95
3,782,7,11,4,0,2,814.0,1.57,822.33,4.18
4,982,7,11,4,0,0,964.0,5.68,935.0,6.0
4,1043,7,11,4,0,1,973.0,3.66,972.0,4.92
4,996,7,11,4,0,2,950.0,1.35,962.33,3.56
5,948,7,11,4,0,0,904.0,2.38,916.33,2.89
5,948,7,11,4,0,1,917.0,7.09,922.33,4.28
5,981,7,11,4,0,2,854.0,1.5,891.67,3.66
1,967,8,11,5,1,0,970.0,1.02,980.67,3.68
1,998,8,11,5,1,1,976.0,1.31,978.0,1.76
1,967,8,11,5,1,2,987.0,1.4,977.67,1.24
2,852,8,11,5,1,0,932.0,5.28,927.0,4.33
2,885,8,11,5,1,1,869.0,2.8,907.0,3.33
2,908,8,11,5,1,2,933.0,3.12,911.33,3.73
3,784,8,11,5,1,0,842.0,4.21,828.67,3.89
3,807,8,11,5,1,1,825.0,7.2,827.0,4.33
3,802,8,11,5,1,2,750.0,4.94,805.67,5.45
4,997,8,11,5,1,0,948.0,6.23,957.0,3.75
4,1025,8,11,5,1,1,927.0,6.65,941.67,4.74
4,988,8,11,5,1,2,859.0,4.77,911.33,5.88
5,957,8,11,5,1,0,938.0,4.29,903.0,4.29
5,913,8,11,5,1,1,938.0,2.6,910.0,2.8
5,951,8,11,5,1,2,910.0,5.6,928.67,4.16
1,994,9,11,6,1,0,885.0,2.53,949.33,1.75
1,976,9,11,6,1,1,970.0,4.43,947.33,2.79
1,1007,9,11,6,1,2,965.0,2.72,940.0,3.23
2,885,9,11,6,1,0,892.0,4.09,898.0,3.34
2,934,9,11,6,1,1,872.0,5.11,899.0,4.11
2,851,9,11,6,1,2,883.0,1.34,882.33,3.51
3,804,9,11,6,1,0,854.0,1.73,809.67,4.62
3,800,9,11,6,1,1,844.0,4.31,816.0,3.66
3,794,9,11,6,1,2,786.0,6.43,828.0,4.16
4,989,9,11,6,1,0,987.0,5.1,924.33,5.51
4,1001,9,11,6,1,1,1013.0,3.06,953.0,4.31
4,1021,9,11,6,1,2,945.0,1.66,981.67,3.27
5,916,9,11,6,1,0,949.0,4.62,932.33,4.27
5,933,9,11,6,1,1,897.0,3.03,918.67,4.42
5,928,9,11,6,1,2,940.0,3.79,928.67,3.81
1,978,10,11,0,0,0,929.0,4.23,954.67,3.79
1,1006,10,11,0,0,1,965.0,1.53,953.0,2.83
1,1011,10,11,0,0,2,945.0,5.41,946.33,3.72
2,921,10,11,0,0,0,867.0,0.91,874.0,2.45
2,912,10,11,0,0,1,894.0,5.5,881.33,2.58
2,913,10,11,0,0,2,938.0,7.13,899.67,4.51
3,771,10,11,0,0,0,806.0,0.98,812.0,3.91
3,829,10,11,0,0,1,803.0,2.9,798.33,3.44
3,795,10,11,0,0,2,807.0,1.71,805.33,1.86
4,1020,10,11,0,0,0,926.0,6.37,961.33,3.7
4,972,10,11,0,0,1,1028.0,3.38,966.33,3.8
4,995,10,11,0,0,2,980.0,3.83,978.0,4.53
5,968,10,11,0,0,0,937.0,6.86,924.67,4.56
5,950,10,11,0,0,1,907.0,3.41,928.0,4.69
5,934,10,11,0,0,2,881.0,1.34,908.33,3.87
1,1026,11,11,1,0,0,852.0,5.12,920.67,4.02
1,976,11,11,1,0,1,1008.0,6.49,935.0,5.67
1,999,11,11,1,0,2,974.0,4.04,944.67,5.22
2,912,11,11,1,0,0,949.0,5.95,927.0,6.19
2,941,11,11,1,0,1,926.0,4.93,937.67,6.0
2,890,11,11,1,0,2,857.0,2.94,910.67,4.61
3,794,11,11,1,0,0,824.0,1.32,811.33,1.98
3,791,11,11,1,0,1,763.0,3.05,798.0,2.03
3,804,11,11,1,0,2,752.0,5.65,779.67,3.34
4,1011,11,11,1,0,0,1004.0,4.02,1004.0,3.74
4,1021,11,11,1,0,1,966.0,3.4,983.33,3.75
4,1015,11,11,1,0,2,1004.0,1.38,991.33,2.93
5,940,11,11,1,0,0,911.0,6.28,899.67,3.68
5,966,11,11,1,0,1,889.0,6.32,893.67,4.65
5,951,11,11,1,0,2,920.0,4.17,906.67,5.59
1,1014,12,11,2,0,0,904.0,6.61,962.0,5.71
1,1016,12,11,2,0,1,1046.0,1.04,974.67,3.9
1,1032,12,11,2,0,2,981.0,4.01,977.0,3.89
2,892,12,11,2,0,0,915.0,5.77,899.33,4.55
2,889,12,11,2,0,1,921.0,3.05,897.67,3.92
2,908,12,11,2,0,2,928.0,4.43,921.33,4.42
3,823,12,11,2,0,0,865.0,2.26,793.33,3.65
3,801,12,11,2,0,1,826.0,1.78,814.33,3.23
3,824,12,11,2,0,2,823.0,2.72,838.0,2.25
4,1013,12,11,2,0,0,981.0,2.78,983.67,2.52
4,995,12,11,2,0,1,1041.0,3.43,1008.67,2.53
4,1011,12,11,2,0,2,986.0,6.45,1002.67,4.22
5,941,12,11,2,0,0,890.0,3.68,899.67,4.72
5,954,12,11,2,0,1,936.0,6.02,915.33,4.62
5,928,12,11,2,0,2,939.0,3.99,921.67,4.56
1,998,13,11,3,0,0,950.0,5.38,992.33,3.48
1,1019,13,11,3,0,1,916.0,2.45,949.0,3.95
1,1015,13,11,3,0,2,945.0,5.78,937.0,4.54
2,912,13,11,3,0,0,928.0,7.2,925.67,4.89
2,905,13,11,3,0,1,900.0,7.12,918.67,6.25
2,903,13,11,3,0,2,909.0,1.41,912.33,5.24
3,774,13,11,3,0,0,804.0,3.25,817.67,2.58
3,795,13,11,3,0,1,775.0,1.9,800.67,2.62
3,803,13,11,3,0,2,851.0,4.7,810.0,3.28
4,977,13,11,3,0,0,982.0,1.11,1003.0,3.66
4,964,13,11,3,0,1,999.0,3.57,989.0,3.71
4,1022,13,11,3,0,2,1025.0,5.36,1002.0,3.35
5,951,13,11,3,0,0,865.0,1.37,913.33,3.79
5,954,13,11,3,0,1,879.0,2.87,894.33,2.74
5,961,13,11,3,0,2,969.0,5.56,904.33,3.27
1,980,14,11,4,0,0,884.0,4.12,915.0,4.12
1,991,14,11,4,0,1,916.0,1.82,915.0,3.91
1,1030,14,11,4,0,2,1033.0,7.1,944.33,4.35
2,890,14,11,4,0,0,849.0,2.3,886.0,3.61
2,894,14,11,4,0,1,907.0,5.42,888.33,3.04
2,886,14,11,4,0,2,892.0,6.2,882.67,4.64
3,785,14,11,4,0,0,822.0,1.91,816.0,2.84
3,822,14,11,4,0,1,711.0,1.25,794.67,2.62
3,750,14,11,4,0,2,861.0,2.05,798.0,1.74
4,990,14,11,4,0,0,947.0,6.88,990.33,5.27
4,1004,14,11,4,0,1,969.0,6.38,980.33,6.21
4,1033,14,11,4,0,2,962.0,7.14,959.33,6.8
5,927,14,11,4,0,0,926.0,1.38,924.67,3.27
5,923,14,11,4,0,1,866.0,3.88,920.33,3.61
5,932,14,11,4,0,2,948.0,4.82,913.33,3.36
1,1014,15,11,5,1,0,885.0,4.22,944.67,4.38
1,1002,15,11,5,1,1,923.0,2.22,947.0,4.51
1,971,15,11,5,1,2,967.0,5.84,925.0,4.09
2,901,15,11,5,1,0,885.0,4.01,894.67,5.21
2,931,15,11,5,1,1,972.0,2.61,916.33,4.27
2,905,15,11,5,1,2,892.0,5.11,916.33,3.91
3,803,15,11,5,1,0,743.0,1.33,771.67,1.54
3,804,15,11,5,1,1,818.0,5.98,807.33,3.12
3,808,15,11,5,1,2,787.0,1.01,782.67,2.77
4,974,15,11,5,1,0,1003.0,2.24,978.0,5.25
4,995,15,11,5,1,1,929.0,3.13,964.67,4.17
4,996,15,11,5,1,2,1004.0,6.43,978.67,3.93
5,940,15,11,5,1,0,937.0,7.23,917.0,5.31
5,963,15,11,5,1,1,940.0,1.16,941.67,4.4
5,937,15,11,5,1,2,1013.0,1.75,963.33,3.38
1,992,16,11,6,1,0,950.0,2.06,946.67,3.37
1,974,16,11,6,1,1,979.0,7.29,965.33,5.06
1,1007,16,11,6,1,2,942.0,1.26,957.0,3.54
2,918,16,11,6,1,0,861.0,4.65,908.33,4.12
2,892,16,11,6,1,1,952.0,5.84,901.67,5.2
2,916,16,11,6,1,2,825.0,6.04,879.33,5.51
3,797,16,11,6,1,0,799.0,3.27,801.33,3.42
3,749,16,11,6,1,1,721.0,5.26,769.0,3.18
3,798,16,11,6,1,2,835.0,2.57,785.0,3.7
4,996,16,11,6,1,0,961.0,3.8,964.67,4.45
4,1002,16,11,6,1,1,941.0,1.16,968.67,3.8
4,1005,16,11,6,1,2,963.0,7.05,955.0,4.0
5,936,16,11,6,1,0,920.0,2.85,957.67,1.92
5,979,16,11,6,1,1,1009.0,4.36,980.67,2.99
5,948,16,11,6,1,2,867.0,5.86,932.0,4.36
1,996,17,11,0,0,0,924.0,3.55,948.33,4.03
1,1014,17,11,0,0,1,896.0,7.05,920.67,3.95
1,1000,17,11,0,0,2,942.0,5.99,920.67,5.53
2,951,17,11,0,0,0,940.0,2.59,905.67,4.82
2,895,17,11,0,0,1,841.0,4.86,868.67,4.5
2,907,17,11,0,0,2,899.0,2.18,893.33,3.21
3,785,17,11,0,0,0,800.0,2.44,785.33,3.42
3,817,17,11,0,0,1,783.0,1.39,806.0,2.13
3,806,17,11,0,0,2,695.0,6.21,759.33,3.35
4,993,17,11,0,0,0,1007.0,4.82,970.33,4.34
4,982,17,11,0,0,1,1029.0,5.94,999.67,5.94
4,973,17,11,0,0,2,937.0,5.26,991.0,5.34
5,958,17,11,0,0,0,894.0,6.68,923.33,5.63
5,922,17,11,0,0,1,942.0,1.15,901.0,4.56
5,976,17,11,0,0,2,943.0,0.95,926.33,2.93
1,974,18,11,1,0,0,986.0,4.09,941.33,5.71
1,996,18,11,1,0,1,922.0,7.24,950.0,5.77
1,982,18,11,1,0,2,951.0,2.46,953.0,4.6
2,900,18,11,1,0,0,935.0,2.3,891.67,3.11
2,900,18,11,1,0,1,856.0,0.93,896.67,1.8
2,908,18,11,1,0,2,927.0,5.79,906.0,3.01
3,769,18,11,1,0,0,807.0,6.38,761.67,4.66
3,784,18,11,1,0,1,730.0,3.05,744.0,5.21
3,819,18,11,1,0,2,772.0,5.62,769.67,5.02
4,1013,18,11,1,0,0,908.0,3.81,958.0,5.0
4,950,18,11,1,0,1,998.0,6.73,947.67,5.27
4,1007,18,11,1,0,2,956.0,4.88,954.0,5.14
5,929,18,11,1,0,0,910.0,3.7,931.67,1.93
5,938,18,11,1,0,1,933.0,5.57,928.67,3.41
5,945,18,11,1,0,2,897.0,2.07,913.33,3.78
1,1031,19,11,2,0,0,906.0,2.48,926.33,4.06
1,979,19,11,2,0,1,1006.0,1.28,954.33,2.07
1,971,19,11,2,0,2,976.0,2.98,962.67,2.25
2,909,19,11,2,0,0,854.0,6.46,879.0,4.39
2,899,19,11,2,0,1,884.0,4.33,888.33,5.53
2,924,19,11,2,0,2,910.0,4.31,882.67,5.03
3,792,19,11,2,0,0,781.0,3.46,761.0,4.04
3,824,19,11,2,0,1,792.0,5.49,781.67,4.86
3,800,19,11,2,0,2,787.0,6.86,786.67,5.27
4,1010,19,11,2,0,0,1036.0,5.3,996.67,5.64
4,1032,19,11,2,0,1,1006.0,2.8,999.33,4.33
4,996,19,11,2,0,2,996.0,6.21,1012.67,4.77
5,970,19,11,2,0,0,946.0,7.07,925.33,4.9
5,937,19,11,2,0,1,885.0,7.23,909.33,5.46
5,954,19,11,2,0,2,947.0,5.68,926.0,6.66
1,971,20,11,3,0,0,889.0,5.63,957.0,3.3
1,989,20,11,3,0,1,949.0,3.46,938.0,4.02
1,978,20,11,3,0,2,976.0,2.01,938.0,3.7
2,924,20,11,3,0,0,924.0,6.29,906.0,4.98
2,934,20,11,3,0,1,933.0,1.06,922.33,3.89
2,892,20,11,3,0,2,839.0,5.52,898.67,4.29
3,784,20,11,3,0,0,871.0,5.53,816.67,5.96
3,773,20,11,3,0,1,820.0,1.32,826.0,4.57
3,805,20,11,3,0,2,801.0,4.3,830.67,3.72
4,987,20,11,3,0,0,957.0,3.24,986.33,4.08
4,989,20,11,3,0,1,996.0,6.13,983.0,5.19
4,1032,20,11,3,0,2,893.0,1.87,948.67,3.75
5,944,20,11,3,0,0,961.0,4.66,931.0,5.86
5,961,20,11,3,0,1,910.0,2.88,939.33,4.41
5,951,20,11,3,0,2,895.0,6.58,922.0,4.71
1,972,21,11,4,0,0,977.0,3.55,967.33,3.01
1,963,21,11,4,0,1,974.0,5.07,975.67,3.54
1,1009,21,11,4,0,2,998.0,6.82,983.0,5.15
2,934,21,11,4,0,0,885.0,6.25,885.67,4.28
2,906,21,11,4,0,1,885.0,4.53,869.67,5.43
2,912,21,11,4,0,2,905.0,2.9,891.67,4.56
3,781,21,11,4,0,0,827.0,2.13,816.0,2.58
3,820,21,11,4,0,1,745.0,3.12,791.0,3.18
3,820,21,11,4,0,2,774.0,1.4,782.0,2.22
4,986,21,11,4,0,0,1023.0,6.58,970.67,4.86
4,1010,21,11,4,0,1,958.0,5.43,958.0,4.63
4,964,21,11,4,0,2,911.0,3.19,964.0,5.07
5,964,21,11,4,0,0,972.0,2.61,925.67,4.02
5,938,21,11,4,0,1,908.0,5.12,925.0,4.77
5,925,21,11,4,0,2,974.0,2.31,951.33,3.35
1,1008,22,11,5,1,0,960.0,1.03,977.33,4.31
1,964,22,11,5,1,1,933.0,2.81,963.67,3.55
1,1006,22,11,5,1,2,960.0,2.83,951.0,2.22
2,877,22,11,5,1,0,858.0,4.98,882.67,4.14
2,873,22,11,5,1,1,898.0,4.37,887.0,4.08
2,901,22,11,5,1,2,890.0,5.72,882.0,5.02
3,796,22,11,5,1,0,861.0,6.0,793.33,3.51
3,829,22,11,5,1,1,726.0,3.59,787.0,3.66
3,774,22,11,5,1,2,762.0,2.68,783.0,4.09
4,1027,22,11,5,1,0,973.0,7.07,947.33,5.23
4,977,22,11,5,1,1,922.0,2.85,935.33,4.37
4,1018,22,11,5,1,2,988.0,4.91,961.0,4.94
5,972,22,11,5,1,0,987.0,3.71,956.33,3.71
5,956,22,11,5,1,1,908.0,4.92,956.33,3.65
5,934,22,11,5,1,2,919.0,5.06,938.0,4.56
1,969,23,11,6,1,0,963.0,1.43,952.0,2.36
1,960,23,11,6,1,1,983.0,7.18,968.67,3.81
1,1037,23,11,6,1,2,982.0,5.58,976.0,4.73
2,894,23,11,6,1,0,863.0,5.58,883.67,5.22
2,877,23,11,6,1,1,855.0,4.89,869.33,5.4
2,877,23,11,6,1,2,863.0,6.5,860.33,5.66
3,803,23,11,6,1,0,796.0,2.69,761.33,2.99
3,792,23,11,6,1,1,813.0,4.8,790.33,3.39
3,761,23,11,6,1,2,841.0,3.67,816.67,3.72
4,1017,23,11,6,1,0,982.0,1.5,964.0,3.09
4,1006,23,11,6,1,1,918.0,3.97,962.67,3.46
4,1036,23,11,6,1,2,1000.0,7.15,966.67,4.21
5,972,23,11,6,1,0,878.0,1.01,901.67,3.66
5,888,23,11,6,1,1,916.0,5.37,904.33,3.81
5,978,23,11,6,1,2,929.0,1.59,907.67,2.66
1,1024,24,11,0,0,0,904.0,4.94,956.33,5.9
1,985,24,11,0,0,1,944.0,2.68,943.33,4.4
1,991,24,11,0,0,2,983.0,3.82,943.67,3.81
2,908,24,11,0,0,0,922.0,2.33,880.0,4.57
2,879,24,11,0,0,1,955.0,2.55,913.33,3.79
2,895,24,11,0,0,2,879.0,2.33,918.67,2.4
3,820,24,11,0,0,0,846.0,1.05,833.33,3.17
3,810,24,11,0,0,1,768.0,2.78,818.33,2.5
3,786,24,11,0,0,2,772.0,2.65,795.33,2.16
4,1020,24,11,0,0,0,1024.0,2.2,980.67,4.44
4,1006,24,11,0,0,1,951.0,4.9,991.67,4.75
4,1005,24,11,0,0,2,956.0,7.09,977.0,4.73
5,939,24,11,0,0,0,923.0,5.82,922.67,4.26
5,949,24,11,0,0,1,949.0,6.96,933.67,4.79
5,934,24,11,0,0,2,948.0,4.53,940.0,5.77
1,961,25,11,1,0,0,1019.0,5.12,982.0,3.87
1,994,25,11,1,0,1,900.0,5.76,967.33,4.9
1,997,25,11,1,0,2,919.0,3.47,946.0,4.78
2,902,25,11,1,0,0,910.0,6.57,914.67,3.82
2,924,25,11,1,0,1,942.0,2.79,910.33,3.9
2,886,25,11,1,0,2,994.0,3.4,948.67,4.25
3,792,25,11,1,0,0,797.0,5.68,779.0,3.7
3,815,25,11,1,0,1,828.0,3.94,799.0,4.09
3,784,25,11,1,0,2,746.0,5.57,790.33,5.06
4,1003,25,11,1,0,0,989.0,6.34,965.33,6.11
4,991,25,11,1,0,1,1059.0,6.94,1001.33,6.79
4,995,25,11,1,0,2,949.0,1.35,999.0,4.88
5,965,25,11,1,0,0,949.0,5.76,948.67,5.75
5,942,25,11,1,0,1,964.0,1.13,953.67,3.81
5,965,25,11,1,0,2,931.0,1.27,948.0,2.72
1,960,26,11,2,0,0,951.0,6.86,923.33,5.36
1,971,26,11,2,0,1,930.0,5.2,933.33,5.18
1,953,26,11,2,0,2,1007.0,2.71,962.67,4.92
2,876,26,11,2,0,0,912.0,6.08,949.33,4.09
2,937,26,11,2,0,1,888.0,2.2,931.33,3.89
2,899,26,11,2,0,2,931.0,6.24,910.33,4.84
3,785,26,11,2,0,0,827.0,3.84,800.33,4.45
3,815,26,11,2,0,1,786.0,2.96,786.33,4.12
3,818,26,11,2,0,2,775.0,2.64,796.0,3.15
4,975,26,11,2,0,0,958.0,3.91,988.67,4.07
4,1049,26,11,2,0,1,1029.0,3.29,978.67,2.85
4,1005,26,11,2,0,2,999.0,3.01,995.33,3.4
5,958,26,11,2,0,0,853.0,4.16,916.0,2.19
5,959,26,11,2,0,1,924.0,3.35,902.67,2.93
5,959,26,11,2,0,2,943.0,4.26,906.67,3.92
1,987,27,11,3,0,0,938.0,1.47,958.33,3.13
1,1042,27,11,3,0,1,915.0,4.29,953.33,2.82
1,994,27,11,3,0,2,964.0,5.4,939.0,3.72
2,919,27,11,3,0,0,913.0,5.39,910.67,4.61
2,890,27,11,3,0,1,916.0,3.88,920.0,5.17
2,886,27,11,3,0,2,924.0,4.94,917.67,4.74
3,838,27,11,3,0,0,917.0,3.37,826.0,2.99
3,797,27,11,3,0,1,762.0,5.46,818.0,3.82
3,799,27,11,3,0,2,783.0,2.0,820.67,3.61
4,1005,27,11,3,0,0,1001.0,6.88,1009.67,4.39
4,1052,27,11,3,0,1,1019.0,4.32,1006.33,4.74
4,1043,27,11,3,0,2,1016.0,2.03,1012.0,4.41
5,975,27,11,3,0,0,920.0,4.56,929.0,4.06
5,1007,27,11,3,0,1,879.0,2.44,914.0,3.75
5,931,27,11,3,0,2,1027.0,2.56,942.0,3.19
1,1013,28,11,4,0,0,937.0,6.39,938.67,5.36
1,1001,28,11,4,0,1,894.0,2.4,931.67,4.73
1,964,28,11,4,0,2,927.0,7.11,919.33,5.3
2,909,28,11,4,0,0,918.0,2.13,919.33,3.65
2,890,28,11,4,0,1,983.0,3.82,941.67,3.63
2,930,28,11,4,0,2,974.0,5.53,958.33,3.83
3,792,28,11,4,0,0,788.0,0.88,777.67,2.78
3,790,28,11,4,0,1,694.0,6.59,755.0,3.16
3,830,28,11,4,0,2,800.0,5.1,760.67,4.19
4,998,28,11,4,0,0,951.0,1.65,995.33,2.67
4,1023,28,11,4,0,1,983.0,1.7,983.33,1.79
4,1008,28,11,4,0,2,944.0,5.51,959.33,2.95
5,958,28,11,4,0,0,947.0,1.35,951.0,2.12
5,945,28,11,4,0,1,964.0,2.33,979.33,2.08
5,960,28,11,4,0,2,920.0,4.27,943.67,2.65
1,997,29,11,5,1,0,990.0,3.7,937.0,4.4
1,983,29,11,5,1,1,947.0,1.46,954.67,4.09
1,997,29,11,5,1,2,1054.0,5.05,997.0,3.4
2,925,29,11,5,1,0,915.0,2.14,957.33,3.83
2,910,29,11,5,1,1,911.0,6.37,933.33,4.68
2,915,29,11,5,1,2,970.0,6.28,932.0,4.93
3,800,29,11,5,1,0,759.0,4.89,751.0,5.53
3,761,29,11,5,1,1,848.0,6.09,802.33,5.36
3,775,29,11,5,1,2,747.0,6.51,784.67,5.83
4,994,29,11,5,1,0,963.0,2.33,963.33,3.18
4,977,29,11,5,1,1,947.0,3.56,951.33,3.8
4,989,29,11,5,1,2,977.0,6.15,962.33,4.01
5,938,29,11,5,1,0,918.0,6.13,934.0,4.24
5,939,29,11,5,1,1,932.0,6.61,923.33,5.67
5,978,29,11,5,1,2,963.0,7.14,937.67,6.63
1,998,30,11,6,1,0,905.0,5.43,968.67,3.98
1,1018,30,11,6,1,1,925.0,3.44,961.33,4.64
1,1003,30,11,6,1,2,958.0,6.17,929.33,5.01
2,928,30,11,6,1,0,897.0,3.13,926.0,5.26
2,920,30,11,6,1,1,924.0,3.25,930.33,4.22
2,888,30,11,6,1,2,875.0,3.42,898.67,3.27
3,839,30,11,6,1,0,791.0,6.61,795.33,6.4
3,790,30,11,6,1,1,835.0,5.54,791.0,6.22
3,804,30,11,6,1,2,850.0,0.93,825.33,4.36
4,1007,30,11,6,1,0,978.0,1.41,967.33,3.71
4,1009,30,11,6,1,1,934.0,0.95,963.0,2.84
4,1015,30,11,6,1,2,1003.0,4.57,971.67,2.31
5,934,30,11,6,1,0,840.0,1.41,911.67,5.05
5,964,30,11,6,1,1,948.0,6.05,917.0,4.87
5,961,30,11,6,1,2,988.0,5.82,925.33,4.43
1,1000,1,12,0,0,0,874.0,2.46,919.0,4.02
1,996,1,12,0,0,1,1006.0,5.36,946.0,4.66
1,983,1,12,0,0,2,1006.0,2.14,962.0,3.32
2,909,1,12,0,0,0,892.0,3.98,897.0,3.55
2,886,1,12,0,0,1,911.0,6.85,892.67,4.75
2,904,1,12,0,0,2,918.0,5.85,907.0,5.56
3,797,1,12,0,0,0,826.0,4.18,837.0,3.55
3,773,1,12,0,0,1,842.0,4.75,839.33,3.29
3,781,1,12,0,0,2,758.0,4.05,808.67,4.33
4,1008,1,12,0,0,0,1006.0,1.37,981.0,2.3
4,989,1,12,0,0,1,946.0,3.07,985.0,3.0
4,988,1,12,0,0,2,953.0,2.56,968.33,2.33
5,934,1,12,0,0,0,933.0,1.89,956.33,4.59
5,935,1,12,0,0,1,873.0,4.28,931.33,4.0
5,982,1,12,0,0,2,893.0,6.3,899.67,4.16
1,977,2,12,1,0,0,977.0,2.3,996.33,3.27
1,1029,2,12,1,0,1,923.0,5.43,968.67,3.29
1,993,2,12,1,0,2,984.0,2.77,961.33,3.5
2,886,2,12,1,0,0,967.0,6.66,932.0,6.45
2,907,2,12,1,0,1,922.0,2.74,935.67,5.08
2,901,2,12,1,0,2,923.0,2.43,937.33,3.94
3,796,2,12,1,0,0,815.0,5.67,805.0,4.82
3,804,2,12,1,0,1,833.0,6.19,802.0,5.3
3,800,2,12,1,0,2,750.0,6.02,799.33,5.96
4,995,2,12,1,0,0,965.0,6.76,954.67,4.13
4,1018,2,12,1,0,1,1003.0,5.56,973.67,4.96
4,971,2,12,1,0,2,939.0,1.16,969.0,4.49
5,931,2,12,1,0,0,990.0,5.26,918.67,5.28
5,934,2,12,1,0,1,943.0,1.26,942.0,4.27
5,928,2,12,1,0,2,867.0,5.35,933.33,3.96
1,1001,3,12,2,0,0,956.0,3.14,954.33,3.78
1,1010,3,12,2,0,1,937.0,3.1,959.0,3.0
1,960,3,12,2,0,2,963.0,2.63,952.0,2.96
2,890,3,12,2,0,0,862.0,4.86,902.33,3.34
2,893,3,12,2,0,1,930.0,6.53,905.0,4.61
2,894,3,12,2,0,2,924.0,7.32,905.33,6.24
3,774,3,12,2,0,0,772.0,1.53,785.0,4.58
3,793,3,12,2,0,1,790.0,3.3,770.67,3.62
3,781,3,12,2,0,2,813.0,2.98,791.67,2.6
4,993,3,12,2,0,0,901.0,2.7,947.67,3.14
4,965,3,12,2,0,1,1004.0,5.9,948.0,3.25
4,993,3,12,2,0,2,1033.0,1.24,979.33,3.28
5,935,3,12,2,0,0,957.0,6.73,922.33,4.45
5,944,3,12,2,0,1,973.0,5.07,932.33,5.72
5,956,3,12,2,0,2,939.0,4.77,956.33,5.52
1,999,4,12,3,0,0,962.0,4.75,954.0,3.49
1,1015,4,12,3,0,1,935.0,5.56,953.33,4.31
1,992,4,12,3,0,2,1012.0,3.53,969.67,4.61
2,912,4,12,3,0,0,859.0,1.04,904.33,4.96
2,922,4,12,3,0,1,844.0,6.95,875.67,5.1
2,905,4,12,3,0,2,914.0,2.35,872.33,3.45
3,799,4,12,3,0,0,857.0,5.2,820.0,3.83
3,808,4,12,3,0,1,825.0,4.84,831.67,4.34
3,806,4,12,3,0,2,835.0,1.3,839.0,3.78
4,1020,4,12,3,0,0,995.0,4.69,1010.67,3.94
4,1015,4,12,3,0,1,959.0,3.42,995.67,3.12
4,1016,4,12,3,0,2,1058.0,5.54,1004.0,4.55
5,950,4,12,3,0,0,971.0,7.35,961.0,5.73
5,956,4,12,3,0,1,900.0,5.16,936.67,5.76
5,956,4,12,3,0,2,910.0,4.91,927.0,5.81
1,975,5,12,4,0,0,969.0,6.92,972.0,5.34
1,1021,5,12,4,0,1,914.0,5.28,965.0,5.24
1,966,5,12,4,0,2,936.0,1.06,939.67,4.42
2,914,5,12,4,0,0,815.0,7.28,857.67,5.53
2,905,5,12,4,0,1,962.0,6.42,897.0,5.35
2,894,5,12,4,0,2,934.0,6.13,903.67,6.61
3,807,5,12,4,0,0,878.0,5.39,846.0,3.84
3,808,5,12,4,0,1,822.0,3.63,845.0,3.44
3,773,5,12,4,0,2,809.0,2.76,836.33,3.93
4,1028,5,12,4,0,0,980.0,5.22,999.0,4.73
4,1001,5,12,4,0,1,1050.0,3.31,1029.33,4.69
4,1046,5,12,4,0,2,1042.0,1.33,1024.0,3.29
5,965,5,12,4,0,0,952.0,3.94,920.67,4.67
5,950,5,12,4,0,1,911.0,4.91,924.33,4.59
5,936,5,12,4,0,2,884.0,6.55,915.67,5.13
1,997,6,12,5,1,0,963.0,6.05,937.67,4.13
1,1002,6,12,5,1,1,975.0,2.89,958.0,3.33
1,1029,6,12,5,1,2,917.0,6.14,951.67,5.03
2,924,6,12,5,1,0,901.0,4.15,932.33,5.57
2,909,6,12,5,1,1,932.0,4.02,922.33,4.77
2,935,6,12,5,1,2,879.0,7.18,904.0,5.12
3,759,6,12,5,1,0,753.0,6.92,794.67,4.44
3,809,6,12,5,1,1,791.0,1.37,784.33,3.68
3,825,6,12,5,1,2,770.0,2.41,771.33,3.57
4,1010,6,12,5,1,0,977.0,1.51,1023.0,2.05
4,973,6,12,5,1,1,918.0,1.61,979.0,1.48
4,1027,6,12,5,1,2,969.0,7.18,954.67,3.43
5,965,6,12,5,1,0,954.0,6.65,916.33,6.04
5,956,6,12,5,1,1,927.0,2.83,921.67,5.34
5,951,6,12,5,1,2,949.0,6.13,943.33,5.2
1,1039,7,12,6,1,0,960.0,7.25,950.67,5.43
1,1008,7,12,6,1,1,908.0,1.84,928.33,5.08
1,995,7,12,6,1,2,919.0,5.36,929.0,4.82
2,883,7,12,6,1,0,892.0,6.2,901.0,5.8
2,915,7,12,6,1,1,923.0,1.91,898.0,5.1
2,919,7,12,6,1,2,877.0,3.2,897.33,3.77
3,801,7,12,6,1,0,792.0,2.7,784.33,2.16
3,788,7,12,6,1,1,766.0,4.61,776.0,3.24
3,826,7,12,6,1,2,785.0,4.73,781.0,4.01
4,982,7,12,6,1,0,970.0,5.92,952.33,4.9
4,1039,7,12,6,1,1,993.0,2.74,977.33,5.28
4,985,7,12,6,1,2,939.0,4.18,967.33,4.28
5,924,7,12,6,1,0,881.0,2.54,919.0,3.83
5,926,7,12,6,1,1,896.0,6.28,908.67,4.98
5,927,7,12,6,1,2,925.0,3.95,900.67,4.26
1,995,8,12,0,0,0,898.0,1.32,908.33,2.84
1,990,8,12,0,0,1,1023.0,5.97,946.67,4.22
1,1020,8,12,0,0,2,982.0,6.57,967.67,4.62
2,917,8,12,0,0,0,898.0,2.92,899.33,2.68
2,895,8,12,0,0,1,822.0,7.33,865.67,4.48
2,962,8,12,0,0,2,888.0,2.31,869.33,4.19
3,795,8,12,0,0,0,812.0,4.25,787.67,4.53
3,797,8,12,0,0,1,797.0,4.09,798.0,4.36
3,774,8,12,0,0,2,868.0,6.36,825.67,4.9
4,998,8,12,0,0,0,976.0,2.98,969.33,3.3
4,1005,8,12,0,0,1,965.0,3.11,960.0,3.42
4,976,8,12,0,0,2,1042.0,1.79,994.33,2.63
5,940,8,12,0,0,0,904.0,5.64,908.33,5.29
5,956,8,12,0,0,1,1006.0,4.19,945.0,4.59
5,939,8,12,0,0,2,995.0,5.15,968.33,4.99
1,985,9,12,1,0,0,965.0,6.4,990.0,6.31
1,1015,9,12,1,0,1,889.0,5.32,945.33,6.1
1,974,9,12,1,0,2,958.0,2.24,937.33,4.65
2,878,9,12,1,0,0,933.0,4.21,881.0,4.62
2,903,9,12,1,0,1,875.0,6.32,898.67,4.28
2,916,9,12,1,0,2,878.0,2.88,895.33,4.47
3,806,9,12,1,0,0,838.0,3.68,834.33,4.71
3,795,9,12,1,0,1,808.0,6.16,838.0,5.4
3,793,9,12,1,0,2,771.0,4.58,805.67,4.81
4,1020,9,12,1,0,0,969.0,2.32,992.0,2.41
4,1017,9,12,1,0,1,958.0,5.34,989.67,3.15
4,1000,9,12,1,0,2,999.0,2.44,975.33,3.37
5,944,9,12,1,0,0,941.0,3.39,980.67,4.24
5,950,9,12,1,0,1,917.0,2.76,951.0,3.77
5,935,9,12,1,0,2,951.0,5.84,936.33,4.0
1,996,10,12,2,0,0,906.0,2.79,917.67,3.45
1,990,10,12,2,0,1,866.0,1.59,910.0,2.21
1,997,10,12,2,0,2,926.0,4.14,899.33,2.84
2,890,10,12,2,0,0,855.0,3.39,869.33,4.2
2,910,10,12,2,0,1,873.0,6.83,868.67,4.37
2,916,10,12,2,0,2,810.0,5.92,846.0,5.38
3,792,10,12,2,0,0,790.0,6.4,789.67,5.71
3,783,10,12,2,0,1,690.0,4.83,750.33,5.27
3,814,10,12,2,0,2,780.0,7.36,753.33,6.2
4,1003,10,12,2,0,0,996.0,2.64,984.33,3.47
4,992,10,12,2,0,1,1035.0,2.08,1010.0,2.39
4,1027,10,12,2,0,2,985.0,5.01,1005.33,3.24
5,938,10,12,2,0,0,979.0,2.0,949.0,3.53
5,910,10,12,2,0,1,950.0,1.25,960.0,3.03
5,935,10,12,2,0,2,1087.0,1.18,1005.33,1.48
1,1032,11,12,3,0,0,912.0,2.56,901.33,2.76
1,993,11,12,3,0,1,1018.0,2.02,952.0,2.91
1,989,11,12,3,0,2,948.0,2.57,959.33,2.38
2,900,11,12,3,0,0,815.0,1.93,832.67,4.89
2,920,11,12,3,0,1,877.0,4.98,834.0,4.28
2,898,11,12,3,0,2,913.0,2.87,868.33,3.26
3,811,11,12,3,0,0,778.0,6.27,749.33,6.15
3,796,11,12,3,0,1,754.0,3.58,770.67,5.74
3,811,11,12,3,0,2,778.0,5.93,770.0,5.26
4,1003,11,12,3,0,0,894.0,6.78,971.33,4.62
4,992,11,12,3,0,1,1007.0,6.93,962.0,6.24
4,1005,11,12,3,0,2,1053.0,3.57,984.67,5.76
5,939,11,12,3,0,0,846.0,6.42,961.0,2.95
5,922,11,12,3,0,1,981.0,2.49,971.33,3.36
5,949,11,12,3,0,2,922.0,7.15,916.33,5.35
1,974,12,12,4,0,0,933.0,1.27,966.33,1.95
1,1011,12,12,4,0,1,945.0,4.93,942.0,2.92
1,999,12,12,4,0,2,958.0,5.43,945.33,3.88
2,928,12,12,4,0,0,883.0,6.16,891.0,4.67
2,893,12,12,4,0,1,881.0,6.67,892.33,5.23
2,899,12,12,4,0,2,864.0,2.81,876.0,5.21
3,770,12,12,4,0,0,814.0,2.51,782.0,4.01
3,777,12,12,4,0,1,835.0,7.33,809.0,5.26
3,766,12,12,4,0,2,858.0,3.05,835.67,4.3
4,1021,12,12,4,0,0,983.0,6.02,1014.33,5.51
4,990,12,12,4,0,1,970.0,2.71,1002.0,4.1
4,1026,12,12,4,0,2,1019.0,6.94,990.67,5.22
5,896,12,12,4,0,0,927.0,5.31,943.33,4.98
5,980,12,12,4,0,1,955.0,1.34,934.67,4.6
5,948,12,12,4,0,2,922.0,1.6,934.67,2.75
1,1006,13,12,5,1,0,984.0,7.08,962.33,5.81
1,978,13,12,5,1,1,904.0,7.19,948.67,6.57
1,1010,13,12,5,1,2,953.0,2.56,947.0,5.61
2,892,13,12,5,1,0,938.0,7.13,894.33,5.54
2,876,13,12,5,1,1,948.0,5.86,916.67,5.27
2,875,13,12,5,1,2,931.0,4.71,939.0,5.9
3,775,13,12,5,1,0,775.0,3.85,822.67,4.74
3,807,13,12,5,1,1,869.0,6.66,834.0,4.52
3,787,13,12,5,1,2,845.0,2.76,829.67,4.42
4,967,13,12,5,1,0,961.0,2.24,983.33,3.96
4,1007,13,12,5,1,1,958.0,3.82,979.33,4.33
4,956,13,12,5,1,2,937.0,6.3,952.0,4.12
5,976,13,12,5,1,0,942.0,1.98,939.67,1.64
5,989,13,12,5,1,1,907.0,2.89,923.67,2.16
5,923,13,12,5,1,2,853.0,4.91,900.67,3.26
1,1021,14,12,6,1,0,830.0,4.05,895.67,4.6
1,1006,14,12,6,1,1,986.0,3.24,923.0,3.28
1,989,14,12,6,1,2,954.0,5.73,923.33,4.34
2,890,14,12,6,1,0,862.0,3.58,913.67,4.72
2,913,14,12,6,1,1,907.0,4.73,900.0,4.34
2,899,14,12,6,1,2,929.0,3.63,899.33,3.98
3,748,14,12,6,1,0,755.0,2.2,823.0,3.87
3,841,14,12,6,1,1,795.0,4.79,798.33,3.25
3,808,14,12,6,1,2,803.0,4.06,784.33,3.68
4,998,14,12,6,1,0,994.0,4.42,963.0,4.85
4,985,14,12,6,1,1,1004.0,5.28,978.33,5.33
4,996,14,12,6,1,2,941.0,2.08,979.67,3.93
5,975,14,12,6,1,0,927.0,3.84,895.67,3.88
5,955,14,12,6,1,1,943.0,6.26,907.67,5.0
5,957,14,12,6,1,2,923.0,7.24,931.0,5.78
1,975,15,12,0,0,0,971.0,6.27,970.33,5.08
1,993,15,12,0,0,1,915.0,1.29,946.67,4.43
1,1001,15,12,0,0,2,933.0,2.51,939.67,3.36
2,913,15,12,0,0,0,911.0,3.09,915.67,3.82
2,891,15,12,0,0,1,919.0,3.36,919.67,3.36
2,918,15,12,0,0,2,838.0,6.26,889.33,4.24
3,777,15,12,0,0,0,860.0,1.15,819.33,3.33
3,801,15,12,0,0,1,853.0,3.4,838.67,2.87
3,798,15,12,0,0,2,776.0,2.39,829.67,2.31
4,969,15,12,0,0,0,983.0,4.66,976.0,4.01
4,999,15,12,0,0,1,919.0,6.42,947.67,4.39
4,988,15,12,0,0,2,866.0,2.48,922.67,4.52
5,978,15,12,0,0,0,853.0,1.27,906.33,4.92
5,941,15,12,0,0,1,911.0,3.5,895.67,4.0
5,957,15,12,0,0,2,855.0,6.96,873.0,3.91
1,975,16,12,1,0,0,1025.0,5.0,957.67,2.93
1,1004,16,12,1,0,1,957.0,4.49,971.67,4.0
1,991,16,12,1,0,2,967.0,1.12,983.0,3.54
2,884,16,12,1,0,0,896.0,3.24,884.33,4.29
2,956,16,12,1,0,1,873.0,5.21,869.0,4.9
2,892,16,12,1,0,2,902.0,5.65,890.33,4.7
3,795,16,12,1,0,0,841.0,1.52,823.33,2.44
3,818,16,12,1,0,1,761.0,4.99,792.67,2.97
3,784,16,12,1,0,2,791.0,6.94,797.67,4.48
4,1008,16,12,1,0,0,1028.0,6.29,937.67,5.06
4,1010,16,12,1,0,1,988.0,4.54,960.67,4.44
4,1004,16,12,1,0,2,1026.0,6.22,1014.0,5.68
5,995,16,12,1,0,0,914.0,1.72,893.33,4.06
5,933,16,12,1,0,1,875.0,1.69,881.33,3.46
5,980,16,12,1,0,2,901.0,3.33,896.67,2.25
1,1009,17,12,2,0,0,850.0,2.07,924.67,2.56
1,1018,17,12,2,0,1,915.0,1.4,910.67,1.53
1,1006,17,12,2,0,2,901.0,1.96,888.67,1.81
2,937,17,12,2,0,0,917.0,1.4,897.33,4.09
2,893,17,12,2,0,1,896.0,2.08,905.0,3.04
2,909,17,12,2,0,2,878.0,6.6,897.0,3.36
3,826,17,12,2,0,0,776.0,3.36,776.0,5.1
3,788,17,12,2,0,1,812.0,5.69,793.0,5.33
3,820,17,12,2,0,2,809.0,5.05,799.0,4.7
4,999,17,12,2,0,0,966.0,5.01,993.33,5.26
4,975,17,12,2,0,1,988.0,5.36,993.33,5.53
4,970,17,12,2,0,2,1045.0,3.78,999.67,4.72
5,948,17,12,2,0,0,999.0,5.31,925.0,3.44
5,969,17,12,2,0,1,952.0,6.39,950.67,5.01
5,908,17,12,2,0,2,978.0,3.83,976.33,5.18
1,1004,18,12,3,0,0,934.0,6.32,916.67,3.23
1,1017,18,12,3,0,1,942.0,6.45,925.67,4.91
1,974,18,12,3,0,2,962.0,4.18,946.0,5.65
2,887,18,12,3,0,0,839.0,4.22,871.0,4.3
2,911,18,12,3,0,1,905.0,3.1,874.0,4.64
2,916,18,12,3,0,2,896.0,5.68,880.0,4.33
3,832,18,12,3,0,0,827.0,3.61,816.0,4.78
3,788,18,12,3,0,1,841.0,7.07,825.67,5.24
3,783,18,12,3,0,2,823.0,3.63,830.33,4.77
4,1033,18,12,3,0,0,1011.0,1.94,1014.67,3.69
4,984,18,12,3,0,1,1014.0,1.07,1023.33,2.26
4,1010,18,12,3,0,2,1045.0,5.43,1023.33,2.81
5,993,18,12,3,0,0,935.0,3.51,955.0,4.58
5,965,18,12,3,0,1,878.0,2.98,930.33,3.44
5,965,18,12,3,0,2,952.0,4.51,921.67,3.67
1,1025,19,12,4,0,0,871.0,4.7,925.0,5.11
1,1010,19,12,4,0,1,938.0,3.7,923.67,4.19
1,1015,19,12,4,0,2,965.0,1.53,924.67,3.31
2,893,19,12,4,0,0,916.0,3.27,905.67,4.02
2,923,19,12,4,0,1,941.0,2.08,917.67,3.68
2,908,19,12,4,0,2,966.0,2.52,941.0,2.62
3,770,19,12,4,0,0,771.0,7.33,811.67,6.01
3,804,19,12,4,0,1,785.0,3.68,793.0,4.88
3,756,19,12,4,0,2,723.0,1.09,759.67,4.03
4,1014,19,12,4,0,0,1022.0,1.73,1027.0,2.74
4,995,19,12,4,0,1,976.0,4.78,1014.33,3.98
4,1038,19,12,4,0,2,978.0,3.65,992.0,3.39
5,959,19,12,4,0,0,883.0,2.11,904.33,3.2
5,968,19,12,4,0,1,947.0,5.58,927.33,4.07
5,929,19,12,4,0,2,948.0,3.46,926.0,3.72
1,1013,20,12,5,1,0,960.0,3.61,954.33,2.95
1,987,20,12,5,1,1,946.0,6.34,957.0,3.83
1,1021,20,12,5,1,2,925.0,6.19,943.67,5.38
2,877,20,12,5,1,0,919.0,6.89,942.0,3.83
2,902,20,12,5,1,1,871.0,6.94,918.67,5.45
2,876,20,12,5,1,2,895.0,3.24,895.0,5.69
3,802,20,12,5,1,0,852.0,4.8,786.67,3.19
3,840,20,12,5,1,1,683.0,3.12,752.67,3.0
3,814,20,12,5,1,2,785.0,3.56,773.33,3.83
4,999,20,12,5,1,0,981.0,2.78,978.33,3.74
4,950,20,12,5,1,1,984.0,6.2,981.0,4.21
4,989,20,12,5,1,2,955.0,1.95,973.33,3.64
5,959,20,12,5,1,0,919.0,4.57,938.0,4.54
5,939,20,12,5,1,1,883.0,5.36,916.67,4.46
5,978,20,12,5,1,2,859.0,1.26,887.0,3.73
1,1001,21,12,6,1,0,921.0,6.21,930.67,6.25
1,1021,21,12,6,1,1,933.0,2.2,926.33,4.87
1,1004,21,12,6,1,2,897.0,6.66,917.0,5.02
2,894,21,12,6,1,0,864.0,6.59,876.67,5.59
2,890,21,12,6,1,1,859.0,3.7,872.67,4.51
2,879,21,12,6,1,2,869.0,2.58,864.0,4.29
3,821,21,12,6,1,0,750.0,4.7,739.33,3.79
3,791,21,12,6,1,1,820.0,6.29,785.0,4.85
3,810,21,12,6,1,2,755.0,5.74,775.0,5.58
4,989,21,12,6,1,0,998.0,2.73,979.0,3.63
4,978,21,12,6,1,1,932.0,1.48,961.67,2.05
4,1011,21,12,6,1,2,1015.0,7.31,981.67,3.84
5,935,21,12,6,1,0,926.0,5.51,889.33,4.04
5,941,21,12,6,1,1,1003.0,2.9,929.33,3.22
5,925,21,12,6,1,2,1021.0,3.68,983.33,4.03
1,990,22,12,0,0,0,981.0,6.75,937.0,5.2
1,1000,22,12,0,0,1,978.0,6.5,952.0,6.64
1,994,22,12,0,0,2,874.0,2.35,944.33,5.2
2,916,22,12,0,0,0,939.0,5.34,889.0,3.87
2,902,22,12,0,0,1,917.0,4.58,908.33,4.17
2,961,22,12,0,0,2,861.0,5.9,905.67,5.27
3,808,22,12,0,0,0,786.0,3.32,787.0,5.12
3,765,22,12,0,0,1,836.0,3.13,792.33,4.06
3,795,22,12,0,0,2,818.0,5.32,813.33,3.92
4,997,22,12,0,0,0,1015.0,6.54,987.33,5.11
4,987,22,12,0,0,1,1040.0,4.76,1023.33,6.2
4,1001,22,12,0,0,2,913.0,5.97,989.33,5.76
5,937,22,12,0,0,0,905.0,3.83,976.33,3.47
5,956,22,12,0,0,1,887.0,5.03,937.67,4.18
5,911,22,12,0,0,2,960.0,5.79,917.33,4.88
1,1022,23,12,1,0,0,957.0,6.27,936.33,5.04
1,968,23,12,1,0,1,910.0,1.19,913.67,3.27
1,994,23,12,1,0,2,916.0,4.08,927.67,3.85
2,885,23,12,1,0,0,872.0,2.68,883.33,4.39
2,906,23,12,1,0,1,883.0,1.01,872.0,3.2
2,896,23,12,1,0,2,818.0,1.45,857.67,1.71
3,805,23,12,1,0,0,866.0,5.46,840.0,4.64
3,822,23,12,1,0,1,876.0,2.12,853.33,4.3
3,815,23,12,1,0,2,840.0,7.18,860.67,4.92
4,1000,23,12,1,0,0,959.0,2.44,970.67,4.39
4,1009,23,12,1,0,1,987.0,4.64,953.0,4.35
4,1039,23,12,1,0,2,1017.0,4.24,987.67,3.77
5,966,23,12,1,0,0,941.0,6.46,929.33,5.76
5,944,23,12,1,0,1,972.0,3.67,957.67,5.31
5,975,23,12,1,0,2,947.0,2.87,953.33,4.33
1,1007,24,12,2,0,0,999.0,6.9,941.67,4.06
1,980,24,12,2,0,1,974.0,6.08,963.0,5.69
1,996,24,12,2,0,2,961.0,5.41,978.0,6.13
2,870,24,12,2,0,0,857.0,4.57,852.67,2.34
2,854,24,12,2,0,1,905.0,0.98,860.0,2.33
2,881,24,12,2,0,2,864.0,5.26,875.33,3.6
3,802,24,12,2,0,0,749.0,1.32,821.67,3.54
3,802,24,12,2,0,1,790.0,5.73,793.0,4.74
3,771,24,12,2,0,2,801.0,3.14,780.0,3.4
4,952,24,12,2,0,0,913.0,6.84,972.33,5.24
4,1029,24,12,2,0,1,1057.0,1.86,995.67,4.31
4,1001,24,12,2,0,2,989.0,1.69,986.33,3.46
5,981,24,12,2,0,0,900.0,4.46,939.67,3.67
5,979,24,12,2,0,1,965.0,1.73,937.33,3.02
5,964,24,12,2,0,2,958.0,0.93,941.0,2.37
1,1001,25,12,3,0,0,964.0,2.92,966.33,4.8
1,992,25,12,3,0,1,1004.0,0.99,976.33,3.11
1,1014,25,12,3,0,2,996.0,7.09,988.0,3.67
2,896,25,12,3,0,0,871.0,5.12,880.0,3.79
2,888,25,12,3,0,1,865.0,4.53,866.67,4.97
2,858,25,12,3,0,2,901.0,3.43,879.0,4.36
3,798,25,12,3,0,0,826.0,3.28,805.67,4.05
3,821,25,12,3,0,1,860.0,1.6,829.0,2.67
3,825,25,12,3,0,2,774.0,2.15,820.0,2.34
4,1001,25,12,3,0,0,1005.0,3.64,1017.0,2.4
4,982,25,12,3,0,1,1036.0,6.58,1010.0,3.97
4,1018,25,12,3,0,2,880.0,7.37,973.67,5.86
5,949,25,12,3,0,0,893.0,2.62,938.67,1.76
5,942,25,12,3,0,1,943.0,2.98,931.33,2.18
5,920,25,12,3,0,2,997.0,5.41,944.33,3.67
1,1042,26,12,4,0,0,955.0,4.69,985.0,4.26
1,1014,26,12,4,0,1,963.0,1.83,971.33,4.54
1,1016,26,12,4,0,2,912.0,4.8,943.33,3.77
2,882,26,12,4,0,0,837.0,2.56,867.67,3.51
2,901,26,12,4,0,1,942.0,6.55,893.33,4.18
2,898,26,12,4,0,2,970.0,5.0,916.33,4.7
3,815,26,12,4,0,0,788.0,7.29,807.33,3.68
3,827,26,12,4,0,1,883.0,6.46,815.0,5.3
3,771,26,12,4,0,2,759.0,2.32,810.0,5.36
4,978,26,12,4,0,0,1031.0,3.1,982.33,5.68
4,1012,26,12,4,0,1,940.0,4.57,950.33,5.01
4,989,26,12,4,0,2,987.0,4.55,986.0,4.07
5,966,26,12,4,0,0,892.0,3.04,944.0,3.81
5,942,26,12,4,0,1,974.0,1.22,954.33,3.22
5,925,26,12,4,0,2,949.0,4.24,938.33,2.83
1,964,27,12,5,1,0,994.0,5.87,956.33,4.17
1,1009,27,12,5,1,1,983.0,5.02,963.0,5.23
1,1010,27,12,5,1,2,1013.0,3.34,996.67,4.74
2,919,27,12,5,1,0,899.0,2.18,937.0,4.58
2,906,27,12,5,1,1,845.0,5.48,904.67,4.22
2,824,27,12,5,1,2,894.0,4.59,879.33,4.08
3,810,27,12,5,1,0,797.0,4.78,813.0,4.52
3,770,27,12,5,1,1,790.0,3.07,782.0,3.39
3,762,27,12,5,1,2,758.0,5.37,781.67,4.41
4,960,27,12,5,1,0,943.0,2.48,956.67,3.87
4,958,27,12,5,1,1,968.0,3.68,966.0,3.57
4,1005,27,12,5,1,2,1043.0,6.96,984.67,4.37
5,935,27,12,5,1,0,886.0,2.96,936.33,2.81
5,919,27,12,5,1,1,916.0,7.19,917.0,4.8
5,950,27,12,5,1,2,906.0,3.21,902.67,4.45
1,977,28,12,6,1,0,972.0,5.17,989.33,4.51
1,1019,28,12,6,1,1,968.0,7.37,984.33,5.29
1,1029,28,12,6,1,2,910.0,3.91,950.0,5.48
2,895,28,12,6,1,0,928.0,1.07,889.0,3.71
2,927,28,12,6,1,1,832.0,6.62,884.67,4.09
2,927,28,12,6,1,2,828.0,5.26,862.67,4.32
3,801,28,12,6,1,0,849.0,3.63,799.0,4.02
3,834,28,12,6,1,1,778.0,6.27,795.0,5.09
3,787,28,12,6,1,2,807.0,7.03,811.33,5.64
4,960,28,12,6,1,0,959.0,4.77,990.0,5.14
4,968,28,12,6,1,1,985.0,4.09,995.67,5.27
4,986,28,12,6,1,2,1038.0,3.62,994.0,4.16
5,960,28,12,6,1,0,923.0,4.25,915.0,4.88
5,926,28,12,6,1,1,918.0,2.03,915.67,3.16
5,936,28,12,6,1,2,891.0,5.71,910.67,4.0
1,975,29,12,0,0,0,903.0,1.74,927.0,4.34
1,986,29,12,0,0,1,997.0,4.78,936.67,3.48
1,1026,29,12,0,0,2,994.0,4.51,964.67,3.68
2,907,29,12,0,0,0,845.0,3.87,835.0,5.25
2,888,29,12,0,0,1,934.0,3.61,869.0,4.25
2,924,29,12,0,0,2,905.0,2.9,894.67,3.46
3,800,29,12,0,0,0,816.0,1.92,800.33,5.07
3,802,29,12,0,0,1,796.0,4.9,806.33,4.62
3,822,29,12,0,0,2,820.0,6.29,810.67,4.37
4,993,29,12,0,0,0,1052.0,3.22,1025.0,3.64
4,1018,29,12,0,0,1,1070.0,6.3,1053.33,4.38
4,1016,29,12,0,0,2,963.0,6.05,1028.33,5.19
5,947,29,12,0,0,0,1016.0,6.62,941.67,4.79
5,922,29,12,0,0,1,926.0,6.56,944.33,6.3
5,950,29,12,0,0,2,947.0,4.73,963.0,5.97
1,1022,30,12,1,0,0,927.0,1.49,972.67,3.59
1,1016,30,12,1,0,1,941.0,6.18,954.0,4.06
1,1034,30,12,1,0,2,1031.0,7.03,966.33,4.9
2,890,30,12,1,0,0,897.0,3.86,912.0,3.46
2,915,30,12,1,0,1,883.0,5.16,895.0,3.97
2,879,30,12,1,0,2,877.0,4.88,885.67,4.63
3,804,30,12,1,0,0,859.0,1.49,825.0,4.23
3,822,30,12,1,0,1,748.0,3.86,809.0,3.88
3,818,30,12,1,0,2,778.0,1.27,795.0,2.21
4,1002,30,12,1,0,0,987.0,1.79,1006.67,4.71
4,994,30,12,1,0,1,996.0,3.3,982.0,3.71
4,980,30,12,1,0,2,990.0,6.34,991.0,3.81
5,945,30,12,1,0,0,828.0,6.97,900.33,6.09
5,923,30,12,1,0,1,948.0,3.66,907.67,5.12
5,943,30,12,1,0,2,983.0,7.09,919.67,5.91
1,963,31,12,2,0,0,923.0,3.85,965.0,5.69
1,973,31,12,2,0,1,985.0,5.01,979.67,5.3
1,1017,31,12,2,0,2,898.0,1.32,935.33,3.39
2,914,31,12,2,0,0,894.0,6.78,884.67,5.61
2,894,31,12,2,0,1,905.0,2.48,892.0,4.71
2,901,31,12,2,0,2,963.0,5.31,920.67,4.86
3,803,31,12,2,0,0,817.0,4.78,781.0,3.3
3,809,31,12,2,0,1,767.0,2.17,787.33,2.74
3,807,31,12,2,0,2,780.0,1.27,788.0,2.74
4,973,31,12,2,0,0,1035.0,5.13,1007.0,4.92
4,951,31,12,2,0,1,862.0,3.47,962.33,4.98
4,979,31,12,2,0,2,1062.0,6.43,986.33,5.01
5,946,31,12,2,0,0,1020.0,2.39,983.67,4.38
5,969,31,12,2,0,1,883.0,1.45,962.0,3.64
5,954,31,12,2,0,2,997.0,6.65,966.67,3.5
1,1010,1,1,3,0,0,961.0,4.95,948.0,3.76
1,982,1,1,3,0,1,957.0,5.15,938.67,3.81
1,998,1,1,3,0,2,896.0,1.21,938.0,3.77
2,901,1,1,3,0,0,895.0,2.08,921.0,3.29
2,884,1,1,3,0,1,891.0,1.76,916.33,3.05
2,878,1,1,3,0,2,902.0,2.59,896.0,2.14
3,795,1,1,3,0,0,749.0,3.6,765.33,2.35
3,813,1,1,3,0,1,839.0,1.41,789.33,2.09
3,781,1,1,3,0,2,715.0,0.97,767.67,1.99
4,995,1,1,3,0,0,980.0,1.41,968.0,3.77
4,1027,1,1,3,0,1,1035.0,4.17,1025.67,4.0
4,989,1,1,3,0,2,965.0,3.21,993.33,2.93
5,950,1,1,3,0,0,1005.0,4.65,961.67,4.25
5,947,1,1,3,0,1,991.0,3.03,997.67,4.78
5,946,1,1,3,0,2,956.0,3.53,984.0,3.74
1,1033,2,1,4,0,0,931.0,2.1,928.0,2.82
1,1006,2,1,4,0,1,941.0,6.09,922.67,3.13
1,968,2,1,4,0,2,970.0,4.06,947.33,4.08
2,930,2,1,4,0,0,857.0,3.38,883.33,2.58
2,905,2,1,4,0,1,892.0,3.25,883.67,3.07
2,892,2,1,4,0,2,885.0,6.05,878.0,4.23
3,826,2,1,4,0,0,846.0,3.64,800.0,2.01
3,784,2,1,4,0,1,802.0,3.61,787.67,2.74
3,834,2,1,4,0,2,812.0,2.17,820.0,3.14
4,1001,2,1,4,0,0,977.0,2.1,992.33,3.16
4,1020,2,1,4,0,1,1028.0,3.75,990.0,3.02
4,1061,2,1,4,0,2,944.0,4.74,983.0,3.53
5,953,2,1,4,0,0,916.0,2.14,954.33,2.9
5,948,2,1,4,0,1,949.0,1.35,940.33,2.34
5,928,2,1,4,0,2,898.0,3.75,921.0,2.41
1,997,3,1,5,1,0,1027.0,6.89,979.33,5.68
1,979,3,1,5,1,1,970.0,7.35,989.0,6.1
1,996,3,1,5,1,2,850.0,1.85,949.0,5.36
2,957,3,1,5,1,0,901.0,2.49,892.67,3.93
2,902,3,1,5,1,1,965.0,2.03,917.0,3.52
2,888,3,1,5,1,2,876.0,5.3,914.0,3.27
3,795,3,1,5,1,0,797.0,6.12,803.67,3.97
3,791,3,1,5,1,1,726.0,4.85,778.33,4.38
3,820,3,1,5,1,2,757.0,4.78,760.0,5.25
4,998,3,1,5,1,0,997.0,6.56,989.67,5.02
4,1032,3,1,5,1,1,930.0,4.71,957.0,5.34
4,993,3,1,5,1,2,1007.0,1.08,978.0,4.12
5,944,3,1,5,1,0,946.0,4.54,931.0,3.21
5,932,3,1,5,1,1,943.0,2.68,929.0,3.66
5,942,3,1,5,1,2,988.0,5.45,959.0,4.22
1,965,4,1,6,1,0,911.0,1.83,910.33,3.68
1,957,4,1,6,1,1,962.0,4.94,907.67,2.87
1,1012,4,1,6,1,2,905.0,2.69,926.0,3.15
2,865,4,1,6,1,0,853.0,4.16,898.0,3.83
2,908,4,1,6,1,1,913.0,2.87,880.67,4.11
2,889,4,1,6,1,2,1000.0,0.99,922.0,2.67
3,818,4,1,6,1,0,795.0,4.56,759.33,4.73
3,765,4,1,6,1,1,798.0,1.12,783.33,3.49
3,811,4,1,6,1,2,825.0,2.14,806.0,2.61
4,1006,4,1,6,1,0,947.0,3.27,961.33,3.02
4,1007,4,1,6,1,1,989.0,4.63,981.0,2.99
4,1022,4,1,6,1,2,949.0,3.65,961.67,3.85
5,951,4,1,6,1,0,985.0,5.74,972.0,4.62
5,901,4,1,6,1,1,932.0,1.06,968.33,4.08
5,958,4,1,6,1,2,939.0,6.66,952.0,4.49
1,1006,5,1,0,0,0,948.0,3.76,938.33,3.8
1,995,5,1,0,0,1,938.0,5.82,930.33,4.09
1,983,5,1,0,0,2,1002.0,6.88,962.67,5.49
2,892,5,1,0,0,0,826.0,5.71,913.0,3.19
2,929,5,1,0,0,1,911.0,2.25,912.33,2.98
2,881,5,1,0,0,2,867.0,4.62,868.0,4.19
3,765,5,1,0,0,0,804.0,4.06,809.0,2.44
3,770,5,1,0,0,1,876.0,1.46,835.0,2.55
3,799,5,1,0,0,2,751.0,1.57,810.33,2.36
4,1033,5,1,0,0,0,1018.0,2.3,985.33,3.53
4,1044,5,1,0,0,1,928.0,2.83,965.0,2.93
4,1013,5,1,0,0,2,1029.0,1.06,991.67,2.06
5,930,5,1,0,0,0,972.0,4.89,947.67,4.2
5,932,5,1,0,0,1,972.0,6.99,961.0,6.18
5,967,5,1,0,0,2,954.0,1.04,966.0,4.31
1,1026,6,1,1,0,0,899.0,2.71,946.33,5.14
1,987,6,1,1,0,1,890.0,5.42,930.33,5.0
1,1028,6,1,1,0,2,911.0,6.66,900.0,4.93
2,895,6,1,1,0,0,857.0,4.78,878.33,3.88
2,914,6,1,1,0,1,913.0,2.67,879.0,4.02
2,922,6,1,1,0,2,890.0,2.41,886.67,3.29
3,770,6,1,1,0,0,802.0,2.43,809.67,1.82
3,809,6,1,1,0,1,800.0,5.88,784.33,3.29
3,828,6,1,1,0,2,768.0,3.64,790.0,3.98
4,988,6,1,1,0,0,964.0,5.21,973.67,3.03
4,978,6,1,1,0,1,981.0,6.93,991.33,4.4
4,1009,6,1,1,0,2,984.0,2.96,976.33,5.03
5,952,6,1,1,0,0,1022.0,5.28,982.67,4.44
5,943,6,1,1,0,1,959.0,7.16,978.33,4.49
5,949,6,1,1,0,2,890.0,5.32,957.0,5.92
1,966,7,1,2,0,0,990.0,1.3,930.33,4.46
1,1008,7,1,2,0,1,895.0,4.28,932.0,4.08
1,1031,7,1,2,0,2,964.0,3.02,949.67,2.87
2,885,7,1,2,0,0,981.0,2.58,928.0,2.55
2,883,7,1,2,0,1,862.0,2.49,911.0,2.49
2,903,7,1,2,0,2,838.0,2.33,893.67,2.47
3,856,7,1,2,0,0,843.0,2.32,803.67,3.95
3,821,7,1,2,0,1,790.0,5.84,800.33,3.93
3,798,7,1,2,0,2,829.0,6.75,820.67,4.97
4,1000,7,1,2,0,0,1007.0,5.45,990.67,5.11
4,1023,7,1,2,0,1,994.0,3.5,995.0,3.97
4,981,7,1,2,0,2,960.0,4.19,987.0,4.38
5,962,7,1,2,0,0,918.0,5.75,922.33,6.08
5,927,7,1,2,0,1,897.0,6.17,901.67,5.75
5,968,7,1,2,0,2,885.0,6.65,900.0,6.19
1,994,8,1,3,0,0,1025.0,5.79,961.33,4.36
1,1004,8,1,3,0,1,932.0,5.95,973.67,4.92
1,992,8,1,3,0,2,967.0,7.02,974.67,6.25
2,913,8,1,3,0,0,874.0,6.02,858.0,3.61
2,896,8,1,3,0,1,900.0,5.16,870.67,4.5
2,943,8,1,3,0,2,816.0,4.34,863.33,5.17
3,828,8,1,3,0,0,786.0,7.09,801.67,6.56
3,773,8,1,3,0,1,770.0,6.55,795.0,6.8
3,803,8,1,3,0,2,847.0,5.89,801.0,6.51
4,1014,8,1,3,0,0,972.0,1.72,975.33,3.14
4,990,8,1,3,0,1,974.0,6.53,968.67,4.15
4,1024,8,1,3,0,2,993.0,1.88,979.67,3.38
5,971,8,1,3,0,0,961.0,6.52,914.33,6.45
5,948,8,1,3,0,1,964.0,2.63,936.67,5.27
5,969,8,1,3,0,2,927.0,1.28,950.67,3.48
1,951,9,1,4,0,0,916.0,5.37,938.33,6.11
1,1027,9,1,4,0,1,997.0,3.48,960.0,5.29
1,1017,9,1,4,0,2,946.0,2.07,953.0,3.64
2,878,9,1,4,0,0,885.0,6.15,867.0,5.22
2,905,9,1,4,0,1,949.0,5.67,883.33,5.39
2,859,9,1,4,0,2,999.0,4.03,944.33,5.28
3,784,9,1,4,0,0,749.0,6.26,788.67,6.23
3,821,9,1,4,0,1,821.0,1.68,805.67,4.61
3,799,9,1,4,0,2,833.0,6.4,801.0,4.78
4,998,9,1,4,0,0,1021.0,5.38,996.0,4.6
4,1000,9,1,4,0,1,1022.0,6.67,1012.0,4.64
4,998,9,1,4,0,2,957.0,3.63,1000.0,5.23
5,969,9,1,4,0,0,932.0,5.67,941.0,3.19
5,937,9,1,4,0,1,972.0,2.8,943.67,3.25
5,958,9,1,4,0,2,988.0,2.66,964.0,3.71
1,977,10,1,5,1,0,957.0,2.25,966.67,2.6
1,1014,10,1,5,1,1,962.0,3.61,955.0,2.64
1,993,10,1,5,1,2,966.0,3.4,961.67,3.09
2,899,10,1,5,1,0,910.0,6.28,952.67,5.33
2,892,10,1,5,1,1,911.0,3.9,940.0,4.74
2,895,10,1,5,1,2,814.0,6.65,878.33,5.61
3,779,10,1,5,1,0,848.0,3.42,834.0,3.83
3,806,10,1,5,1,1,892.0,7.28,857.67,5.7
3,811,10,1,5,1,2,792.0,5.26,844.0,5.32
4,973,10,1,5,1,0,993.0,6.67,990.67,5.66
4,988,10,1,5,1,1,914.0,6.06,954.67,5.45
4,1000,10,1,5,1,2,908.0,2.26,938.33,5.0
5,938,10,1,5,1,0,924.0,6.0,961.33,3.82
5,945,10,1,5,1,1,972.0,3.95,961.33,4.2
5,982,10,1,5,1,2,964.0,4.37,953.33,4.77
1,979,11,1,6,1,0,951.0,3.35,959.67,3.45
1,953,11,1,6,1,1,981.0,3.25,966.0,3.33
1,988,11,1,6,1,2,945.0,1.36,959.0,2.65
2,893,11,1,6,1,0,1029.0,1.91,918.0,4.15
2,890,11,1,6,1,1,846.0,0.94,896.33,3.17
2,905,11,1,6,1,2,871.0,1.8,915.33,1.55
3,779,11,1,6,1,0,795.0,4.9,826.33,5.81
3,776,11,1,6,1,1,812.0,3.79,799.67,4.65
3,786,11,1,6,1,2,806.0,1.71,804.33,3.47
4,986,11,1,6,1,0,999.0,3.76,940.33,4.03
4,1042,11,1,6,1,1,987.0,5.0,964.67,3.67
4,1031,11,1,6,1,2,956.0,1.14,980.67,3.3
5,916,11,1,6,1,0,896.0,3.14,944.0,3.82
5,911,11,1,6,1,1,980.0,3.26,946.67,3.59
5,948,11,1,6,1,2,912.0,3.9,929.33,3.43
1,1038,12,1,0,0,0,935.0,2.4,953.67,2.34
1,1013,12,1,0,0,1,1031.0,6.53,970.33,3.43
1,999,12,1,0,0,2,961.0,4.19,975.67,4.37
2,890,12,1,0,0,0,920.0,1.39,879.0,1.38
2,921,12,1,0,0,1,867.0,4.52,886.0,2.57
2,903,12,1,0,0,2,932.0,7.36,906.33,4.42
3,834,12,1,0,0,0,712.0,3.39,776.67,2.96
3,766,12,1,0,0,1,852.0,3.62,790.0,2.91
3,808,12,1,0,0,2,826.0,3.17,796.67,3.39
4,988,12,1,0,0,0,993.0,7.37,978.67,4.5
4,1008,12,1,0,0,1,948.0,1.46,965.67,3.32
4,1005,12,1,0,0,2,949.0,2.16,963.33,3.66
5,960,12,1,0,0,0,934.0,6.51,942.0,4.56
5,969,12,1,0,0,1,948.0,3.46,931.33,4.62
5,977,12,1,0,0,2,846.0,1.63,909.33,3.87
1,1039,13,1,1,0,0,949.0,7.32,980.33,6.01
1,1000,13,1,1,0,1,943.0,2.98,951.0,4.83
1,989,13,1,1,0,2,936.0,3.11,942.67,4.47
2,875,13,1,1,0,0,860.0,1.04,886.33,4.31
2,908,13,1,1,0,1,877.0,5.09,889.67,4.5
2,916,13,1,1,0,2,907.0,1.52,881.33,2.55
3,773,13,1,1,0,0,777.0,6.27,818.33,4.35
3,822,13,1,1,0,1,823.0,2.02,808.67,3.82
3,797,13,1,1,0,2,783.0,6.45,794.33,4.91
4,974,13,1,1,0,0,909.0,3.71,935.33,2.44
4,983,13,1,1,0,1,966.0,6.94,941.33,4.27
4,981,13,1,1,0,2,973.0,2.89,949.33,4.51
5,931,13,1,1,0,0,926.0,7.12,906.67,4.07
5,961,13,1,1,0,1,874.0,4.59,882.0,4.45
5,967,13,1,1,0,2,865.0,2.04,888.33,4.58
1,1033,14,1,2,0,0,968.0,1.73,949.0,2.61
1,986,14,1,2,0,1,970.0,4.24,958.0,3.03
1,1006,14,1,2,0,2,976.0,5.15,971.33,3.71
2,887,14,1,2,0,0,952.0,7.12,912.0,4.58
2,900,14,1,2,0,1,865.0,3.46,908.0,4.03
2,870,14,1,2,0,2,903.0,3.73,906.67,4.77
3,777,14,1,2,0,0,800.0,5.99,802.0,4.82
3,816,14,1,2,0,1,795.0,3.52,792.67,5.32
3,770,14,1,2,0,2,784.0,7.22,793.0,5.58
4,1012,14,1,2,0,0,988.0,2.85,975.67,4.23
4,986,14,1,2,0,1,953.0,5.08,971.33,3.61
4,961,14,1,2,0,2,1026.0,2.29,989.0,3.41
5,899,14,1,2,0,0,894.0,3.04,877.67,3.22
5,979,14,1,2,0,1,949.0,3.16,902.67,2.75
5,911,14,1,2,0,2,971.0,3.29,938.0,3.16
1,998,15,1,3,0,0,982.0,2.0,976.0,3.8
1,1007,15,1,3,0,1,999.0,3.48,985.67,3.54
1,973,15,1,3,0,2,965.0,1.83,982.0,2.44
2,888,15,1,3,0,0,884.0,2.1,884.0,3.1
2,909,15,1,3,0,1,871.0,5.12,886.0,3.65
2,905,15,1,3,0,2,964.0,3.41,906.33,3.54
3,790,15,1,3,0,0,810.0,3.46,796.33,4.73
3,804,15,1,3,0,1,794.0,6.15,796.0,5.61
3,797,15,1,3,0,2,742.0,2.11,782.0,3.91
4,980,15,1,3,0,0,1027.0,1.44,1002.0,2.94
4,1024,15,1,3,0,1,935.0,5.46,996.0,3.06
4,1004,15,1,3,0,2,965.0,4.93,975.67,3.94
5,913,15,1,3,0,0,873.0,1.91,931.0,2.79
5,960,15,1,3,0,1,901.0,1.96,915.0,2.39
5,937,15,1,3,0,2,922.0,2.95,898.67,2.27
1,994,16,1,4,0,0,925.0,2.94,963.0,2.75
1,1000,16,1,4,0,1,941.0,2.99,943.67,2.59
1,984,16,1,4,0,2,962.0,6.69,942.67,4.21
2,936,16,1,4,0,0,933.0,6.33,922.67,4.95
2,870,16,1,4,0,1,844.0,2.09,913.67,3.94
2,901,16,1,4,0,2,906.0,6.89,894.33,5.1
3,807,16,1,4,0,0,851.0,1.16,795.67,3.14
3,800,16,1,4,0,1,740.0,3.14,777.67,2.14
3,796,16,1,4,0,2,838.0,1.3,809.67,1.87
4,992,16,1,4,0,0,973.0,2.6,957.67,4.33
4,983,16,1,4,0,1,918.0,5.75,952.0,4.43
4,983,16,1,4,0,2,972.0,6.9,954.33,5.08
5,973,16,1,4,0,0,929.0,1.8,917.33,2.24
5,941,16,1,4,0,1,894.0,3.87,915.0,2.87
5,992,16,1,4,0,2,842.0,6.86,888.33,4.18
1,1013,17,1,5,1,0,1016.0,4.6,973.0,4.76
1,946,17,1,5,1,1,977.0,3.27,985.0,4.85
1,1017,17,1,5,1,2,973.0,3.85,988.67,3.91
2,898,17,1,5,1,0,856.0,5.93,868.67,4.97
2,872,17,1,5,1,1,940.0,7.02,900.67,6.61
2,926,17,1,5,1,2,955.0,6.19,917.0,6.38
3,791,17,1,5,1,0,809.0,2.65,795.67,2.36
3,789,17,1,5,1,1,777.0,3.6,808.0,2.52
3,807,17,1,5,1,2,794.0,5.36,793.33,3.87
4,1022,17,1,5,1,0,906.0,7.17,932.0,6.61
4,1002,17,1,5,1,1,967.0,5.1,948.33,6.39
4,1000,17,1,5,1,2,1003.0,4.57,958.67,5.61
5,936,17,1,5,1,0,923.0,4.65,886.33,5.13
5,972,17,1,5,1,1,970.0,4.15,911.67,5.22
5,952,17,1,5,1,2,896.0,2.4,929.67,3.73
1,995,18,1,6,1,0,934.0,6.13,961.33,4.42
1,993,18,1,6,1,1,971.0,6.72,959.33,5.57
1,1020,18,1,6,1,2,1024.0,2.66,976.33,5.17
2,894,18,1,6,1,0,928.0,6.45,941.0,6.55
2,920,18,1,6,1,1,889.0,0.89,924.0,4.51
2,890,18,1,6,1,2,886.0,1.23,901.0,2.86
3,814,18,1,6,1,0,864.0,3.36,811.67,4.11
3,804,18,1,6,1,1,818.0,1.92,825.33,3.55
3,780,18,1,6,1,2,826.0,5.71,836.0,3.66
4,998,18,1,6,1,0,950.0,2.36,973.33,4.01
4,956,18,1,6,1,1,982.0,3.25,978.33,3.39
4,985,18,1,6,1,2,995.0,5.24,975.67,3.62
5,918,18,1,6,1,0,926.0,4.14,930.67,3.56
5,989,18,1,6,1,1,899.0,4.87,907.0,3.8
5,918,18,1,6,1,2,906.0,6.5,910.33,5.17
1,1051,19,1,0,0,0,958.0,3.91,984.33,4.43
1,1010,19,1,0,0,1,971.0,2.22,984.33,2.93
1,989,19,1,0,0,2,967.0,3.78,965.33,3.3
2,916,19,1,0,0,0,938.0,4.58,904.33,2.23
2,887,19,1,0,0,1,866.0,5.15,896.67,3.65
2,871,19,1,0,0,2,876.0,1.24,893.33,3.66
3,801,19,1,0,0,0,861.0,6.0,835.0,4.54
3,814,19,1,0,0,1,844.0,5.27,843.67,5.66
3,825,19,1,0,0,2,807.0,3.81,837.33,5.03
4,1009,19,1,0,0,0,966.0,6.21,981.0,4.9
4,989,19,1,0,0,1,1010.0,1.27,990.33,4.24
4,1027,19,1,0,0,2,955.0,2.95,977.0,3.48
5,973,19,1,0,0,0,834.0,3.25,879.67,4.87
5,955,19,1,0,0,1,1010.0,2.04,916.67,3.93
5,974,19,1,0,0,2,981.0,3.44,941.67,2.91
1,1043,20,1,1,0,0,970.0,4.53,969.33,3.51
1,989,20,1,1,0,1,953.0,6.93,963.33,5.08
1,982,20,1,1,0,2,970.0,2.22,964.33,4.56
2,888,20,1,1,0,0,875.0,3.1,872.33,3.16
2,873,20,1,1,0,1,954.0,4.22,901.67,2.85
2,911,20,1,1,0,2,965.0,4.46,931.33,3.93
3,767,20,1,1,0,0,801.0,2.67,817.33,3.92
3,825,20,1,1,0,1,716.0,6.16,774.67,4.21
3,786,20,1,1,0,2,876.0,3.84,797.67,4.22
4,1027,20,1,1,0,0,994.0,4.42,986.33,2.88
4,948,20,1,1,0,1,900.0,6.93,949.67,4.77
4,992,20,1,1,0,2,1010.0,6.91,968.0,6.09
5,924,20,1,1,0,0,943.0,5.7,978.0,3.73
5,977,20,1,1,0,1,931.0,1.17,951.67,3.44
5,983,20,1,1,0,2,846.0,6.83,906.67,4.57
1,953,21,1,2,0,0,1007.0,5.36,976.67,4.84
1,1017,21,1,2,0,1,1015.0,4.15,997.33,3.91
1,1021,21,1,2,0,2,964.0,1.53,995.33,3.68
2,906,21,1,2,0,0,909.0,2.26,942.67,3.65
2,911,21,1,2,0,1,918.0,2.55,930.67,3.09
2,910,21,1,2,0,2,791.0,1.49,872.67,2.1
3,817,21,1,2,0,0,769.0,2.78,787.0,4.26
3,778,21,1,2,0,1,780.0,2.26,808.33,2.96
3,824,21,1,2,0,2,825.0,4.29,791.33,3.11
4,1004,21,1,2,0,0,897.0,5.78,935.67,6.54
4,1002,21,1,2,0,1,987.0,1.3,964.67,4.66
4,1011,21,1,2,0,2,976.0,6.42,953.33,4.5
5,924,21,1,2,0,0,917.0,0.97,898.0,2.99
5,918,21,1,2,0,1,909.0,3.91,890.67,3.9
5,947,21,1,2,0,2,926.0,4.73,917.33,3.2
1,1030,22,1,3,0,0,950.0,5.0,976.33,3.56
1,976,22,1,3,0,1,981.0,1.7,965.0,2.74
1,1003,22,1,3,0,2,918.0,5.94,949.67,4.21
2,885,22,1,3,0,0,874.0,1.69,861.0,1.91
2,882,22,1,3,0,1,963.0,2.83,876.0,2.0
2,910,22,1,3,0,2,932.0,5.09,923.0,3.2
3,815,22,1,3,0,0,760.0,1.17,788.33,2.57
3,784,22,1,3,0,1,686.0,2.83,757.0,2.76
3,827,22,1,3,0,2,820.0,1.32,755.33,1.77
4,1008,22,1,3,0,0,956.0,2.75,973.0,3.49
4,995,22,1,3,0,1,988.0,4.54,973.33,4.57
4,1006,22,1,3,0,2,1010.0,2.6,984.67,3.3
5,990,22,1,3,0,0,855.0,3.06,896.67,3.9
5,965,22,1,3,0,1,913.0,4.4,898.0,4.06
5,936,22,1,3,0,2,925.0,4.93,897.67,4.13
1,999,23,1,4,0,0,939.0,7.12,946.0,4.92
1,1002,23,1,4,0,1,968.0,4.72,941.67,5.93
1,1013,23,1,4,0,2,957.0,1.85,954.67,4.56
2,904,23,1,4,0,0,853.0,5.85,916.0,4.59
2,937,23,1,4,0,1,917.0,6.62,900.67,5.85
2,895,23,1,4,0,2,929.0,5.01,899.67,5.83
3,765,23,1,4,0,0,791.0,4.12,765.67,2.76
3,804,23,1,4,0,1,760.0,6.75,790.33,4.06
3,791,23,1,4,0,2,774.0,5.84,775.0,5.57
4,969,23,1,4,0,0,1017.0,4.6,1005.0,3.91
4,985,23,1,4,0,1,1022.0,5.89,1016.33,4.36
4,992,23,1,4,0,2,918.0,4.97,985.67,5.15
5,972,23,1,4,0,0,945.0,1.46,927.67,3.6
5,920,23,1,4,0,1,915.0,1.93,928.33,2.77
5,956,23,1,4,0,2,849.0,7.31,903.0,3.57
1,1044,24,1,5,1,0,1008.0,3.63,977.67,3.4
1,996,24,1,5,1,1,937.0,5.92,967.33,3.8
1,995,24,1,5,1,2,1017.0,1.07,987.33,3.54
2,914,24,1,5,1,0,911.0,1.83,919.0,4.49
2,910,24,1,5,1,1,952.0,6.67,930.67,4.5
2,928,24,1,5,1,2,891.0,1.55,918.0,3.35
3,796,24,1,5,1,0,752.0,2.21,762.0,4.93
3,814,24,1,5,1,1,803.0,6.3,776.33,4.78
3,814,24,1,5,1,2,756.0,7.01,770.33,5.17
4,993,24,1,5,1,0,974.0,1.22,971.33,4.03
4,997,24,1,5,1,1,1029.0,5.94,973.67,4.04
4,999,24,1,5,1,2,938.0,6.94,980.33,4.7
5,925,24,1,5,1,0,914.0,2.35,892.67,3.86
5,942,24,1,5,1,1,906.0,1.41,889.67,3.69
5,979,24,1,5,1,2,869.0,3.01,896.33,2.26
1,1020,25,1,6,1,0,873.0,1.13,942.33,2.71
1,988,25,1,6,1,1,1004.0,7.21,964.67,3.14
1,999,25,1,6,1,2,985.0,3.43,954.0,3.92
2,919,25,1,6,1,0,934.0,3.51,925.67,3.91
2,908,25,1,6,1,1,954.0,2.15,926.33,2.4
2,915,25,1,6,1,2,945.0,3.57,944.33,3.08
3,810,25,1,6,1,0,856.0,2.84,805.0,5.38
3,804,25,1,6,1,1,865.0,2.48,825.67,4.11
3,796,25,1,6,1,2,785.0,1.38,835.33,2.23
4,976,25,1,6,1,0,1003.0,5.73,990.0,6.2
4,1013,25,1,6,1,1,904.0,3.32,948.33,5.33
4,995,25,1,6,1,2,955.0,4.79,954.0,4.61
5,917,25,1,6,1,0,898.0,7.23,891.0,3.88
5,939,25,1,6,1,1,942.0,5.33,903.0,5.19
5,967,25,1,6,1,2,886.0,3.7,908.67,5.42
1,961,26,1,0,0,0,938.0,6.57,975.67,5.74
1,979,26,1,0,0,1,1016.0,0.97,979.67,3.66
1,1002,26,1,0,0,2,992.0,1.2,982.0,2.91
2,928,26,1,0,0,0,868.0,4.93,922.33,3.55
2,919,26,1,0,0,1,897.0,4.27,903.33,4.26
2,930,26,1,0,0,2,913.0,6.84,892.67,5.35
3,804,26,1,0,0,0,790.0,2.11,813.33,1.99
3,795,26,1,0,0,1,865.0,6.49,813.33,3.33
3,816,26,1,0,0,2,739.0,3.52,798.0,4.04
4,982,26,1,0,0,0,974.0,6.7,944.33,4.94
4,980,26,1,0,0,1,959.0,6.53,962.67,6.01
4,976,26,1,0,0,2,989.0,4.17,974.0,5.8
5,971,26,1,0,0,0,900.0,4.26,909.33,4.43
5,933,26,1,0,0,1,900.0,6.64,895.33,4.87
5,970,26,1,0,0,2,951.0,4.61,917.0,5.17
1,1002,27,1,1,0,0,1000.0,3.38,1002.67,1.85
1,1022,27,1,1,0,1,950.0,2.86,980.67,2.48
1,977,27,1,1,0,2,969.0,4.06,973.0,3.43
2,887,27,1,1,0,0,924.0,6.1,911.33,5.74
2,909,27,1,1,0,1,931.0,1.79,922.67,4.91
2,891,27,1,1,0,2,939.0,4.09,931.33,3.99
3,750,27,1,1,0,0,694.0,7.1,766.0,5.7
3,772,27,1,1,0,1,780.0,7.03,737.67,5.88
3,777,27,1,1,0,2,761.0,3.18,745.0,5.77
4,979,27,1,1,0,0,983.0,3.72,977.0,4.81
4,1013,27,1,1,0,1,992.0,6.68,988.0,4.86
4,1006,27,1,1,0,2,1052.0,7.23,1009.0,5.88
5,953,27,1,1,0,0,910.0,1.3,920.33,4.18
5,990,27,1,1,0,1,941.0,2.79,934.0,2.9
5,973,27,1,1,0,2,909.0,2.15,920.0,2.08
1,1016,28,1,2,0,0,932.0,2.2,950.33,3.04
1,970,28,1,2,0,1,964.0,4.93,955.0,3.73
1,1001,28,1,2,0,2,933.0,6.04,943.0,4.39
2,905,28,1,2,0,0,871.0,2.46,913.67,2.78
2,891,28,1,2,0,1,915.0,3.79,908.33,3.45
2,934,28,1,2,0,2,910.0,4.51,898.67,3.59
3,801,28,1,2,0,0,799.0,2.2,780.0,4.14
3,775,28,1,2,0,1,780.0,6.7,780.0,4.03
3,780,28,1,2,0,2,843.0,6.95,807.33,5.28
4,1045,28,1,2,0,0,966.0,1.33,1003.33,5.08
4,991,28,1,2,0,1,859.0,2.83,959.0,3.8
4,958,28,1,2,0,2,1002.0,7.14,942.33,3.77
5,938,28,1,2,0,0,910.0,4.01,920.0,2.98
5,913,28,1,2,0,1,886.0,2.85,901.67,3.0
5,968,28,1,2,0,2,934.0,1.48,910.0,2.78
1,960,29,1,3,0,0,947.0,1.04,948.0,4.0
1,971,29,1,3,0,1,969.0,2.71,949.67,3.26
1,1000,29,1,3,0,2,835.0,3.02,917.0,2.26
2,922,29,1,3,0,0,804.0,6.62,876.33,4.97
2,898,29,1,3,0,1,878.0,6.99,864.0,6.04
2,874,29,1,3,0,2,931.0,6.81,871.0,6.81
3,803,29,1,3,0,0,737.0,7.18,786.67,6.94
3,790,29,1,3,0,1,801.0,0.99,793.67,5.04
3,822,29,1,3,0,2,822.0,2.72,786.67,3.63
4,1017,29,1,3,0,0,989.0,2.85,950.0,4.27
4,989,29,1,3,0,1,960.0,7.34,983.67,5.78
4,1015,29,1,3,0,2,992.0,4.43,980.33,4.87
5,955,29,1,3,0,0,904.0,1.95,908.0,2.09
5,977,29,1,3,0,1,929.0,4.91,922.33,2.78
5,964,29,1,3,0,2,977.0,2.5,936.67,3.12
1,1010,30,1,4,0,0,939.0,7.12,914.33,4.28
1,1026,30,1,4,0,1,966.0,7.29,913.33,5.81
1,1000,30,1,4,0,2,887.0,5.94,930.67,6.78
2,884,30,1,4,0,0,825.0,0.96,878.0,4.92
2,904,30,1,4,0,1,837.0,3.79,864.33,3.85
2,892,30,1,4,0,2,852.0,6.06,838.0,3.6
3,812,30,1,4,0,0,874.0,5.72,832.33,3.14
3,801,30,1,4,0,1,796.0,3.28,830.67,3.91
3,808,30,1,4,0,2,776.0,2.39,815.33,3.8
4,975,30,1,4,0,0,907.0,3.61,953.0,5.13
4,1010,30,1,4,0,1,986.0,3.9,961.67,3.98
4,974,30,1,4,0,2,1067.0,7.14,986.67,4.88
5,969,30,1,4,0,0,1004.0,4.38,970.0,3.93
5,969,30,1,4,0,1,938.0,4.67,973.0,3.85
5,956,30,1,4,0,2,939.0,5.63,960.33,4.89
1,1006,31,1,5,1,0,1004.0,2.14,952.33,5.12
1,995,31,1,5,1,1,946.0,3.57,945.67,3.88
1,987,31,1,5,1,2,914.0,6.54,954.67,4.08
2,899,31,1,5,1,0,958.0,4.77,882.33,4.87
2,939,31,1,5,1,1,888.0,3.9,899.33,4.91
2,904,31,1,5,1,2,911.0,5.4,919.0,4.69
3,773,31,1,5,1,0,827.0,4.28,799.67,3.32
3,765,31,1,5,1,1,794.0,3.29,799.0,3.32
3,771,31,1,5,1,2,779.0,3.11,800.0,3.56
4,992,31,1,5,1,0,1023.0,1.92,1025.33,4.32
4,1025,31,1,5,1,1,975.0,2.99,1021.67,4.02
4,979,31,1,5,1,2,977.0,3.93,991.67,2.95
5,978,31,1,5,1,0,971.0,3.38,949.33,4.56
5,953,31,1,5,1,1,976.0,4.97,962.0,4.66
5,959,31,1,5,1,2,968.0,1.53,971.67,3.29
1,1009,1,2,6,1,0,980.0,7.2,946.67,5.77
1,1011,1,2,6,1,1,957.0,5.81,950.33,6.52
1,991,1,2,6,1,2,970.0,1.12,969.0,4.71
2,853,1,2,6,1,0,820.0,2.73,873.0,4.01
2,888,1,2,6,1,1,840.0,1.87,857.0,3.33
2,882,1,2,6,1,2,891.0,7.09,850.33,3.9
3,806,1,2,6,1,0,719.0,2.18,764.0,2.86
3,804,1,2,6,1,1,738.0,1.73,745.33,2.34
3,794,1,2,6,1,2,760.0,2.31,739.0,2.07
4,1035,1,2,6,1,0,994.0,4.79,982.0,3.9
4,987,1,2,6,1,1,941.0,3.39,970.67,4.04
4,955,1,2,6,1,2,1008.0,3.54,981.0,3.91
5,952,1,2,6,1,0,911.0,4.91,951.67,3.8
5,973,1,2,6,1,1,959.0,3.03,946.0,3.16
5,955,1,2,6,1,2,931.0,5.96,933.67,4.63
1,992,2,2,0,0,0,932.0,6.43,953.0,4.45
1,1004,2,2,0,0,1,933.0,5.47,945.0,4.34
1,1036,2,2,0,0,2,990.0,3.04,951.67,4.98
2,882,2,2,0,0,0,948.0,4.53,893.0,4.5
2,900,2,2,0,0,1,886.0,3.7,908.33,5.11
2,913,2,2,0,0,2,948.0,5.95,927.33,4.73
3,805,2,2,0,0,0,768.0,3.64,755.33,2.56
3,795,2,2,0,0,1,776.0,3.96,768.0,3.3
3,791,2,2,0,0,2,836.0,5.64,793.33,4.41
4,994,2,2,0,0,0,954.0,1.45,967.67,2.79
4,1010,2,2,0,0,1,933.0,6.89,965.0,3.96
4,1009,2,2,0,0,2,998.0,4.68,961.67,4.34
5,991,2,2,0,0,0,860.0,6.52,916.67,5.17
5,919,2,2,0,0,1,847.0,4.72,879.33,5.73
5,985,2,2,0,0,2,917.0,6.71,874.67,5.98
1,995,3,2,1,0,0,956.0,1.04,959.67,3.18
1,998,3,2,1,0,1,991.0,1.29,979.0,1.79
1,1017,3,2,1,0,2,948.0,3.07,965.0,1.8
2,917,3,2,1,0,0,856.0,2.95,896.67,4.2
2,923,3,2,1,0,1,818.0,2.62,874.0,3.84
2,927,3,2,1,0,2,901.0,4.05,858.33,3.21
3,799,3,2,1,0,0,827.0,4.94,813.0,4.85
3,827,3,2,1,0,1,828.0,6.02,830.33,5.53
3,787,3,2,1,0,2,823.0,1.67,826.0,4.21
4,993,3,2,1,0,0,954.0,2.75,961.67,4.77
4,996,3,2,1,0,1,991.0,5.17,981.0,4.2
4,989,3,2,1,0,2,1027.0,4.02,990.67,3.98
5,951,3,2,1,0,0,1007.0,4.37,923.67,5.27
5,967,3,2,1,0,1,931.0,1.48,951.67,4.19
5,963,3,2,1,0,2,860.0,4.55,932.67,3.47
1,987,4,2,2,0,0,886.0,2.21,941.67,2.19
1,986,4,2,2,0,1,989.0,2.08,941.0,2.45
1,982,4,2,2,0,2,975.0,1.61,950.0,1.97
2,901,4,2,2,0,0,916.0,1.61,878.33,2.76
2,868,4,2,2,0,1,981.0,5.22,932.67,3.63
2,882,4,2,2,0,2,906.0,5.03,934.33,3.95
3,790,4,2,2,0,0,827.0,5.16,826.0,4.28
3,821,4,2,2,0,1,775.0,2.64,808.33,3.16
3,797,4,2,2,0,2,783.0,3.45,795.0,3.75
4,1020,4,2,2,0,0,958.0,5.15,992.0,4.78
4,1003,4,2,2,0,1,1003.0,5.56,996.0,4.91
4,990,4,2,2,0,2,992.0,2.84,984.33,4.52
5,941,4,2,2,0,0,908.0,1.84,899.67,2.62
5,926,4,2,2,0,1,893.0,6.98,887.0,4.46
5,998,4,2,2,0,2,891.0,1.11,897.33,3.31
1,1022,5,2,3,0,0,855.0,1.61,939.67,1.77
1,1012,5,2,3,0,1,987.0,7.24,939.0,3.49
1,973,5,2,3,0,2,969.0,5.19,937.0,4.68
2,890,5,2,3,0,0,907.0,1.41,931.33,3.89
2,880,5,2,3,0,1,894.0,1.22,902.33,2.55
2,902,5,2,3,0,2,933.0,3.32,911.33,1.98
3,781,5,2,3,0,0,805.0,6.4,787.67,4.16
3,786,5,2,3,0,1,835.0,1.3,807.67,3.72
3,781,5,2,3,0,2,757.0,6.89,799.0,4.86
4,995,5,2,3,0,0,958.0,5.15,984.33,4.52
4,1001,5,2,3,0,1,990.0,1.39,980.0,3.13
4,995,5,2,3,0,2,902.0,7.2,950.0,4.58
5,980,5,2,3,0,0,973.0,6.35,919.0,4.81
5,966,5,2,3,0,1,841.0,5.4,901.67,4.29
5,934,5,2,3,0,2,980.0,2.78,931.33,4.84
1,1006,6,2,4,0,0,992.0,1.78,982.67,4.74
1,985,6,2,4,0,1,964.0,1.23,975.0,2.73
1,992,6,2,4,0,2,916.0,4.88,957.33,2.63
2,909,6,2,4,0,0,921.0,3.96,916.0,2.83
2,913,6,2,4,0,1,810.0,5.37,888.0,4.22
2,888,6,2,4,0,2,877.0,3.73,869.33,4.35
3,777,6,2,4,0,0,700.0,5.15,764.0,4.45
3,801,6,2,4,0,1,786.0,4.61,747.67,5.55
3,808,6,2,4,0,2,820.0,2.26,768.67,4.01
4,987,6,2,4,0,0,965.0,3.31,952.33,3.97
4,1016,6,2,4,0,1,1007.0,6.41,958.0,5.64
4,1012,6,2,4,0,2,902.0,4.55,958.0,4.76
5,936,6,2,4,0,0,967.0,3.11,929.33,3.76
5,972,6,2,4,0,1,949.0,2.16,965.33,2.68
5,973,6,2,4,0,2,989.0,2.18,968.33,2.48
1,1041,7,2,5,1,0,878.0,1.46,919.33,2.52
1,1034,7,2,5,1,1,961.0,1.23,918.33,2.52
1,981,7,2,5,1,2,1000.0,3.1,946.33,1.93
2,918,7,2,5,1,0,927.0,6.36,871.33,5.15
2,917,7,2,5,1,1,837.0,1.06,880.33,3.72
2,893,7,2,5,1,2,926.0,5.7,896.67,4.37
3,809,7,2,5,1,0,822.0,1.32,809.33,2.73
3,762,7,2,5,1,1,873.0,5.31,838.33,2.96
3,761,7,2,5,1,2,776.0,1.77,823.67,2.8
4,965,7,2,5,1,0,949.0,1.56,952.67,4.17
4,1007,7,2,5,1,1,1014.0,7.14,955.0,4.42
4,1008,7,2,5,1,2,996.0,5.05,986.33,4.58
5,944,7,2,5,1,0,975.0,1.02,971.0,1.79
5,984,7,2,5,1,1,981.0,6.03,981.67,3.08
5,969,7,2,5,1,2,963.0,1.33,973.0,2.79
1,968,8,2,6,1,0,961.0,3.32,974.0,2.55
1,996,8,2,6,1,1,931.0,5.19,964.0,3.87
1,981,8,2,6,1,2,980.0,3.07,957.33,3.86
2,908,8,2,6,1,0,947.0,5.77,903.33,4.18
2,899,8,2,6,1,1,911.0,2.15,928.0,4.54
2,882,8,2,6,1,2,898.0,6.85,918.67,4.92
3,833,8,2,6,1,0,753.0,1.83,800.67,2.97
3,801,8,2,6,1,1,816.0,4.23,781.67,2.61
3,791,8,2,6,1,2,776.0,6.84,781.67,4.3
4,994,8,2,6,1,0,992.0,4.98,1000.67,5.72
4,1032,8,2,6,1,1,941.0,1.98,976.33,4.0
4,1018,8,2,6,1,2,1014.0,5.85,982.33,4.27
5,946,8,2,6,1,0,950.0,5.85,964.67,4.4
5,930,8,2,6,1,1,843.0,7.26,918.67,4.81
5,933,8,2,6,1,2,882.0,2.86,891.67,5.32
1,990,9,2,0,0,0,902.0,5.55,937.67,4.6
1,1010,9,2,0,0,1,895.0,2.61,925.67,3.74
1,1015,9,2,0,0,2,941.0,6.74,912.67,4.97
2,885,9,2,0,0,0,836.0,2.34,881.67,3.78
2,916,9,2,0,0,1,927.0,2.11,887.0,3.77
2,881,9,2,0,0,2,910.0,7.14,891.0,3.86
3,787,9,2,0,0,0,815.0,2.51,802.33,4.53
3,771,9,2,0,0,1,797.0,2.92,796.0,4.09
3,770,9,2,0,0,2,776.0,1.52,796.0,2.32
4,981,9,2,0,0,0,1047.0,3.06,1000.67,3.63
4,999,9,2,0,0,1,972.0,6.09,1011.0,5.0
4,980,9,2,0,0,2,943.0,1.87,987.33,3.67
5,979,9,2,0,0,0,891.0,4.71,872.0,4.94
5,931,9,2,0,0,1,894.0,1.65,889.0,3.07
5,953,9,2,0,0,2,910.0,5.21,898.33,3.86
1,1026,10,2,1,0,0,965.0,1.63,933.67,3.66
1,1001,10,2,1,0,1,997.0,5.05,967.67,4.47
1,992,10,2,1,0,2,995.0,2.74,985.67,3.14
2,902,10,2,1,0,0,926.0,5.41,921.0,4.89
2,888,10,2,1,0,1,877.0,4.67,904.33,5.74
2,879,10,2,1,0,2,920.0,5.35,907.67,5.14
3,812,10,2,1,0,0,762.0,1.93,778.33,2.12
3,788,10,2,1,0,1,829.0,1.66,789.0,1.7
3,818,10,2,1,0,2,774.0,6.07,788.33,3.22
4,1015,10,2,1,0,0,993.0,2.26,969.33,3.41
4,1003,10,2,1,0,1,1010.0,3.81,982.0,2.65
4,1019,10,2,1,0,2,907.0,5.91,970.0,3.99
5,939,10,2,1,0,0,972.0,4.52,925.33,3.79
5,965,10,2,1,0,1,944.0,2.68,942.0,4.14
5,965,10,2,1,0,2,953.0,1.45,956.33,2.88
1,993,11,2,2,0,0,947.0,6.7,979.67,4.83
1,991,11,2,2,0,1,940.0,5.62,960.67,5.02
1,1006,11,2,2,0,2,984.0,1.11,957.0,4.48
2,939,11,2,2,0,0,864.0,7.2,887.0,5.74
2,895,11,2,2,0,1,859.0,6.32,881.0,6.29
2,890,11,2,2,0,2,914.0,2.56,879.0,5.36
3,823,11,2,2,0,0,791.0,5.04,798.0,4.26
3,801,11,2,2,0,1,868.0,1.7,811.0,4.27
3,817,11,2,2,0,2,831.0,7.36,830.0,4.7
4,1029,11,2,2,0,0,956.0,7.0,957.67,5.57
4,961,11,2,2,0,1,1014.0,7.14,959.0,6.68
4,999,11,2,2,0,2,930.0,6.81,966.67,6.98
5,945,11,2,2,0,0,946.0,5.12,947.67,3.08
5,930,11,2,2,0,1,930.0,7.19,943.0,4.59
5,911,11,2,2,0,2,906.0,2.79,927.33,5.03
1,968,12,2,3,0,0,911.0,3.5,945.0,3.41
1,1002,12,2,3,0,1,920.0,3.26,938.33,2.62
1,989,12,2,3,0,2,941.0,7.29,924.0,4.68
2,883,12,2,3,0,0,857.0,4.88,876.67,4.59
2,901,12,2,3,0,1,972.0,7.25,914.33,4.9
2,886,12,2,3,0,2,877.0,1.46,902.0,4.53
3,825,12,2,3,0,0,777.0,2.39,825.33,3.82
3,787,12,2,3,0,1,808.0,6.91,805.33,5.55
3,830,12,2,3,0,2,760.0,4.28,781.67,4.53
4,999,12,2,3,0,0,1038.0,1.89,994.0,5.28
4,986,12,2,3,0,1,1027.0,5.69,998.33,4.8
4,985,12,2,3,0,2,961.0,5.13,1008.67,4.24
5,980,12,2,3,0,0,918.0,6.23,918.0,5.4
5,963,12,2,3,0,1,951.0,7.31,925.0,5.44
5,934,12,2,3,0,2,843.0,4.1,904.0,5.88
1,1002,13,2,4,0,0,902.0,2.06,921.0,4.2
1,952,13,2,4,0,1,1001.0,4.85,948.0,4.73
1,973,13,2,4,0,2,941.0,4.95,948.0,3.95
2,884,13,2,4,0,0,933.0,1.37,927.33,3.36
2,884,13,2,4,0,1,856.0,1.61,888.67,1.48
2,924,13,2,4,0,2,889.0,1.0,892.67,1.33
3,761,13,2,4,0,0,792.0,5.6,786.67,5.6
3,771,13,2,4,0,1,819.0,5.75,790.33,5.21
3,809,13,2,4,0,2,802.0,2.08,804.33,4.48
4,1004,13,2,4,0,0,936.0,1.37,974.67,4.06
4,993,13,2,4,0,1,1037.0,1.89,978.0,2.8
4,1041,13,2,4,0,2,959.0,1.03,977.33,1.43
5,962,13,2,4,0,0,918.0,6.13,904.0,5.85
5,974,13,2,4,0,1,917.0,4.38,892.67,4.87
5,948,13,2,4,0,2,929.0,5.59,921.33,5.37
1,989,14,2,5,1,0,987.0,5.1,976.33,4.97
1,989,14,2,5,1,1,914.0,6.26,947.33,5.44
1,1018,14,2,5,1,2,980.0,4.85,960.33,5.4
2,915,14,2,5,1,0,886.0,2.32,877.0,1.64
2,895,14,2,5,1,1,870.0,6.35,881.67,3.22
2,909,14,2,5,1,2,838.0,6.58,864.67,5.08
3,819,14,2,5,1,0,719.0,7.11,780.0,4.98
3,788,14,2,5,1,1,772.0,2.28,764.33,3.82
3,793,14,2,5,1,2,683.0,5.01,724.67,4.8
4,1008,14,2,5,1,0,982.0,4.01,992.67,2.31
4,964,14,2,5,1,1,866.0,6.88,935.67,3.97
4,1009,14,2,5,1,2,970.0,5.64,939.33,5.51
5,927,14,2,5,1,0,925.0,3.85,923.67,4.61
5,968,14,2,5,1,1,874.0,4.06,909.33,4.5
5,992,14,2,5,1,2,928.0,2.62,909.0,3.51
1,986,15,2,6,1,0,923.0,5.04,939.0,5.38
1,973,15,2,6,1,1,975.0,4.51,959.33,4.8
1,996,15,2,6,1,2,978.0,1.81,958.67,3.79
2,894,15,2,6,1,0,878.0,5.29,862.0,6.07
2,913,15,2,6,1,1,909.0,3.91,875.0,5.26
2,904,15,2,6,1,2,867.0,5.97,884.67,5.06
3,794,15,2,6,1,0,719.0,4.64,724.67,3.98
3,801,15,2,6,1,1,781.0,6.91,727.67,5.52
3,777,15,2,6,1,2,774.0,4.33,758.0,5.29
4,1016,15,2,6,1,0,1035.0,4.78,957.0,5.77
4,1032,15,2,6,1,1,1006.0,1.66,1003.67,4.03
4,976,15,2,6,1,2,914.0,7.11,985.0,4.52
5,918,15,2,6,1,0,920.0,7.07,907.33,4.58
5,941,15,2,6,1,1,887.0,5.64,911.67,5.11
5,925,15,2,6,1,2,957.0,4.97,921.33,5.89
1,974,16,2,0,0,0,1036.0,3.45,996.33,3.26
1,971,16,2,0,0,1,940.0,2.59,984.67,2.62
1,996,16,2,0,0,2,926.0,7.31,967.33,4.45
2,891,16,2,0,0,0,877.0,3.63,884.33,4.5
2,907,16,2,0,0,1,872.0,2.35,872.0,3.98
2,888,16,2,0,0,2,868.0,3.66,872.33,3.21
3,775,16,2,0,0,0,866.0,1.48,807.0,4.24
3,799,16,2,0,0,1,796.0,3.16,812.0,2.99
3,778,16,2,0,0,2,809.0,0.98,823.67,1.87
4,1010,16,2,0,0,0,999.0,2.63,973.0,3.8
4,966,16,2,0,0,1,1001.0,2.05,971.33,3.93
4,956,16,2,0,0,2,1000.0,1.28,1000.0,1.99
5,917,16,2,0,0,0,974.0,6.7,939.33,5.77
5,941,16,2,0,0,1,890.0,5.92,940.33,5.86
5,944,16,2,0,0,2,872.0,6.24,912.0,6.29
1,1002,17,2,1,0,0,1008.0,5.44,958.0,5.11
1,988,17,2,1,0,1,944.0,5.98,959.33,6.24
1,983,17,2,1,0,2,988.0,6.79,980.0,6.07
2,928,17,2,1,0,0,861.0,2.49,867.0,2.83
2,923,17,2,1,0,1,875.0,6.22,868.0,4.12
2,919,17,2,1,0,2,923.0,6.48,886.33,5.06
3,806,17,2,1,0,0,838.0,1.87,814.33,2.0
3,807,17,2,1,0,1,798.0,1.97,815.0,1.61
3,783,17,2,1,0,2,895.0,5.19,843.67,3.01
4,1002,17,2,1,0,0,1030.0,5.07,1010.33,2.8
4,981,17,2,1,0,1,1008.0,5.35,1012.67,3.9
4,978,17,2,1,0,2,984.0,6.29,1007.33,5.57
5,917,17,2,1,0,0,953.0,3.64,905.0,5.27
5,958,17,2,1,0,1,917.0,4.28,914.0,4.72
5,953,17,2,1,0,2,938.0,4.29,936.0,4.07
1,993,18,2,2,0,0,948.0,1.56,960.0,4.78
1,991,18,2,2,0,1,902.0,5.15,946.0,4.5
1,963,18,2,2,0,2,948.0,2.07,932.67,2.93
2,905,18,2,2,0,0,903.0,1.31,900.33,4.67
2,893,18,2,2,0,1,938.0,7.13,921.33,4.97
2,917,18,2,2,0,2,868.0,5.03,903.0,4.49
3,802,18,2,2,0,0,847.0,1.05,846.67,2.74
3,814,18,2,2,0,1,820.0,7.24,854.0,4.49
3,799,18,2,2,0,2,819.0,4.21,828.67,4.17
4,1003,18,2,2,0,0,981.0,4.01,991.0,5.22
4,1018,18,2,2,0,1,968.0,4.54,977.67,4.95
4,996,18,2,2,0,2,945.0,3.77,964.67,4.11
5,959,18,2,2,0,0,910.0,5.89,921.67,4.82
5,941,18,2,2,0,1,920.0,6.6,922.67,5.59
5,947,18,2,2,0,2,913.0,1.83,914.33,4.77
1,1031,19,2,3,0,0,961.0,2.04,937.0,3.09
1,1012,19,2,3,0,1,961.0,3.32,956.67,2.48
1,989,19,2,3,0,2,923.0,5.14,948.33,3.5
2,908,19,2,3,0,0,901.0,2.59,902.33,4.92
2,874,19,2,3,0,1,926.0,1.8,898.33,3.14
2,895,19,2,3,0,2,915.0,6.54,914.0,3.64
3,780,19,2,3,0,0,864.0,1.82,834.33,4.42
3,809,19,2,3,0,1,809.0,2.06,830.67,2.7
3,796,19,2,3,0,2,841.0,1.64,838.0,1.84
4,1005,19,2,3,0,0,983.0,6.47,965.33,4.93
4,1015,19,2,3,0,1,1005.0,4.47,977.67,4.9
4,990,19,2,3,0,2,980.0,3.54,989.33,4.83
5,941,19,2,3,0,0,908.0,5.02,913.67,4.48
5,949,19,2,3,0,1,978.0,4.21,933.0,3.69
5,932,19,2,3,0,2,941.0,3.59,942.33,4.27
1,999,20,2,4,0,0,978.0,2.49,954.0,3.65
1,1000,20,2,4,0,1,1060.0,2.57,987.0,3.4
1,1004,20,2,4,0,2,937.0,6.11,991.67,3.72
2,908,20,2,4,0,0,860.0,3.8,900.33,4.05
2,867,20,2,4,0,1,893.0,2.51,889.33,4.28
2,874,20,2,4,0,2,895.0,2.08,882.67,2.8
3,776,20,2,4,0,0,831.0,4.26,827.0,2.65
3,801,20,2,4,0,1,819.0,4.55,830.33,3.48
3,794,20,2,4,0,2,722.0,3.35,790.67,4.05
4,954,20,2,4,0,0,979.0,4.11,988.0,4.04
4,1038,20,2,4,0,1,977.0,2.69,978.67,3.45
4,960,20,2,4,0,2,969.0,5.92,975.0,4.24
5,950,20,2,4,0,0,941.0,3.19,953.33,3.66
5,961,20,2,4,0,1,987.0,3.24,956.33,3.34
5,935,20,2,4,0,2,913.0,4.7,947.0,3.71
1,1012,21,2,5,1,0,866.0,1.7,954.33,3.46
1,979,21,2,5,1,1,917.0,6.43,906.67,4.75
1,1003,21,2,5,1,2,962.0,3.32,915.0,3.82
2,856,21,2,5,1,0,910.0,4.01,899.33,2.87
2,923,21,2,5,1,1,925.0,1.8,910.0,2.63
2,900,21,2,5,1,2,888.0,2.09,907.67,2.63
3,768,21,2,5,1,0,820.0,3.42,787.0,3.77
3,812,21,2,5,1,1,799.0,6.98,780.33,4.58
3,832,21,2,5,1,2,797.0,6.89,805.33,5.76
4,981,21,2,5,1,0,916.0,2.35,954.0,3.65
4,995,21,2,5,1,1,1016.0,5.31,967.0,4.53
4,989,21,2,5,1,2,937.0,7.32,956.33,4.99
5,934,21,2,5,1,0,956.0,1.34,952.0,3.09
5,932,21,2,5,1,1,882.0,1.67,917.0,2.57
5,937,21,2,5,1,2,953.0,4.32,930.33,2.44
1,988,22,2,6,1,0,940.0,5.62,939.67,5.12
1,992,22,2,6,1,1,931.0,3.42,944.33,4.12
1,991,22,2,6,1,2,919.0,5.84,930.0,4.96
2,915,22,2,6,1,0,866.0,2.26,893.0,2.05
2,913,22,2,6,1,1,903.0,1.63,885.67,1.99
2,869,22,2,6,1,2,927.0,5.12,898.67,3.0
3,788,22,2,6,1,0,809.0,4.49,801.67,6.12
3,825,22,2,6,1,1,712.0,1.66,772.67,4.35
3,805,22,2,6,1,2,778.0,6.6,766.33,4.25
4,1006,22,2,6,1,0,1014.0,1.27,989.0,4.63
4,1004,22,2,6,1,1,999.0,4.22,983.33,4.27
4,994,22,2,6,1,2,1001.0,4.76,1004.67,3.42
5,949,22,2,6,1,0,954.0,2.95,929.67,2.98
5,941,22,2,6,1,1,964.0,1.83,957.0,3.03
5,967,22,2,6,1,2,967.0,6.39,961.67,3.72
1,992,23,2,0,0,0,917.0,1.08,922.33,3.45
1,997,23,2,0,0,1,916.0,3.48,917.33,3.47
1,1014,23,2,0,0,2,946.0,3.67,926.33,2.74
2,893,23,2,0,0,0,894.0,6.19,908.0,4.31
2,898,23,2,0,0,1,905.0,1.31,908.67,4.21
2,892,23,2,0,0,2,879.0,6.39,892.67,4.63
3,798,23,2,0,0,0,777.0,4.31,755.67,4.19
3,793,23,2,0,0,1,854.0,2.06,803.0,4.32
3,789,23,2,0,0,2,775.0,4.79,802.0,3.72
4,985,23,2,0,0,0,985.0,4.55,995.0,4.51
4,996,23,2,0,0,1,952.0,1.86,979.33,3.72
4,1020,23,2,0,0,2,1018.0,1.93,985.0,2.78
5,962,23,2,0,0,0,910.0,2.57,947.0,3.6
5,918,23,2,0,0,1,984.0,6.99,953.67,5.32
5,941,23,2,0,0,2,895.0,2.61,929.67,4.06
1,987,24,2,1,0,0,882.0,7.26,914.67,4.8
1,968,24,2,1,0,1,919.0,6.89,915.67,5.94
1,1005,24,2,1,0,2,1014.0,5.23,938.33,6.46
2,898,24,2,1,0,0,1023.0,4.66,935.67,4.12
2,940,24,2,1,0,1,851.0,1.28,917.67,4.11
2,893,24,2,1,0,2,857.0,3.6,910.33,3.18
3,784,24,2,1,0,0,759.0,2.32,796.0,3.06
3,782,24,2,1,0,1,826.0,2.02,786.67,3.04
3,790,24,2,1,0,2,824.0,3.4,803.0,2.58
4,1011,24,2,1,0,0,1019.0,6.08,996.33,3.29
4,1014,24,2,1,0,1,965.0,5.58,1000.67,4.53
4,1058,24,2,1,0,2,960.0,1.64,981.33,4.43
5,925,24,2,1,0,0,949.0,6.41,942.67,5.34
5,951,24,2,1,0,1,909.0,4.72,917.67,4.58
5,936,24,2,1,0,2,983.0,6.82,947.0,5.98
1,1007,25,2,2,0,0,917.0,3.58,950.0,5.23
1,1027,25,2,2,0,1,958.0,6.45,963.0,5.09
1,1017,25,2,2,0,2,1004.0,6.52,959.67,5.52
2,875,25,2,2,0,0,899.0,3.33,869.0,2.74
2,913,25,2,2,0,1,966.0,5.85,907.33,4.26
2,857,25,2,2,0,2,912.0,4.9,925.67,4.69
3,752,25,2,2,0,0,758.0,6.07,802.67,3.83
3,795,25,2,2,0,1,779.0,1.52,787.0,3.66
3,812,25,2,2,0,2,748.0,3.23,761.67,3.61
4,1006,25,2,2,0,0,933.0,5.09,952.67,4.1
4,1038,25,2,2,0,1,1023.0,5.01,972.0,3.91
4,1002,25,2,2,0,2,892.0,5.31,949.33,5.14
5,947,25,2,2,0,0,879.0,3.51,923.67,5.02
5,973,25,2,2,0,1,951.0,6.49,937.67,5.61
5,942,25,2,2,0,2,930.0,7.28,920.0,5.76
1,1007,26,2,3,0,0,1001.0,6.71,987.67,6.56
1,1008,26,2,3,0,1,989.0,3.32,998.0,5.52
1,980,26,2,3,0,2,893.0,6.88,961.0,5.64
2,907,26,2,3,0,0,917.0,5.66,931.67,5.47
2,943,26,2,3,0,1,870.0,5.23,899.67,5.26
2,922,26,2,3,0,2,870.0,6.45,885.67,5.78
3,783,26,2,3,0,0,794.0,1.0,773.67,1.92
3,846,26,2,3,0,1,809.0,5.93,783.67,3.39
3,813,26,2,3,0,2,850.0,5.56,817.67,4.16
4,1008,26,2,3,0,0,961.0,1.74,958.67,4.02
4,998,26,2,3,0,1,924.0,3.85,925.67,3.63
4,1013,26,2,3,0,2,977.0,1.91,954.0,2.5
5,952,26,2,3,0,0,979.0,1.61,953.33,5.13
5,950,26,2,3,0,1,925.0,6.57,944.67,5.15
5,947,26,2,3,0,2,942.0,6.64,948.67,4.94
1,1019,27,2,4,0,0,953.0,4.8,945.0,5.0
1,1017,27,2,4,0,1,940.0,2.99,928.67,4.89
1,997,27,2,4,0,2,938.0,4.19,943.67,3.99
2,869,27,2,4,0,0,846.0,2.31,862.0,4.66
2,900,27,2,4,0,1,859.0,3.48,858.33,4.08
2,885,27,2,4,0,2,816.0,3.43,840.33,3.07
3,790,27,2,4,0,0,813.0,6.55,824.0,6.01
3,797,27,2,4,0,1,804.0,4.4,822.33,5.5
3,778,27,2,4,0,2,752.0,2.84,789.67,4.6
4,967,27,2,4,0,0,1000.0,3.57,967.0,3.11
4,1005,27,2,4,0,1,1002.0,5.2,993.0,3.56
4,1000,27,2,4,0,2,1045.0,1.14,1015.67,3.3
5,949,27,2,4,0,0,903.0,5.64,923.33,6.28
5,960,27,2,4,0,1,1025.0,3.39,956.67,5.22
5,936,27,2,4,0,2,925.0,4.05,951.0,4.36
1,1006,28,2,5,1,0,1008.0,5.97,962.0,4.38
1,1026,28,2,5,1,1,978.0,2.59,974.67,4.25
1,994,28,2,5,1,2,1074.0,5.79,1020.0,4.78
2,937,28,2,5,1,0,955.0,3.34,876.67,3.42
2,900,28,2,5,1,1,881.0,2.87,884.0,3.21
2,882,28,2,5,1,2,929.0,5.2,921.67,3.8
3,816,28,2,5,1,0,835.0,6.91,797.0,4.72
3,797,28,2,5,1,1,770.0,2.78,785.67,4.18
3,821,28,2,5,1,2,794.0,7.24,799.67,5.64
4,1008,28,2,5,1,0,987.0,4.55,1011.33,3.63
4,993,28,2,5,1,1,1009.0,4.36,1013.67,3.35
4,1030,28,2,5,1,2,983.0,6.91,993.0,5.27
5,940,28,2,5,1,0,952.0,1.35,967.33,2.93
5,906,28,2,5,1,1,845.0,7.04,907.33,4.15
5,967,28,2,5,1,2,1011.0,5.34,936.0,4.58
1,1006,1,3,6,1,0,933.0,4.01,995.0,4.13
1,1025,1,3,6,1,1,920.0,4.07,975.67,4.62
1,982,1,3,6,1,2,1041.0,3.34,964.67,3.81
2,895,1,3,6,1,0,849.0,6.29,886.33,4.79
2,892,1,3,6,1,1,951.0,5.28,909.67,5.59
2,918,1,3,6,1,2,900.0,3.23,900.0,4.93
3,813,1,3,6,1,0,863.0,1.03,809.0,3.68
3,804,1,3,6,1,1,821.0,6.7,826.0,4.99
3,804,1,3,6,1,2,828.0,1.08,837.33,2.94
4,976,1,3,6,1,0,959.0,7.16,983.67,6.14
4,1015,1,3,6,1,1,1067.0,4.65,1003.0,6.24
4,1015,1,3,6,1,2,952.0,5.84,992.67,5.88
5,995,1,3,6,1,0,927.0,2.52,927.67,4.97
5,959,1,3,6,1,1,862.0,3.69,933.33,3.85
5,962,1,3,6,1,2,963.0,7.31,917.33,4.51
1,1009,2,3,0,0,0,900.0,2.07,953.67,3.16
1,986,2,3,0,0,1,867.0,3.88,936.0,3.1
1,1024,2,3,0,0,2,949.0,6.5,905.33,4.15
2,898,2,3,0,0,0,929.0,7.19,926.67,5.23
2,896,2,3,0,0,1,914.0,6.64,914.33,5.69
2,897,2,3,0,0,2,851.0,4.38,898.0,6.07
3,798,2,3,0,0,0,895.0,2.61,848.0,3.46
3,790,2,3,0,0,1,794.0,6.48,839.0,3.39
3,804,2,3,0,0,2,783.0,3.57,824.0,4.22
4,998,2,3,0,0,0,999.0,1.58,1006.0,4.02
4,996,2,3,0,0,1,926.0,6.84,959.0,4.75
4,1009,2,3,0,0,2,981.0,7.28,968.67,5.23
5,951,2,3,0,0,0,972.0,2.8,932.33,4.6
5,938,2,3,0,0,1,882.0,7.06,939.0,5.72
5,934,2,3,0,0,2,921.0,5.92,925.0,5.26
1,1001,3,3,1,0,0,979.0,2.3,931.67,4.23
1,985,3,3,1,0,1,887.0,7.02,938.33,5.27
1,983,3,3,1,0,2,951.0,6.03,939.0,5.12
2,883,3,3,1,0,0,855.0,6.96,873.33,5.99
2,905,3,3,1,0,1,860.0,1.83,855.33,4.39
2,923,3,3,1,0,2,905.0,4.44,873.33,4.41
3,806,3,3,1,0,0,786.0,3.56,787.67,4.54
3,817,3,3,1,0,1,892.0,4.19,820.33,3.77
3,798,3,3,1,0,2,803.0,6.41,827.0,4.72
4,1002,3,3,1,0,0,1044.0,4.04,983.67,6.05
4,1033,3,3,1,0,1,907.0,6.78,977.33,6.03
4,1016,3,3,1,0,2,951.0,2.26,967.33,4.36
5,968,3,3,1,0,0,954.0,5.64,919.0,6.21
5,944,3,3,1,0,1,998.0,3.29,957.67,4.95
5,949,3,3,1,0,2,965.0,7.03,972.33,5.32
1,1008,4,3,2,0,0,991.0,4.62,943.0,5.89
1,987,4,3,2,0,1,919.0,6.98,953.67,5.88
1,952,4,3,2,0,2,952.0,5.93,954.0,5.84
2,907,4,3,2,0,0,938.0,7.13,901.0,4.47
2,919,4,3,2,0,1,920.0,7.16,921.0,6.24
2,901,4,3,2,0,2,916.0,4.38,924.67,6.22
3,788,4,3,2,0,0,771.0,7.33,822.0,5.98
3,793,4,3,2,0,1,757.0,4.78,777.0,6.17
3,759,4,3,2,0,2,803.0,4.18,777.0,5.43
4,993,4,3,2,0,0,924.0,1.18,927.33,3.41
4,977,4,3,2,0,1,923.0,3.55,932.67,2.33
4,986,4,3,2,0,2,1046.0,4.91,964.33,3.21
5,926,4,3,2,0,0,885.0,2.75,949.33,4.36
5,924,4,3,2,0,1,874.0,7.12,908.0,5.63
5,929,4,3,2,0,2,912.0,1.83,890.33,3.9
1,1012,5,3,3,0,0,991.0,5.17,954.0,6.03
1,989,5,3,3,0,1,947.0,6.05,963.33,5.72
1,977,5,3,3,0,2,939.0,1.47,959.0,4.23
2,915,5,3,3,0,0,908.0,1.73,914.67,4.42
2,902,5,3,3,0,1,905.0,6.51,909.67,4.21
2,852,5,3,3,0,2,903.0,5.45,905.33,4.56
3,819,5,3,3,0,0,798.0,7.1,786.0,5.35
3,801,5,3,3,0,1,818.0,2.5,806.33,4.59
3,815,5,3,3,0,2,819.0,7.25,811.67,5.62
4,995,5,3,3,0,0,956.0,2.94,975.0,3.8
4,1032,5,3,3,0,1,952.0,6.11,984.67,4.65
4,992,5,3,3,0,2,953.0,2.16,953.67,3.74
5,897,5,3,3,0,0,919.0,2.44,901.67,3.8
5,932,5,3,3,0,1,913.0,6.74,914.67,3.67
5,960,5,3,3,0,2,925.0,5.32,919.0,4.83
1,1003,6,3,4,0,0,949.0,6.23,945.0,4.58
1,997,6,3,4,0,1,1041.0,2.25,976.33,3.32
1,980,6,3,4,0,2,915.0,6.15,968.33,4.88
2,900,6,3,4,0,0,915.0,4.29,907.67,5.42
2,899,6,3,4,0,1,899.0,4.26,905.67,4.67
2,899,6,3,4,0,2,892.0,3.15,902.0,3.9
3,810,6,3,4,0,0,829.0,2.01,822.0,3.92
3,803,6,3,4,0,1,796.0,5.91,814.67,5.06
3,794,6,3,4,0,2,800.0,5.55,808.33,4.49
4,979,6,3,4,0,0,1021.0,4.58,975.33,4.28
4,1027,6,3,4,0,1,973.0,7.07,982.33,4.6
4,1039,6,3,4,0,2,949.0,2.16,981.0,4.6
5,984,6,3,4,0,0,921.0,6.69,919.67,6.25
5,963,6,3,4,0,1,913.0,5.49,919.67,5.83
5,916,6,3,4,0,2,890.0,4.61,908.0,5.6
1,964,7,3,5,1,0,915.0,4.59,957.0,4.33
1,989,7,3,5,1,1,875.0,1.02,901.67,3.92
1,998,7,3,5,1,2,958.0,6.9,916.0,4.17
2,898,7,3,5,1,0,854.0,4.37,881.67,3.93
2,903,7,3,5,1,1,941.0,6.65,895.67,4.72
2,872,7,3,5,1,2,821.0,7.02,872.0,6.01
3,832,7,3,5,1,0,779.0,5.8,791.67,5.75
3,830,7,3,5,1,1,808.0,3.69,795.67,5.01
3,773,7,3,5,1,2,774.0,2.27,787.0,3.92
4,962,7,3,5,1,0,934.0,4.79,952.0,4.67
4,998,7,3,5,1,1,906.0,3.51,929.67,3.49
4,1025,7,3,5,1,2,962.0,6.51,934.0,4.94
5,949,7,3,5,1,0,877.0,4.67,893.33,4.92
5,955,7,3,5,1,1,967.0,2.62,911.33,3.97
5,941,7,3,5,1,2,935.0,4.49,926.33,3.93
1,1002,8,3,6,1,0,932.0,2.71,921.67,3.54
1,1018,8,3,6,1,1,996.0,4.41,962.0,4.67
1,1008,8,3,6,1,2,929.0,1.69,952.33,2.94
2,911,8,3,6,1,0,885.0,5.35,882.33,6.34
2,866,8,3,6,1,1,856.0,3.06,854.0,5.14
2,942,8,3,6,1,2,914.0,2.56,885.0,3.66
3,766,8,3,6,1,0,798.0,6.12,793.33,4.03
3,803,8,3,6,1,1,811.0,2.29,794.33,3.56
3,796,8,3,6,1,2,779.0,3.47,796.0,3.96
4,997,8,3,6,1,0,946.0,1.77,938.0,3.93
4,1017,8,3,6,1,1,980.0,3.64,962.67,3.97
4,985,8,3,6,1,2,1097.0,6.24,1007.67,3.88
5,941,8,3,6,1,0,960.0,4.86,954.0,3.99
5,927,8,3,6,1,1,954.0,4.6,949.67,4.65
5,972,8,3,6,1,2,968.0,5.56,960.67,5.01
1,1005,9,3,0,0,0,954.0,7.02,959.67,4.37
1,1012,9,3,0,0,1,939.0,4.38,940.67,4.36
1,1016,9,3,0,0,2,894.0,6.78,929.0,6.06
2,939,9,3,0,0,0,920.0,1.18,896.67,2.27
2,936,9,3,0,0,1,895.0,5.89,909.67,3.21
2,906,9,3,0,0,2,866.0,6.07,893.67,4.38
3,803,9,3,0,0,0,871.0,1.69,820.33,2.48
3,789,9,3,0,0,1,799.0,3.62,816.33,2.93
3,814,9,3,0,0,2,832.0,1.54,834.0,2.28
4,1014,9,3,0,0,0,937.0,2.09,1004.67,3.99
4,985,9,3,0,0,1,941.0,2.59,991.67,3.64
4,1014,9,3,0,0,2,958.0,3.72,945.33,2.8
5,970,9,3,0,0,0,887.0,5.34,936.33,5.17
5,927,9,3,0,0,1,884.0,2.96,913.0,4.62
5,953,9,3,0,0,2,864.0,3.25,878.33,3.85
1,998,10,3,1,0,0,998.0,4.86,943.67,5.34
1,999,10,3,1,0,1,960.0,3.13,950.67,4.92
1,980,10,3,1,0,2,966.0,5.76,974.67,4.58
2,863,10,3,1,0,0,938.0,2.7,899.67,4.89
2,884,10,3,1,0,1,878.0,1.35,894.0,3.37
2,882,10,3,1,0,2,846.0,4.62,887.33,2.89
3,807,10,3,1,0,0,816.0,6.53,815.67,3.9
3,807,10,3,1,0,1,752.0,6.58,800.0,4.88
3,806,10,3,1,0,2,827.0,3.05,798.33,5.39
4,972,10,3,1,0,0,947.0,1.87,948.67,2.73
4,977,10,3,1,0,1,929.0,1.48,944.67,2.36
4,987,10,3,1,0,2,954.0,5.36,943.33,2.9
5,950,10,3,1,0,0,1010.0,5.78,919.33,4.0
5,943,10,3,1,0,1,994.0,5.24,956.0,4.76
5,956,10,3,1,0,2,946.0,3.37,983.33,4.8
1,1019,11,3,2,0,0,993.0,2.65,973.0,3.85
1,980,11,3,2,0,1,986.0,5.83,981.67,4.75
1,980,11,3,2,0,2,890.0,3.99,956.33,4.16
2,902,11,3,2,0,0,928.0,4.43,884.0,3.47
2,898,11,3,2,0,1,903.0,5.25,892.33,4.77
2,914,11,3,2,0,2,930.0,6.81,920.33,5.5
3,800,11,3,2,0,0,741.0,4.51,773.33,4.71
3,834,11,3,2,0,1,787.0,6.31,785.0,4.62
3,768,11,3,2,0,2,789.0,1.5,772.33,4.11
4,1016,11,3,2,0,0,1006.0,6.16,963.0,4.33
4,1003,11,3,2,0,1,949.0,5.95,969.67,5.82
4,971,11,3,2,0,2,940.0,1.47,965.0,4.53
5,908,11,3,2,0,0,905.0,4.74,948.33,4.45
5,927,11,3,2,0,1,979.0,1.51,943.33,3.21
5,974,11,3,2,0,2,903.0,7.1,929.0,4.45
1,1021,12,3,3,0,0,913.0,6.26,929.67,5.36
1,997,12,3,3,0,1,889.0,6.91,897.33,5.72
1,992,12,3,3,0,2,941.0,3.29,914.33,5.49
2,882,12,3,3,0,0,891.0,5.61,908.0,5.89
2,896,12,3,3,0,1,852.0,0.93,891.0,4.45
2,890,12,3,3,0,2,943.0,4.07,895.33,3.54
3,834,12,3,3,0,0,843.0,3.88,806.33,3.9
3,775,12,3,3,0,1,779.0,7.26,803.67,4.21
3,807,12,3,3,0,2,808.0,3.69,810.0,4.94
4,1035,12,3,3,0,0,969.0,4.91,952.67,4.11
4,1015,12,3,3,0,1,910.0,1.52,939.67,2.63
4,977,12,3,3,0,2,990.0,7.39,956.33,4.61
5,919,12,3,3,0,0,919.0,6.22,933.67,4.94
5,955,12,3,3,0,1,899.0,2.07,907.0,5.13
5,953,12,3,3,0,2,910.0,2.88,909.33,3.72
1,1024,13,3,4,0,0,958.0,6.99,929.33,5.73
1,1010,13,3,4,0,1,980.0,6.58,959.67,5.62
1,990,13,3,4,0,2,907.0,3.82,948.33,5.8
2,888,13,3,4,0,0,908.0,7.35,901.0,4.12
2,873,13,3,4,0,1,886.0,7.32,912.33,6.25
2,902,13,3,4,0,2,966.0,1.33,920.0,5.33
3,771,13,3,4,0,0,819.0,2.96,802.0,4.64
3,818,13,3,4,0,1,711.0,3.0,779.33,3.22
3,811,13,3,4,0,2,824.0,7.0,784.67,4.32
4,1011,13,3,4,0,0,1027.0,2.84,975.67,3.92
4,973,13,3,4,0,1,986.0,6.27,1001.0,5.5
4,997,13,3,4,0,2,1026.0,3.02,1013.0,4.04
5,942,13,3,4,0,0,916.0,1.72,908.33,2.22
5,952,13,3,4,0,1,893.0,2.83,906.33,2.48
5,960,13,3,4,0,2,928.0,1.59,912.33,2.05
1,989,14,3,5,1,0,967.0,2.91,951.33,4.44
1,990,14,3,5,1,1,942.0,3.78,938.67,3.5
1,1013,14,3,5,1,2,890.0,6.12,933.0,4.27
2,877,14,3,5,1,0,889.0,4.31,913.67,4.32
2,885,14,3,5,1,1,963.0,3.02,939.33,2.89
2,900,14,3,5,1,2,856.0,2.51,902.67,3.28
3,817,14,3,5,1,0,815.0,6.21,783.33,5.4
3,780,14,3,5,1,1,817.0,4.11,818.67,5.77
3,835,14,3,5,1,2,829.0,4.38,820.33,4.9
4,972,14,3,5,1,0,914.0,4.09,975.33,4.46
4,1031,14,3,5,1,1,957.0,2.35,965.67,3.15
4,1023,14,3,5,1,2,943.0,6.91,938.0,4.45
5,921,14,3,5,1,0,934.0,4.4,918.33,2.94
5,917,14,3,5,1,1,963.0,6.78,941.67,4.26
5,964,14,3,5,1,2,930.0,2.0,942.33,4.39
1,992,15,3,6,1,0,930.0,3.23,920.67,4.38
1,979,15,3,6,1,1,889.0,7.2,903.0,5.52
1,1036,15,3,6,1,2,896.0,4.88,905.0,5.1
2,876,15,3,6,1,0,897.0,6.95,905.33,4.16
2,885,15,3,6,1,1,904.0,1.09,885.67,3.52
2,887,15,3,6,1,2,905.0,3.1,902.0,3.71
3,744,15,3,6,1,0,824.0,2.25,823.33,3.58
3,801,15,3,6,1,1,832.0,5.13,828.33,3.92
3,781,15,3,6,1,2,724.0,3.6,793.33,3.66
4,1016,15,3,6,1,0,1047.0,1.51,982.33,3.59
4,1018,15,3,6,1,1,1001.0,4.3,997.0,4.24
4,1004,15,3,6,1,2,983.0,1.5,1010.33,2.44
5,954,15,3,6,1,0,984.0,1.99,959.0,3.59
5,953,15,3,6,1,1,976.0,3.84,963.33,2.61
5,935,15,3,6,1,2,908.0,5.91,956.0,3.91
1,987,16,3,0,0,0,862.0,1.37,882.33,4.48
1,1026,16,3,0,0,1,921.0,3.05,893.0,3.1
1,1014,16,3,0,0,2,975.0,4.04,919.33,2.82
2,904,16,3,0,0,0,843.0,6.85,884.0,3.68
2,912,16,3,0,0,1,852.0,4.27,866.67,4.74
2,898,16,3,0,0,2,937.0,6.95,877.33,6.02
3,803,16,3,0,0,0,812.0,2.17,789.33,3.63
3,811,16,3,0,0,1,838.0,6.16,791.33,3.98
3,758,16,3,0,0,2,799.0,0.99,816.33,3.11
4,1018,16,3,0,0,0,918.0,6.52,967.33,4.11
4,1016,16,3,0,0,1,909.0,2.26,936.67,3.43
4,984,16,3,0,0,2,984.0,2.67,937.0,3.82
5,974,16,3,0,0,0,909.0,2.68,931.0,4.14
5,905,16,3,0,0,1,957.0,6.45,924.67,5.01
5,957,16,3,0,0,2,905.0,4.13,923.67,4.42
1,1000,17,3,1,0,0,927.0,1.9,941.0,3.0
1,993,17,3,1,0,1,947.0,2.37,949.67,2.77
1,1000,17,3,1,0,2,915.0,3.48,929.67,2.58
2,911,17,3,1,0,0,896.0,3.55,895.0,4.92
2,863,17,3,1,0,1,846.0,6.93,893.0,5.81
2,920,17,3,1,0,2,970.0,1.22,904.0,3.9
3,791,17,3,1,0,0,769.0,2.53,802.0,3.23
3,820,17,3,1,0,1,743.0,1.2,770.33,1.57
3,812,17,3,1,0,2,868.0,5.55,793.33,3.09
4,991,17,3,1,0,0,966.0,1.33,953.0,2.09
4,998,17,3,1,0,1,954.0,3.83,968.0,2.61
4,999,17,3,1,0,2,968.0,1.83,962.67,2.33
5,982,17,3,1,0,0,943.0,2.28,935.0,4.29
5,927,17,3,1,0,1,956.0,5.91,934.67,4.11
5,941,17,3,1,0,2,851.0,6.17,916.67,4.79
1,968,18,3,2,0,0,928.0,6.83,930.0,4.23
1,1002,18,3,2,0,1,936.0,4.68,926.33,5.0
1,987,18,3,2,0,2,954.0,5.92,939.33,5.81
2,889,18,3,2,0,0,912.0,5.0,909.33,4.38
2,929,18,3,2,0,1,879.0,1.12,920.33,2.45
2,883,18,3,2,0,2,893.0,3.88,894.67,3.33
3,796,18,3,2,0,0,755.0,5.15,788.67,3.97
3,790,18,3,2,0,1,780.0,4.53,801.0,5.08
3,792,18,3,2,0,2,843.0,5.39,792.67,5.02
4,1055,18,3,2,0,0,978.0,3.07,966.67,2.91
4,965,18,3,2,0,1,981.0,3.63,975.67,2.84
4,1012,18,3,2,0,2,985.0,2.96,981.33,3.22
5,998,18,3,2,0,0,929.0,6.54,912.0,6.21
5,971,18,3,2,0,1,913.0,5.29,897.67,6.0
5,950,18,3,2,0,2,970.0,4.06,937.33,5.3
1,976,19,3,3,0,0,935.0,6.69,941.67,5.76
1,1026,19,3,3,0,1,898.0,3.65,929.0,5.42
1,1018,19,3,3,0,2,862.0,5.79,898.33,5.38
2,869,19,3,3,0,0,965.0,1.03,912.33,2.01
2,893,19,3,3,0,1,906.0,6.98,921.33,3.96
2,875,19,3,3,0,2,844.0,6.33,905.0,4.78
3,742,19,3,3,0,0,803.0,4.4,808.67,4.77
3,775,19,3,3,0,1,833.0,4.03,826.33,4.61
3,802,19,3,3,0,2,790.0,6.95,808.67,5.13
4,1011,19,3,3,0,0,997.0,1.77,987.67,2.79
4,993,19,3,3,0,1,1005.0,3.27,995.67,2.67
4,1027,19,3,3,0,2,990.0,4.99,997.33,3.34
5,970,19,3,3,0,0,947.0,1.35,943.33,3.57
5,947,19,3,3,0,1,955.0,3.44,957.33,2.95
5,944,19,3,3,0,2,900.0,2.6,934.0,2.46
1,1007,20,3,4,0,0,1013.0,6.29,924.33,5.24
1,999,20,3,4,0,1,915.0,4.29,930.0,5.46
1,971,20,3,4,0,2,925.0,6.57,951.0,5.72
2,894,20,3,4,0,0,880.0,3.83,876.67,5.71
2,913,20,3,4,0,1,895.0,5.79,873.0,5.32
2,926,20,3,4,0,2,952.0,7.12,909.0,5.58
3,819,20,3,4,0,0,794.0,4.8,805.67,5.26
3,806,20,3,4,0,1,793.0,1.25,792.33,4.33
3,829,20,3,4,0,2,900.0,7.31,829.0,4.45
4,1008,20,3,4,0,0,1000.0,3.29,998.33,3.85
4,998,20,3,4,0,1,965.0,2.82,985.0,3.7
4,1029,20,3,4,0,2,1047.0,3.94,1004.0,3.35
5,964,20,3,4,0,0,903.0,6.13,919.33,4.06
5,976,20,3,4,0,1,915.0,4.49,906.0,4.41
5,926,20,3,4,0,2,863.0,5.27,893.67,5.3
1,982,21,3,5,1,0,942.0,3.29,927.33,4.72
1,983,21,3,5,1,1,1003.0,1.96,956.67,3.94
1,1003,21,3,5,1,2,943.0,5.7,962.67,3.65
2,936,21,3,5,1,0,908.0,6.1,918.33,6.34
2,877,21,3,5,1,1,897.0,6.66,919.0,6.63
2,918,21,3,5,1,2,841.0,4.43,882.0,5.73
3,775,21,3,5,1,0,757.0,5.26,816.67,4.61
3,842,21,3,5,1,1,831.0,1.77,829.33,4.78
3,768,21,3,5,1,2,775.0,6.74,787.67,4.59
4,1014,21,3,5,1,0,1046.0,6.36,1019.33,4.37
4,1017,21,3,5,1,1,981.0,5.4,1024.67,5.23
4,1012,21,3,5,1,2,1007.0,5.98,1011.33,5.91
5,932,21,3,5,1,0,910.0,5.21,896.0,4.99
5,928,21,3,5,1,1,890.0,4.2,887.67,4.89
5,975,21,3,5,1,2,916.0,3.38,905.33,4.26
1,1020,22,3,6,1,0,975.0,1.12,973.67,2.93
1,1020,22,3,6,1,1,923.0,4.25,947.0,3.69
1,1023,22,3,6,1,2,957.0,2.15,951.67,2.51
2,869,22,3,6,1,0,898.0,4.16,878.67,5.08
2,868,22,3,6,1,1,940.0,5.72,893.0,4.77
2,886,22,3,6,1,2,946.0,3.86,928.0,4.58
3,790,22,3,6,1,0,829.0,6.85,811.67,5.12
3,788,22,3,6,1,1,847.0,2.98,817.0,5.52
3,805,22,3,6,1,2,861.0,1.49,845.67,3.77
4,1022,22,3,6,1,0,990.0,1.2,992.67,4.19
4,994,22,3,6,1,1,995.0,4.88,997.33,4.02
4,983,22,3,6,1,2,996.0,0.99,993.67,2.36
5,966,22,3,6,1,0,915.0,3.79,907.0,3.79
5,944,22,3,6,1,1,934.0,2.71,921.67,3.29
5,952,22,3,6,1,2,948.0,1.35,932.33,2.62
1,993,23,3,0,0,0,1026.0,4.65,968.67,3.68
1,1006,23,3,0,0,1,988.0,6.88,990.33,4.56
1,979,23,3,0,0,2,899.0,4.36,971.0,5.3
2,914,23,3,0,0,0,871.0,4.18,919.0,4.59
2,899,23,3,0,0,1,926.0,6.84,914.33,4.96
2,884,23,3,0,0,2,970.0,1.82,922.33,4.28
3,810,23,3,0,0,0,769.0,3.27,825.67,2.58
3,784,23,3,0,0,1,803.0,4.18,811.0,2.98
3,785,23,3,0,0,2,793.0,3.06,788.33,3.5
4,975,23,3,0,0,0,968.0,2.32,986.33,2.73
4,965,23,3,0,0,1,967.0,5.38,977.0,2.9
4,1010,23,3,0,0,2,908.0,2.05,947.67,3.25
5,973,23,3,0,0,0,921.0,5.64,934.33,3.23
5,940,23,3,0,0,1,926.0,5.03,931.67,4.01
5,934,23,3,0,0,2,897.0,7.05,914.67,5.91
1,963,24,3,1,0,0,934.0,6.79,940.33,6.01
1,956,24,3,1,0,1,920.0,6.98,917.67,6.04
1,1014,24,3,1,0,2,984.0,5.66,946.0,6.48
2,860,24,3,1,0,0,941.0,3.68,945.67,4.11
2,877,24,3,1,0,1,928.0,5.02,946.33,3.51
2,905,24,3,1,0,2,886.0,7.13,918.33,5.28
3,801,24,3,1,0,0,786.0,6.98,794.0,4.74
3,806,24,3,1,0,1,831.0,4.37,803.33,4.8
3,800,24,3,1,0,2,777.0,3.96,798.0,5.1
4,992,24,3,1,0,0,1048.0,6.6,974.33,4.68
4,977,24,3,1,0,1,910.0,3.7,955.33,4.12
4,987,24,3,1,0,2,1037.0,5.56,998.33,5.29
5,944,24,3,1,0,0,944.0,1.87,922.33,4.65
5,912,24,3,1,0,1,924.0,2.74,921.67,3.89
5,934,24,3,1,0,2,975.0,2.6,947.67,2.4
1,992,25,3,2,0,0,918.0,3.87,940.67,5.5
1,986,25,3,2,0,1,948.0,5.86,950.0,5.13
1,993,25,3,2,0,2,947.0,7.34,937.67,5.69
2,913,25,3,2,0,0,909.0,6.67,907.67,6.27
2,915,25,3,2,0,1,900.0,2.49,898.33,5.43
2,930,25,3,2,0,2,840.0,3.67,883.0,4.28
3,769,25,3,2,0,0,830.0,5.68,812.67,4.67
3,791,25,3,2,0,1,828.0,6.86,811.67,5.5
3,824,25,3,2,0,2,730.0,4.2,796.0,5.58
4,965,25,3,2,0,0,1017.0,1.26,988.0,3.51
4,976,25,3,2,0,1,954.0,4.31,1002.67,3.71
4,987,25,3,2,0,2,1092.0,2.15,1021.0,2.57
5,990,25,3,2,0,0,970.0,3.48,956.33,2.94
5,930,25,3,2,0,1,983.0,5.93,976.0,4.0
5,971,25,3,2,0,2,891.0,4.4,948.0,4.6
1,999,26,3,3,0,0,913.0,5.97,936.0,6.39
1,977,26,3,3,0,1,927.0,3.54,929.0,5.62
1,1055,26,3,3,0,2,890.0,6.12,910.0,5.21
2,903,26,3,3,0,0,927.0,2.52,889.0,2.89
2,907,26,3,3,0,1,893.0,4.29,886.67,3.49
2,910,26,3,3,0,2,913.0,4.7,911.0,3.84
3,809,26,3,3,0,0,853.0,4.91,803.67,5.32
3,843,26,3,3,0,1,784.0,6.67,789.0,5.26
3,835,26,3,3,0,2,770.0,7.23,802.33,6.27
4,981,26,3,3,0,0,987.0,1.79,1011.0,2.75
4,1040,26,3,3,0,1,1004.0,3.92,1027.67,2.62
4,985,26,3,3,0,2,982.0,3.25,991.0,2.99
5,956,26,3,3,0,0,916.0,1.72,930.0,4.02
5,920,26,3,3,0,1,968.0,5.28,925.0,3.8
5,970,26,3,3,0,2,941.0,3.88,941.67,3.63
1,993,27,3,4,0,0,899.0,2.71,905.33,4.12
1,977,27,3,4,0,1,908.0,1.3,899.0,3.38
1,1023,27,3,4,0,2,984.0,2.09,930.33,2.03
2,928,27,3,4,0,0,858.0,5.61,888.0,4.87
2,929,27,3,4,0,1,918.0,3.06,896.33,4.46
2,869,27,3,4,0,2,889.0,4.61,888.33,4.43
3,831,27,3,4,0,0,795.0,1.0,783.0,4.97
3,793,27,3,4,0,1,868.0,2.25,811.0,3.49
3,841,27,3,4,0,2,782.0,4.17,815.0,2.47
4,1012,27,3,4,0,0,955.0,4.12,980.33,3.76
4,1005,27,3,4,0,1,985.0,5.2,974.0,4.19
4,1000,27,3,4,0,2,977.0,1.11,972.33,3.48
5,949,27,3,4,0,0,933.0,2.81,947.33,3.99
5,936,27,3,4,0,1,922.0,1.6,932.0,2.76
5,928,27,3,4,0,2,953.0,4.7,936.0,3.04
1,992,28,3,5,1,0,965.0,6.22,952.33,3.2
1,1023,28,3,5,1,1,963.0,2.33,970.67,3.55
1,972,28,3,5,1,2,910.0,4.31,946.0,4.29
2,926,28,3,5,1,0,882.0,2.65,896.33,3.44
2,902,28,3,5,1,1,914.0,6.45,895.0,4.57
2,915,28,3,5,1,2,884.0,1.67,893.33,3.59
3,816,28,3,5,1,0,751.0,3.35,800.33,3.26
3,818,28,3,5,1,1,798.0,3.39,777.0,3.64
3,800,28,3,5,1,2,750.0,5.18,766.33,3.97
4,1001,28,3,5,1,0,1020.0,2.95,994.0,3.09
4,1017,28,3,5,1,1,938.0,6.67,978.33,3.58
4,979,28,3,5,1,2,959.0,6.07,972.33,5.23
5,926,28,3,5,1,0,986.0,1.3,953.67,2.53
5,940,28,3,5,1,1,931.0,3.02,956.67,3.01
5,955,28,3,5,1,2,950.0,3.36,955.67,2.56
1,1038,29,3,6,1,0,879.0,7.08,917.33,4.57
1,1000,29,3,6,1,1,937.0,7.04,908.67,6.14
1,1040,29,3,6,1,2,958.0,4.1,924.67,6.07
2,910,29,3,6,1,0,908.0,4.22,902.0,4.11
2,890,29,3,6,1,1,927.0,2.22,906.33,2.7
2,922,29,3,6,1,2,866.0,4.73,900.33,3.72
3,795,29,3,6,1,0,792.0,2.82,780.0,3.8
3,805,29,3,6,1,1,785.0,4.38,775.67,4.13
3,773,29,3,6,1,2,750.0,1.32,775.67,2.84
4,969,29,3,6,1,0,1014.0,1.17,970.33,4.64
4,1011,29,3,6,1,1,998.0,6.99,990.33,4.74
4,1022,29,3,6,1,2,1063.0,3.63,1025.0,3.93
5,988,29,3,6,1,0,934.0,3.91,938.33,3.43
5,933,29,3,6,1,1,1007.0,2.71,963.67,3.33
5,979,29,3,6,1,2,864.0,5.57,935.0,4.06
1,1026,30,3,0,0,0,885.0,5.55,926.67,5.56
1,990,30,3,0,0,1,938.0,4.19,927.0,4.61
1,1027,30,3,0,0,2,945.0,4.55,922.67,4.76
2,918,30,3,0,0,0,918.0,6.99,903.67,4.65
2,922,30,3,0,0,1,874.0,7.02,886.0,6.25
2,943,30,3,0,0,2,911.0,5.6,901.0,6.54
3,822,30,3,0,0,0,772.0,2.77,769.0,2.82
3,757,30,3,0,0,1,847.0,4.08,789.67,2.72
3,806,30,3,0,0,2,805.0,3.48,808.0,3.44
4,968,30,3,0,0,0,975.0,4.32,1012.0,4.98
4,1003,30,3,0,0,1,970.0,6.73,1002.67,4.89
4,1001,30,3,0,0,2,1024.0,1.63,989.67,4.23
5,938,30,3,0,0,0,829.0,6.96,900.0,5.08
5,929,30,3,0,0,1,832.0,4.81,841.67,5.78
5,939,30,3,0,0,2,957.0,1.54,872.67,4.44
1,993,31,3,1,0,0,970.0,7.27,951.0,5.34
1,997,31,3,1,0,1,939.0,4.67,951.33,5.5
1,1002,31,3,1,0,2,905.0,1.63,938.0,4.52
2,911,31,3,1,0,0,890.0,3.99,891.67,5.54
2,893,31,3,1,0,1,876.0,5.19,892.33,4.93
2,925,31,3,1,0,2,833.0,1.07,866.33,3.42
3,799,31,3,1,0,0,908.0,2.26,853.33,3.27
3,818,31,3,1,0,1,854.0,1.39,855.67,2.38
3,793,31,3,1,0,2,755.0,1.44,839.0,1.7
4,1054,31,3,1,0,0,1037.0,4.95,1010.33,4.44
4,1009,31,3,1,0,1,903.0,3.42,988.0,3.33
4,1032,31,3,1,0,2,1037.0,2.45,992.33,3.61
5,936,31,3,1,0,0,880.0,7.27,889.67,4.54
5,941,31,3,1,0,1,882.0,3.92,906.33,4.24
5,944,31,3,1,0,2,958.0,4.2,906.67,5.13
1,1049,1,4,2,0,0,997.0,7.26,947.0,4.52
1,995,1,4,2,0,1,913.0,1.51,938.33,3.47
1,983,1,4,2,0,2,927.0,5.6,945.67,4.79
2,926,1,4,2,0,0,906.0,2.79,871.67,3.02
2,901,1,4,2,0,1,860.0,3.7,866.33,2.52
2,895,1,4,2,0,2,811.0,1.58,859.0,2.69
3,787,1,4,2,0,0,832.0,5.45,813.67,2.76
3,809,1,4,2,0,1,849.0,2.86,812.0,3.25
3,821,1,4,2,0,2,849.0,3.96,843.33,4.09
4,1015,1,4,2,0,0,994.0,3.78,978.0,3.22
4,990,1,4,2,0,1,956.0,6.73,995.67,4.32
4,980,1,4,2,0,2,953.0,2.85,967.67,4.45
5,869,1,4,2,0,0,908.0,4.52,916.0,4.21
5,931,1,4,2,0,1,904.0,1.85,923.33,3.52
5,942,1,4,2,0,2,938.0,5.16,916.67,3.84
1,998,2,4,3,0,0,974.0,3.56,938.0,3.56
1,994,2,4,3,0,1,910.0,2.67,937.0,3.94
1,1056,2,4,3,0,2,917.0,4.48,933.67,3.57
2,909,2,4,3,0,0,879.0,2.98,850.0,2.75
2,875,2,4,3,0,1,926.0,6.56,872.0,3.71
2,913,2,4,3,0,2,839.0,7.4,881.33,5.65
3,807,2,4,3,0,0,777.0,1.15,825.0,2.66
3,779,2,4,3,0,1,866.0,2.7,830.67,2.6
3,805,2,4,3,0,2,709.0,6.83,784.0,3.56
4,1010,2,4,3,0,0,952.0,1.86,953.67,3.81
4,1020,2,4,3,0,1,924.0,6.38,943.0,3.7
4,964,2,4,3,0,2,919.0,5.26,931.67,4.5
5,962,2,4,3,0,0,980.0,4.67,940.67,3.89
5,978,2,4,3,0,1,973.0,1.22,963.67,3.68
5,987,2,4,3,0,2,931.0,3.62,961.33,3.17
1,975,3,4,4,0,0,962.0,3.9,929.67,3.68
1,997,3,4,4,0,1,943.0,3.28,940.67,3.89
1,999,3,4,4,0,2,992.0,1.88,965.67,3.02
2,913,3,4,4,0,0,840.0,2.44,868.33,5.47
2,896,3,4,4,0,1,784.0,5.43,821.0,5.09
2,885,3,4,4,0,2,920.0,4.86,848.0,4.24
3,804,3,4,4,0,0,785.0,3.44,786.67,4.32
3,793,3,4,4,0,1,790.0,3.19,761.33,4.49
3,811,3,4,4,0,2,764.0,4.74,779.67,3.79
4,983,3,4,4,0,0,917.0,6.24,920.0,5.96
4,979,3,4,4,0,1,936.0,6.31,924.0,5.94
4,1026,3,4,4,0,2,1005.0,3.74,952.67,5.43
5,995,3,4,4,0,0,973.0,4.23,959.0,3.02
5,986,3,4,4,0,1,956.0,6.37,953.33,4.74
5,948,3,4,4,0,2,936.0,7.33,955.0,5.98
1,1021,4,4,5,1,0,942.0,3.68,959.0,2.95
1,986,4,4,5,1,1,966.0,2.52,966.67,2.69
1,1010,4,4,5,1,2,954.0,4.6,954.0,3.6
2,888,4,4,5,1,0,896.0,6.18,866.67,5.49
2,925,4,4,5,1,1,949.0,4.81,921.67,5.28
2,922,4,4,5,1,2,836.0,4.57,893.67,5.19
3,841,4,4,5,1,0,825.0,4.51,793.0,4.15
3,795,4,4,5,1,1,830.0,1.78,806.33,3.68
3,831,4,4,5,1,2,800.0,6.43,818.33,4.24
4,1010,4,4,5,1,0,983.0,3.15,974.67,4.4
4,1001,4,4,5,1,1,955.0,3.63,981.0,3.51
4,1006,4,4,5,1,2,1026.0,3.57,988.0,3.45
5,983,4,4,5,1,0,977.0,2.88,956.33,5.53
5,947,4,4,5,1,1,931.0,1.27,948.0,3.83
5,948,4,4,5,1,2,901.0,6.34,936.33,3.5
1,958,5,4,6,1,0,857.0,5.72,925.67,4.28
1,997,5,4,6,1,1,945.0,5.31,918.67,5.21
1,1005,5,4,6,1,2,974.0,4.04,925.33,5.02
2,884,5,4,6,1,0,847.0,1.51,877.33,3.63
2,879,5,4,6,1,1,984.0,4.28,889.0,3.45
2,862,5,4,6,1,2,954.0,5.73,928.33,3.84
3,788,5,4,6,1,0,738.0,5.51,789.33,4.57
3,828,5,4,6,1,1,813.0,4.24,783.67,5.39
3,770,5,4,6,1,2,776.0,6.73,775.67,5.49
4,1015,5,4,6,1,0,985.0,2.09,988.67,3.1
4,1017,5,4,6,1,1,893.0,5.8,968.0,3.82
4,1049,5,4,6,1,2,1046.0,6.86,974.67,4.92
5,970,5,4,6,1,0,962.0,5.59,931.33,4.4
5,969,5,4,6,1,1,890.0,0.89,917.67,4.27
5,957,5,4,6,1,2,994.0,1.78,948.67,2.75
1,1000,6,4,0,0,0,917.0,2.24,945.33,3.86
1,1017,6,4,0,0,1,965.0,5.76,952.0,4.01
1,1024,6,4,0,0,2,918.0,2.24,933.33,3.41
2,903,6,4,0,0,0,905.0,5.33,947.67,5.11
2,925,6,4,0,0,1,921.0,1.71,926.67,4.26
2,957,6,4,0,0,2,912.0,7.32,912.67,4.79
3,801,6,4,0,0,0,827.0,1.9,805.33,4.29
3,801,6,4,0,0,1,820.0,6.82,807.67,5.15
3,798,6,4,0,0,2,846.0,2.2,831.0,3.64
4,1002,6,4,0,0,0,1004.0,5.55,981.0,6.07
4,1024,6,4,0,0,1,935.0,3.01,995.0,5.14
4,1001,6,4,0,0,2,954.0,2.15,964.33,3.57
5,953,6,4,0,0,0,1009.0,3.72,964.33,2.13
5,945,6,4,0,0,1,963.0,3.89,988.67,3.13
5,959,6,4,0,0,2,975.0,7.23,982.33,4.95
1,989,7,4,1,0,0,951.0,6.4,944.67,4.8
1,975,7,4,1,0,1,957.0,2.05,942.0,3.56
1,1008,7,4,1,0,2,993.0,5.43,967.0,4.63
2,939,7,4,1,0,0,860.0,4.76,897.67,4.6
2,894,7,4,1,0,1,907.0,3.92,893.0,5.33
2,879,7,4,1,0,2,909.0,4.21,892.0,4.3
3,838,7,4,1,0,0,751.0,5.06,805.67,4.69
3,800,7,4,1,0,1,787.0,3.08,794.67,3.45
3,818,7,4,1,0,2,804.0,5.08,780.67,4.41
4,985,7,4,1,0,0,971.0,2.61,953.33,2.59
4,1000,7,4,1,0,1,956.0,2.75,960.33,2.5
4,1028,7,4,1,0,2,1000.0,4.4,975.67,3.25
5,952,7,4,1,0,0,896.0,3.86,944.67,4.99
5,952,7,4,1,0,1,964.0,1.43,945.0,4.17
5,920,7,4,1,0,2,862.0,1.93,907.33,2.41
1,1015,8,4,2,0,0,1037.0,6.66,995.67,4.71
1,984,8,4,2,0,1,982.0,5.3,1004.0,5.8
1,1022,8,4,2,0,2,1038.0,1.24,1019.0,4.4
2,904,8,4,2,0,0,915.0,4.89,910.33,4.34
2,905,8,4,2,0,1,900.0,3.33,908.0,4.14
2,915,8,4,2,0,2,961.0,2.83,925.33,3.68
3,807,8,4,2,0,0,721.0,3.87,770.67,4.01
3,834,8,4,2,0,1,840.0,3.23,788.33,4.06
3,831,8,4,2,0,2,813.0,6.66,791.33,4.59
4,975,8,4,2,0,0,944.0,2.28,966.67,3.14
4,996,8,4,2,0,1,1085.0,5.82,1009.67,4.17
4,1016,8,4,2,0,2,1003.0,7.13,1010.67,5.08
5,931,8,4,2,0,0,962.0,5.59,929.33,2.98
5,918,8,4,2,0,1,958.0,4.1,927.33,3.87
5,934,8,4,2,0,2,937.0,5.83,952.33,5.17
1,997,9,4,3,0,0,935.0,5.08,985.0,3.87
1,918,9,4,3,0,1,984.0,1.4,985.67,2.57
1,977,9,4,3,0,2,930.0,6.63,949.67,4.37
2,864,9,4,3,0,0,955.0,6.56,938.67,4.24
2,922,9,4,3,0,1,839.0,5.41,918.33,4.93
2,918,9,4,3,0,2,968.0,3.2,920.67,5.06
3,805,9,4,3,0,0,860.0,4.44,837.67,4.78
3,802,9,4,3,0,1,746.0,1.32,806.33,4.14
3,810,9,4,3,0,2,853.0,1.16,819.67,2.31
4,980,9,4,3,0,0,981.0,5.03,1023.0,5.99
4,1025,9,4,3,0,1,992.0,6.42,992.0,6.19
4,1001,9,4,3,0,2,976.0,2.5,983.0,4.65
5,968,9,4,3,0,0,919.0,3.06,938.0,4.33
5,967,9,4,3,0,1,940.0,4.57,932.0,4.49
5,960,9,4,3,0,2,928.0,6.92,929.0,4.85
1,1006,10,4,4,0,0,973.0,6.98,962.33,5.0
1,1004,10,4,4,0,1,915.0,4.49,939.33,6.03
1,998,10,4,4,0,2,904.0,0.99,930.67,4.15
2,909,10,4,4,0,0,869.0,2.8,892.0,3.8
2,904,10,4,4,0,1,909.0,6.86,915.33,4.29
2,890,10,4,4,0,2,871.0,2.35,883.0,4.0
3,812,10,4,4,0,0,861.0,4.44,820.0,2.31
3,805,10,4,4,0,1,809.0,2.06,841.0,2.55
3,824,10,4,4,0,2,764.0,4.02,811.33,3.51
4,963,10,4,4,0,0,966.0,3.88,978.0,4.27
4,1000,10,4,4,0,1,1001.0,3.0,981.0,3.13
4,985,10,4,4,0,2,950.0,5.28,972.33,4.05
5,939,10,4,4,0,0,923.0,6.96,930.33,6.15
5,961,10,4,4,0,1,895.0,3.76,915.33,5.88
5,921,10,4,4,0,2,962.0,2.73,926.67,4.48
1,1002,11,4,5,1,0,953.0,6.2,924.0,3.89
1,1000,11,4,5,1,1,945.0,5.03,934.0,4.07
1,979,11,4,5,1,2,955.0,1.55,951.0,4.26
2,903,11,4,5,1,0,876.0,4.89,885.33,4.7
2,884,11,4,5,1,1,868.0,5.03,871.67,4.09
2,943,11,4,5,1,2,867.0,1.59,870.33,3.84
3,824,11,4,5,1,0,842.0,4.86,805.0,3.65
3,801,11,4,5,1,1,874.0,2.56,826.67,3.81
3,791,11,4,5,1,2,801.0,3.14,839.0,3.52
4,1010,11,4,5,1,0,999.0,1.77,983.33,3.35
4,1015,11,4,5,1,1,957.0,4.4,968.67,3.82
4,1005,11,4,5,1,2,960.0,6.61,972.0,4.26
5,929,11,4,5,1,0,896.0,6.67,917.67,4.39
5,945,11,4,5,1,1,929.0,3.23,929.0,4.21
5,951,11,4,5,1,2,957.0,6.91,927.33,5.6
1,1005,12,4,6,1,0,1011.0,5.25,970.33,3.94
1,1006,12,4,6,1,1,935.0,2.4,967.0,3.07
1,1014,12,4,6,1,2,1025.0,5.7,990.33,4.45
2,926,12,4,6,1,0,841.0,5.61,858.67,4.08
2,920,12,4,6,1,1,869.0,1.14,859.0,2.78
2,911,12,4,6,1,2,865.0,1.82,858.33,2.86
3,774,12,4,6,1,0,843.0,6.75,839.33,4.15
3,823,12,4,6,1,1,817.0,1.09,820.33,3.66
3,816,12,4,6,1,2,793.0,2.46,817.67,3.43
4,994,12,4,6,1,0,978.0,1.01,965.0,4.01
4,1000,12,4,6,1,1,985.0,3.34,974.33,3.65
4,1001,12,4,6,1,2,1014.0,3.52,992.33,2.62
5,941,12,4,6,1,0,932.0,4.61,939.33,4.92
5,915,12,4,6,1,1,905.0,6.51,931.33,6.01
5,927,12,4,6,1,2,923.0,4.65,920.0,5.26
1,981,13,4,0,0,0,914.0,0.98,958.0,3.03
1,960,13,4,0,0,1,934.0,2.3,957.67,2.99
1,977,13,4,0,0,2,897.0,6.66,915.0,3.31
2,922,13,4,0,0,0,928.0,2.62,887.33,1.86
2,909,13,4,0,0,1,851.0,5.44,881.33,3.29
2,880,13,4,0,0,2,938.0,4.67,905.67,4.24
3,786,13,4,0,0,0,763.0,4.39,791.0,2.65
3,824,13,4,0,0,1,797.0,6.24,784.33,4.36
3,824,13,4,0,0,2,770.0,4.94,776.67,5.19
4,1001,13,4,0,0,0,1043.0,3.96,1014.0,3.61
4,1023,13,4,0,0,1,1031.0,1.06,1029.33,2.85
4,984,13,4,0,0,2,1023.0,6.06,1032.33,3.69
5,954,13,4,0,0,0,947.0,1.56,925.0,4.24
5,920,13,4,0,0,1,821.0,3.64,897.0,3.28
5,942,13,4,0,0,2,924.0,2.53,897.33,2.58
1,1000,14,4,1,0,0,943.0,4.94,924.67,4.63
1,966,14,4,1,0,1,935.0,2.3,925.0,4.63
1,1011,14,4,1,0,2,927.0,3.34,935.0,3.53
2,915,14,4,1,0,0,887.0,3.9,892.0,4.67
2,920,14,4,1,0,1,991.0,5.26,938.67,4.61
2,946,14,4,1,0,2,974.0,3.56,950.67,4.24
3,808,14,4,1,0,0,799.0,1.72,788.67,4.3
3,798,14,4,1,0,1,805.0,3.94,791.33,3.53
3,767,14,4,1,0,2,839.0,1.64,814.33,2.43
4,1007,14,4,1,0,0,936.0,2.9,996.67,3.34
4,1011,14,4,1,0,1,960.0,3.03,973.0,4.0
4,972,14,4,1,0,2,927.0,3.64,941.0,3.19
5,945,14,4,1,0,0,918.0,1.29,887.67,2.49
5,950,14,4,1,0,1,882.0,3.92,908.0,2.58
5,960,14,4,1,0,2,977.0,5.6,925.67,3.6
1,1017,15,4,2,0,0,906.0,0.98,922.67,2.21
1,989,15,4,2,0,1,970.0,4.72,934.33,3.01
1,1004,15,4,2,0,2,936.0,2.4,937.33,2.7
2,911,15,4,2,0,0,884.0,1.34,949.67,3.39
2,896,15,4,2,0,1,874.0,7.32,910.67,4.07
2,891,15,4,2,0,2,911.0,3.6,889.67,4.09
3,814,15,4,2,0,0,805.0,6.29,816.33,3.96
3,796,15,4,2,0,1,791.0,4.47,811.67,4.13
3,776,15,4,2,0,2,838.0,1.3,811.33,4.02
4,1027,15,4,2,0,0,980.0,6.13,955.67,4.27
4,978,15,4,2,0,1,994.0,3.68,967.0,4.48
4,998,15,4,2,0,2,1033.0,2.18,1002.33,4.0
5,956,15,4,2,0,0,928.0,4.23,929.0,4.58
5,959,15,4,2,0,1,905.0,6.31,936.67,5.38
5,953,15,4,2,0,2,949.0,5.95,927.33,5.5
1,941,16,4,3,0,0,983.0,1.21,963.0,2.78
1,985,16,4,3,0,1,990.0,1.79,969.67,1.8
1,1005,16,4,3,0,2,1055.0,3.39,1009.33,2.13
2,897,16,4,3,0,0,885.0,4.22,890.0,5.05
2,910,16,4,3,0,1,955.0,6.74,917.0,4.85
2,920,16,4,3,0,2,846.0,2.08,895.33,4.35
3,810,16,4,3,0,0,769.0,1.66,799.33,2.48
3,785,16,4,3,0,1,786.0,5.64,797.67,2.87
3,789,16,4,3,0,2,793.0,7.03,782.67,4.78
4,1032,16,4,3,0,0,1017.0,1.45,1014.67,2.44
4,996,16,4,3,0,1,955.0,6.74,1001.67,3.46
4,998,16,4,3,0,2,985.0,4.46,985.67,4.22
5,960,16,4,3,0,0,862.0,2.71,905.33,4.99
5,974,16,4,3,0,1,949.0,1.25,920.0,3.3
5,931,16,4,3,0,2,915.0,1.82,908.67,1.93
1,990,17,4,4,0,0,962.0,4.09,1002.33,3.09
1,967,17,4,4,0,1,933.0,2.81,983.33,3.43
1,994,17,4,4,0,2,953.0,1.14,949.33,2.68
2,911,17,4,4,0,0,859.0,5.08,886.67,4.63
2,892,17,4,4,0,1,892.0,5.11,865.67,4.09
2,935,17,4,4,0,2,851.0,6.89,867.33,5.69
3,802,17,4,4,0,0,812.0,1.34,797.0,4.67
3,797,17,4,4,0,1,836.0,2.34,813.67,3.57
3,792,17,4,4,0,2,840.0,2.33,829.33,2.0
4,972,17,4,4,0,0,1018.0,1.93,986.0,4.38
4,998,17,4,4,0,1,1007.0,6.06,1003.33,4.15
4,1007,17,4,4,0,2,970.0,6.1,998.33,4.7
5,947,17,4,4,0,0,959.0,4.1,941.0,2.39
5,954,17,4,4,0,1,882.0,2.76,918.67,2.89
5,936,17,4,4,0,2,957.0,3.04,932.67,3.3
1,975,18,4,5,1,0,986.0,7.24,957.33,3.73
1,997,18,4,5,1,1,926.0,3.94,955.0,4.11
1,1004,18,4,5,1,2,988.0,1.59,966.67,4.26
2,896,18,4,5,1,0,902.0,5.85,881.67,5.95
2,904,18,4,5,1,1,822.0,5.84,858.33,6.19
2,915,18,4,5,1,2,939.0,2.69,887.67,4.79
3,815,18,4,5,1,0,758.0,3.81,811.33,2.83
3,817,18,4,5,1,1,801.0,3.96,799.67,3.37
3,820,18,4,5,1,2,750.0,5.42,769.67,4.4
4,1009,18,4,5,1,0,1038.0,6.4,1005.0,6.19
4,1007,18,4,5,1,1,1072.0,3.94,1026.67,5.48
4,1038,18,4,5,1,2,958.0,6.72,1022.67,5.69
5,965,18,4,5,1,0,916.0,2.35,918.33,2.72
5,933,18,4,5,1,1,929.0,3.63,934.0,3.01
5,912,18,4,5,1,2,910.0,6.28,918.33,4.09
1,995,19,4,6,1,0,995.0,6.92,969.67,4.15
1,1012,19,4,6,1,1,1005.0,3.27,996.0,3.93
1,1019,19,4,6,1,2,954.0,5.17,984.67,5.12
2,874,19,4,6,1,0,897.0,6.37,886.0,4.97
2,914,19,4,6,1,1,888.0,1.66,908.0,3.57
2,922,19,4,6,1,2,927.0,3.24,904.0,3.76
3,812,19,4,6,1,0,824.0,5.94,791.67,5.11
3,808,19,4,6,1,1,762.0,5.58,778.67,5.65
3,797,19,4,6,1,2,795.0,1.12,793.67,4.21
4,990,19,4,6,1,0,1029.0,6.2,1019.67,5.62
4,1015,19,4,6,1,1,973.0,5.44,986.67,6.12
4,1011,19,4,6,1,2,962.0,3.22,988.0,4.95
5,943,19,4,6,1,0,873.0,2.46,904.0,4.12
5,1000,19,4,6,1,1,1041.0,5.1,941.33,4.61
5,919,19,4,6,1,2,888.0,2.63,934.0,3.4
1,995,20,4,0,0,0,932.0,6.14,963.67,4.86
1,984,20,4,0,0,1,940.0,4.67,942.0,5.33
1,1007,20,4,0,0,2,870.0,5.74,914.0,5.52
2,861,20,4,0,0,0,882.0,7.16,899.0,4.02
2,925,20,4,0,0,1,879.0,4.97,896.0,5.12
2,920,20,4,0,0,2,927.0,4.83,896.0,5.65
3,805,20,4,0,0,0,794.0,7.13,783.67,4.61
3,793,20,4,0,0,1,707.0,1.94,765.33,3.4
3,814,20,4,0,0,2,789.0,5.4,763.33,4.82
4,1006,20,4,0,0,0,1030.0,2.55,988.33,3.74
4,1019,20,4,0,0,1,973.0,4.79,988.33,3.52
4,997,20,4,0,0,2,1023.0,7.25,1008.67,4.86
5,946,20,4,0,0,0,846.0,3.97,925.0,3.9
5,971,20,4,0,0,1,932.0,2.2,888.67,2.93
5,962,20,4,0,0,2,1012.0,6.21,930.0,4.13
1,996,21,4,1,0,0,890.0,5.42,900.0,5.28
1,1007,21,4,1,0,1,929.0,6.16,896.33,5.77
1,1003,21,4,1,0,2,944.0,4.93,921.0,5.5
2,909,21,4,1,0,0,890.0,3.05,898.67,4.28
2,925,21,4,1,0,1,843.0,5.92,886.67,4.6
2,893,21,4,1,0,2,822.0,7.22,851.67,5.4
3,787,21,4,1,0,0,792.0,5.26,762.67,4.2
3,805,21,4,1,0,1,736.0,5.76,772.33,5.47
3,789,21,4,1,0,2,773.0,2.52,767.0,4.51
4,981,21,4,1,0,0,1016.0,1.55,1004.0,4.53
4,1019,21,4,1,0,1,928.0,5.11,989.0,4.64
4,994,21,4,1,0,2,993.0,2.84,979.0,3.17
5,912,21,4,1,0,0,872.0,7.33,938.67,5.25
5,966,21,4,1,0,1,915.0,6.06,933.0,6.53
5,941,21,4,1,0,2,950.0,4.9,912.33,6.1
1,1011,22,4,2,0,0,949.0,5.76,940.67,5.62
1,1021,22,4,2,0,1,962.0,1.33,951.67,4.01
1,1003,22,4,2,0,2,967.0,4.54,959.33,3.88
2,859,22,4,2,0,0,899.0,5.27,854.67,6.14
2,860,22,4,2,0,1,914.0,5.19,878.33,5.89
2,886,22,4,2,0,2,872.0,3.43,895.0,4.63
3,798,22,4,2,0,0,804.0,2.9,771.0,3.73
3,824,22,4,2,0,1,790.0,2.59,789.0,2.67
3,805,22,4,2,0,2,852.0,1.62,815.33,2.37
4,1052,22,4,2,0,0,947.0,0.94,956.0,2.96
4,970,22,4,2,0,1,957.0,5.62,965.67,3.13
4,1002,22,4,2,0,2,1000.0,3.47,968.0,3.34
5,941,22,4,2,0,0,926.0,5.41,930.33,5.46
5,954,22,4,2,0,1,911.0,1.83,929.0,4.05
5,985,22,4,2,0,2,904.0,3.42,913.67,3.55
1,1036,23,4,3,0,0,946.0,2.87,958.33,2.91
1,1001,23,4,3,0,1,955.0,3.83,956.0,3.75
1,1017,23,4,3,0,2,936.0,2.3,945.67,3.0
2,904,23,4,3,0,0,919.0,3.06,901.67,3.89
2,878,23,4,3,0,1,921.0,2.95,904.0,3.15
2,900,23,4,3,0,2,844.0,2.54,894.67,2.85
3,789,23,4,3,0,0,805.0,7.04,815.67,3.75
3,798,23,4,3,0,1,769.0,2.53,808.67,3.73
3,782,23,4,3,0,2,781.0,6.91,785.0,5.49
4,1003,23,4,3,0,0,1034.0,7.18,997.0,5.42
4,1006,23,4,3,0,1,993.0,3.59,1009.0,4.75
4,1014,23,4,3,0,2,936.0,3.51,987.67,4.76
5,956,23,4,3,0,0,825.0,3.4,880.0,2.88
5,982,23,4,3,0,1,882.0,4.75,870.33,3.86
5,993,23,4,3,0,2,969.0,1.42,892.0,3.19
1,991,24,4,4,0,0,970.0,4.15,953.67,3.43
1,1019,24,4,4,0,1,899.0,3.44,935.0,3.3
1,1042,24,4,4,0,2,901.0,1.85,923.33,3.15
2,919,24,4,4,0,0,936.0,5.74,900.33,3.74
2,914,24,4,4,0,1,866.0,2.15,882.0,3.48
2,863,24,4,4,0,2,880.0,5.88,894.0,4.59
3,788,24,4,4,0,0,709.0,6.59,753.0,5.34
3,791,24,4,4,0,1,787.0,4.26,759.0,5.92
3,827,24,4,4,0,2,726.0,2.94,740.67,4.6
4,985,24,4,4,0,0,955.0,3.05,961.33,3.38
4,998,24,4,4,0,1,970.0,1.62,953.67,2.73
4,1016,24,4,4,0,2,991.0,6.77,972.0,3.81
5,934,24,4,4,0,0,914.0,7.02,921.67,4.4
5,955,24,4,4,0,1,848.0,1.74,910.33,3.39
5,952,24,4,4,0,2,958.0,2.34,906.67,3.7
1,1017,25,4,5,1,0,982.0,1.31,927.33,2.2
1,1013,25,4,5,1,1,966.0,1.63,949.67,1.6
1,1012,25,4,5,1,2,1002.0,4.57,983.33,2.5
2,904,25,4,5,1,0,901.0,3.43,882.33,3.82
2,866,25,4,5,1,1,926.0,2.01,902.33,3.77
2,902,25,4,5,1,2,939.0,1.05,922.0,2.16
3,801,25,4,5,1,0,824.0,5.72,779.0,4.31
3,815,25,4,5,1,1,849.0,2.41,799.67,3.69
3,791,25,4,5,1,2,751.0,4.82,808.0,4.32
4,1000,25,4,5,1,0,1007.0,3.36,989.33,3.92
4,1001,25,4,5,1,1,969.0,7.27,989.0,5.8
4,985,25,4,5,1,2,1030.0,1.53,1002.0,4.05
5,926,25,4,5,1,0,1029.0,3.92,945.0,2.67
5,957,25,4,5,1,1,881.0,4.96,956.0,3.74
5,970,25,4,5,1,2,986.0,5.47,965.33,4.78
1,987,26,4,6,1,0,988.0,5.09,985.33,3.76
1,995,26,4,6,1,1,937.0,4.78,975.67,4.81
1,1016,26,4,6,1,2,1017.0,4.33,980.67,4.73
2,918,26,4,6,1,0,947.0,3.66,937.33,2.24
2,904,26,4,6,1,1,886.0,3.17,924.0,2.63
2,908,26,4,6,1,2,897.0,7.24,910.0,4.69
3,810,26,4,6,1,0,842.0,2.66,814.0,3.3
3,814,26,4,6,1,1,832.0,6.41,808.33,4.63
3,778,26,4,6,1,2,786.0,1.38,820.0,3.48
4,1038,26,4,6,1,0,999.0,2.15,999.33,3.65
4,1005,26,4,6,1,1,1003.0,5.02,1010.67,2.9
4,1014,26,4,6,1,2,998.0,5.13,1000.0,4.1
5,934,26,4,6,1,0,899.0,1.43,922.0,3.95
5,946,26,4,6,1,1,962.0,2.43,949.0,3.11
5,957,26,4,6,1,2,909.0,3.71,923.33,2.52
1,963,27,4,0,0,0,955.0,3.73,969.67,4.28
1,981,27,4,0,0,1,879.0,1.12,950.33,3.06
1,985,27,4,0,0,2,942.0,4.94,925.33,3.26
2,874,27,4,0,0,0,885.0,4.84,889.33,5.08
2,902,27,4,0,0,1,867.0,5.76,883.0,5.95
2,898,27,4,0,0,2,899.0,1.86,883.67,4.15
3,828,27,4,0,0,0,798.0,4.32,805.33,4.04
3,777,27,4,0,0,1,788.0,1.38,790.67,2.36
3,804,27,4,0,0,2,743.0,6.31,776.33,4.0
4,982,27,4,0,0,0,952.0,5.56,984.33,5.24
4,965,27,4,0,0,1,1024.0,5.01,991.33,5.23
4,1011,27,4,0,0,2,967.0,6.03,981.0,5.53
5,963,27,4,0,0,0,889.0,4.31,920.0,3.48
5,961,27,4,0,0,1,929.0,4.03,909.0,4.02
5,923,27,4,0,0,2,958.0,6.08,925.33,4.81
1,1001,28,4,1,0,0,886.0,6.54,902.33,4.2
1,1011,28,4,1,0,1,1001.0,4.03,943.0,5.17
1,1019,28,4,1,0,2,1035.0,6.33,974.0,5.63
2,912,28,4,1,0,0,946.0,5.49,904.0,4.37
2,919,28,4,1,0,1,906.0,2.27,917.0,3.21
2,921,28,4,1,0,2,946.0,3.07,932.67,3.61
3,802,28,4,1,0,0,795.0,5.81,775.33,4.5
3,809,28,4,1,0,1,728.0,2.02,755.33,4.71
3,819,28,4,1,0,2,788.0,2.48,770.33,3.44
4,1007,28,4,1,0,0,1033.0,4.0,1008.0,5.01
4,1023,28,4,1,0,1,1043.0,3.96,1014.33,4.66
4,1017,28,4,1,0,2,984.0,6.11,1020.0,4.69
5,937,28,4,1,0,0,938.0,2.19,941.67,4.1
5,923,28,4,1,0,1,940.0,3.89,945.33,4.05
5,950,28,4,1,0,2,988.0,4.82,955.33,3.63
1,976,29,4,2,0,0,931.0,1.27,989.0,3.88
1,1001,29,4,2,0,1,929.0,4.72,965.0,4.11
1,999,29,4,2,0,2,925.0,3.75,928.33,3.25
2,926,29,4,2,0,0,910.0,1.3,920.67,2.21
2,910,29,4,2,0,1,902.0,6.43,919.33,3.6
2,919,29,4,2,0,2,897.0,7.24,903.0,4.99
3,790,29,4,2,0,0,809.0,3.92,775.0,2.81
3,830,29,4,2,0,1,767.0,4.96,788.0,3.79
3,817,29,4,2,0,2,807.0,1.59,794.33,3.49
4,1008,29,4,2,0,0,944.0,1.97,990.33,4.01
4,963,29,4,2,0,1,1018.0,3.96,982.0,4.01
4,1023,29,4,2,0,2,1010.0,4.81,990.67,3.58
5,985,29,4,2,0,0,905.0,3.52,944.33,4.08
5,950,29,4,2,0,1,872.0,0.91,921.67,3.08
5,950,29,4,2,0,2,920.0,2.54,899.0,2.32
1,989,30,4,3,0,0,898.0,5.27,917.33,4.58
1,967,30,4,3,0,1,957.0,7.27,926.67,5.43
1,988,30,4,3,0,2,923.0,1.81,926.0,4.78
2,933,30,4,3,0,0,831.0,3.15,876.67,5.61
2,921,30,4,3,0,1,914.0,5.87,880.67,5.42
2,884,30,4,3,0,2,958.0,1.94,901.0,3.65
3,788,30,4,3,0,0,827.0,4.83,800.33,3.79
3,842,30,4,3,0,1,818.0,0.97,817.33,2.46
3,779,30,4,3,0,2,784.0,1.75,809.67,2.52
4,985,30,4,3,0,0,979.0,4.49,1002.33,4.42
4,991,30,4,3,0,1,949.0,2.27,979.33,3.86
4,972,30,4,3,0,2,964.0,4.84,964.0,3.87
5,939,30,4,3,0,0,834.0,3.92,875.33,2.46
5,939,30,4,3,0,1,928.0,3.73,894.0,3.4
5,931,30,4,3,0,2,895.0,5.19,885.67,4.28
1,1026,1,5,4,0,0,868.0,1.25,916.0,3.44
1,976,1,5,4,0,1,972.0,4.71,921.0,2.59
1,997,1,5,4,0,2,912.0,6.46,917.33,4.14
2,882,1,5,4,0,0,837.0,2.45,903.0,3.42
2,895,1,5,4,0,1,886.0,1.66,893.67,2.02
2,881,1,5,4,0,2,878.0,6.99,867.0,3.7
3,801,1,5,4,0,0,769.0,7.24,790.33,3.32
3,806,1,5,4,0,1,749.0,7.07,767.33,5.35
3,828,1,5,4,0,2,861.0,3.15,793.0,5.82
4,988,1,5,4,0,0,964.0,5.12,959.0,4.08
4,1032,1,5,4,0,1,954.0,2.65,960.67,4.2
4,983,1,5,4,0,2,1014.0,2.97,977.33,3.58
5,945,1,5,4,0,0,903.0,3.73,908.67,4.22
5,985,1,5,4,0,1,901.0,3.84,899.67,4.25
5,1008,1,5,4,0,2,893.0,2.08,899.0,3.22
1,1033,2,5,5,1,0,960.0,5.33,948.0,5.5
1,995,2,5,5,1,1,978.0,5.23,950.0,5.67
1,1010,2,5,5,1,2,964.0,0.92,967.33,3.83
2,913,2,5,5,1,0,972.0,1.92,912.0,3.52
2,906,2,5,5,1,1,937.0,1.58,929.0,3.5
2,879,2,5,5,1,2,931.0,4.32,946.67,2.61
3,804,2,5,5,1,0,833.0,7.34,814.33,5.85
3,789,2,5,5,1,1,778.0,1.89,824.0,4.13
3,780,2,5,5,1,2,828.0,2.24,813.0,3.82
4,993,2,5,5,1,0,871.0,1.02,946.33,2.21
4,1006,2,5,5,1,1,980.0,2.1,955.0,2.03
4,1020,2,5,5,1,2,985.0,3.05,945.33,2.06
5,944,2,5,5,1,0,945.0,1.56,913.0,2.49
5,948,2,5,5,1,1,902.0,7.2,913.33,3.61
5,966,2,5,5,1,2,948.0,0.94,931.67,3.23
1,1001,3,5,6,1,0,954.0,2.65,965.33,2.93
1,1007,3,5,6,1,1,940.0,2.19,952.67,1.92
1,1001,3,5,6,1,2,968.0,5.19,954.0,3.34
2,904,3,5,6,1,0,873.0,6.23,913.67,4.04
2,878,3,5,6,1,1,945.0,2.68,916.33,4.41
2,902,3,5,6,1,2,947.0,3.96,921.67,4.29
3,828,3,5,6,1,0,797.0,7.22,801.0,3.78
3,803,3,5,6,1,1,790.0,4.47,805.0,4.64
3,783,3,5,6,1,2,753.0,1.05,780.0,4.25
4,1029,3,5,6,1,0,909.0,2.78,958.0,2.64
4,1014,3,5,6,1,1,968.0,5.1,954.0,3.64
4,1015,3,5,6,1,2,1037.0,4.51,971.33,4.13
5,964,3,5,6,1,0,901.0,4.86,917.0,4.33
5,927,3,5,6,1,1,971.0,4.8,940.0,3.53
5,962,3,5,6,1,2,926.0,5.32,932.67,4.99
1,1027,4,5,0,0,0,989.0,3.04,965.67,3.47
1,990,4,5,0,0,1,993.0,4.34,983.33,4.19
1,961,4,5,0,0,2,930.0,3.53,970.67,3.64
2,907,4,5,0,0,0,894.0,3.77,928.67,3.47
2,900,4,5,0,0,1,858.0,3.6,899.67,3.78
2,869,4,5,0,0,2,971.0,5.36,907.67,4.24
3,812,4,5,0,0,0,858.0,5.4,800.33,3.64
3,810,4,5,0,0,1,772.0,6.31,794.33,4.25
3,770,4,5,0,0,2,832.0,4.15,820.67,5.29
4,1037,4,5,0,0,0,991.0,3.13,998.67,4.25
4,1015,4,5,0,0,1,911.0,3.6,979.67,3.75
4,962,4,5,0,0,2,964.0,3.5,955.33,3.41
5,966,4,5,0,0,0,952.0,3.64,949.67,4.59
5,965,4,5,0,0,1,893.0,1.43,923.67,3.46
5,978,4,5,0,0,2,891.0,3.26,912.0,2.78
1,987,5,5,1,0,0,997.0,1.58,973.33,3.15
1,1016,5,5,1,0,1,985.0,6.64,970.67,3.92
1,995,5,5,1,0,2,919.0,2.44,967.0,3.55
2,888,5,5,1,0,0,905.0,5.93,911.33,4.96
2,882,5,5,1,0,1,804.0,5.85,893.33,5.71
2,861,5,5,1,0,2,982.0,6.48,897.0,6.09
3,810,5,5,1,0,0,813.0,4.47,805.67,4.98
3,794,5,5,1,0,1,832.0,5.78,825.67,4.8
3,745,5,5,1,0,2,792.0,4.58,812.33,4.94
4,1001,5,5,1,0,0,939.0,6.47,938.0,4.52
4,1023,5,5,1,0,1,996.0,5.23,966.33,5.07
4,973,5,5,1,0,2,1046.0,6.52,993.67,6.07
5,935,5,5,1,0,0,950.0,1.35,911.33,2.01
5,958,5,5,1,0,1,841.0,5.4,894.0,3.34
5,898,5,5,1,0,2,883.0,2.65,891.33,3.13
1,989,6,5,2,0,0,872.0,6.64,925.33,5.24
1,1006,6,5,2,0,1,962.0,6.78,917.67,5.29
1,988,6,5,2,0,2,998.0,1.09,944.0,4.84
2,874,6,5,2,0,0,906.0,0.98,897.33,4.44
2,874,6,5,2,0,1,927.0,2.83,938.33,3.43
2,867,6,5,2,0,2,883.0,5.46,905.33,3.09
3,787,6,5,2,0,0,715.0,4.41,779.67,4.92
3,821,6,5,2,0,1,827.0,3.61,778.0,4.2
3,847,6,5,2,0,2,835.0,6.18,792.33,4.73
4,1000,6,5,2,0,0,954.0,1.95,998.67,4.57
4,1015,6,5,2,0,1,1041.0,6.3,1013.67,4.92
4,981,6,5,2,0,2,1042.0,3.79,1012.33,4.01
5,908,6,5,2,0,0,964.0,3.7,896.0,3.92
5,987,6,5,2,0,1,893.0,3.98,913.33,3.44
5,938,6,5,2,0,2,895.0,5.59,917.33,4.42
1,1014,7,5,3,0,0,950.0,4.9,970.0,4.26
1,1003,7,5,3,0,1,934.0,2.51,960.67,2.83
1,1019,7,5,3,0,2,897.0,4.78,927.0,4.06
2,919,7,5,3,0,0,856.0,1.15,888.67,3.15
2,905,7,5,3,0,1,815.0,2.28,851.33,2.96
2,907,7,5,3,0,2,821.0,1.2,830.67,1.54
3,824,7,5,3,0,0,775.0,3.97,812.33,4.59
3,791,7,5,3,0,1,879.0,5.59,829.67,5.25
3,831,7,5,3,0,2,873.0,2.13,842.33,3.9
4,985,7,5,3,0,0,942.0,4.46,1008.33,4.85
4,1001,7,5,3,0,1,956.0,1.85,980.0,3.37
4,1012,7,5,3,0,2,920.0,1.39,939.33,2.57
5,917,7,5,3,0,0,924.0,2.43,904.0,4.0
5,977,7,5,3,0,1,947.0,4.44,922.0,4.15
5,959,7,5,3,0,2,899.0,1.96,923.33,2.94
1,1066,8,5,4,0,0,916.0,4.48,915.67,3.92
1,1041,8,5,4,0,1,902.0,4.75,905.0,4.67
1,999,8,5,4,0,2,926.0,2.42,914.67,3.88
2,935,8,5,4,0,0,840.0,4.22,825.33,2.57
2,916,8,5,4,0,1,974.0,2.7,878.33,2.71
2,904,8,5,4,0,2,865.0,1.03,893.0,2.65
3,766,8,5,4,0,0,829.0,7.06,860.33,4.93
3,771,8,5,4,0,1,817.0,4.78,839.67,4.66
3,800,8,5,4,0,2,901.0,6.92,849.0,6.25
4,990,8,5,4,0,0,979.0,3.17,951.67,2.14
4,1004,8,5,4,0,1,935.0,2.71,944.67,2.42
4,1027,8,5,4,0,2,949.0,4.24,954.33,3.37
5,967,8,5,4,0,0,945.0,3.18,930.33,3.19
5,936,8,5,4,0,1,997.0,5.68,947.0,3.61
5,968,8,5,4,0,2,905.0,5.33,949.0,4.73
1,981,9,5,5,1,0,939.0,2.19,922.33,3.12
1,977,9,5,5,1,1,1027.0,6.64,964.0,3.75
1,1007,9,5,5,1,2,960.0,4.19,975.33,4.34
2,883,9,5,5,1,0,997.0,7.17,945.33,3.63
2,887,9,5,5,1,1,867.0,3.56,909.67,3.92
2,919,9,5,5,1,2,916.0,3.68,926.67,4.8
3,813,9,5,5,1,0,760.0,6.29,826.0,6.0
3,792,9,5,5,1,1,746.0,2.1,802.33,5.1
3,767,9,5,5,1,2,764.0,5.8,756.67,4.73
4,985,9,5,5,1,0,980.0,1.41,954.67,2.79
4,1038,9,5,5,1,1,914.0,7.21,947.67,4.29
4,1019,9,5,5,1,2,950.0,1.55,948.0,3.39
5,978,9,5,5,1,0,965.0,3.79,955.67,4.93
5,955,9,5,5,1,1,870.0,3.76,913.33,4.29
5,942,9,5,5,1,2,1002.0,1.28,945.67,2.94
1,1018,10,5,6,1,0,993.0,2.46,993.33,4.43
1,1025,10,5,6,1,1,1091.0,1.62,1014.67,2.76
1,990,10,5,6,1,2,900.0,2.6,994.67,2.23
2,885,10,5,6,1,0,926.0,2.42,903.0,3.22
2,869,10,5,6,1,1,871.0,2.35,904.33,2.82
2,885,10,5,6,1,2,854.0,4.15,883.67,2.97
3,813,10,5,6,1,0,787.0,3.55,765.67,3.82
3,788,10,5,6,1,1,802.0,6.2,784.33,5.18
3,818,10,5,6,1,2,785.0,3.56,791.33,4.44
4,1039,10,5,6,1,0,972.0,4.8,945.33,4.52
4,1000,10,5,6,1,1,945.0,4.64,955.67,3.66
4,999,10,5,6,1,2,944.0,3.67,953.67,4.37
5,960,10,5,6,1,0,970.0,1.92,947.33,2.32
5,938,10,5,6,1,1,976.0,6.51,982.67,3.24
5,937,10,5,6,1,2,972.0,4.71,972.67,4.38
1,987,11,5,0,0,0,967.0,2.13,986.0,2.12
1,977,11,5,0,0,1,1020.0,1.54,962.33,2.09
1,1017,11,5,0,0,2,948.0,5.29,978.33,2.99
2,890,11,5,0,0,0,937.0,2.09,887.33,2.86
2,922,11,5,0,0,1,871.0,3.65,887.33,3.3
2,910,11,5,0,0,2,900.0,1.75,902.67,2.5
3,799,11,5,0,0,0,811.0,2.05,799.33,3.94
3,816,11,5,0,0,1,768.0,4.12,788.0,3.24
3,781,11,5,0,0,2,834.0,7.33,804.33,4.5
4,984,11,5,0,0,0,952.0,1.96,947.0,3.42
4,1014,11,5,0,0,1,999.0,5.93,965.0,3.85
4,956,11,5,0,0,2,962.0,6.42,971.0,4.77
5,950,11,5,0,0,0,878.0,4.04,942.0,5.09
5,961,11,5,0,0,1,981.0,4.85,943.67,4.53
5,976,11,5,0,0,2,968.0,3.3,942.33,4.06
1,1030,12,5,1,0,0,967.0,3.88,978.33,3.57
1,997,12,5,1,0,1,985.0,7.34,966.67,5.5
1,1015,12,5,1,0,2,935.0,5.17,962.33,5.46
2,883,12,5,1,0,0,854.0,4.15,875.0,3.18
2,891,12,5,1,0,1,841.0,3.22,865.0,3.04
2,927,12,5,1,0,2,873.0,3.64,856.0,3.67
3,799,12,5,1,0,0,835.0,3.69,812.33,5.05
3,803,12,5,1,0,1,872.0,1.25,847.0,4.09
3,779,12,5,1,0,2,906.0,6.89,871.0,3.94
4,1008,12,5,1,0,0,927.0,3.24,962.67,5.2
4,1015,12,5,1,0,1,1024.0,2.57,971.0,4.08
4,1014,12,5,1,0,2,989.0,6.61,980.0,4.14
5,925,12,5,1,0,0,856.0,1.5,935.0,3.22
5,969,12,5,1,0,1,951.0,1.25,925.0,2.02
5,930,12,5,1,0,2,927.0,1.17,911.33,1.31
1,999,13,5,2,0,0,978.0,3.17,966.0,5.23
1,967,13,5,2,0,1,907.0,2.37,940.0,3.57
1,996,13,5,2,0,2,947.0,1.35,944.0,2.3
2,879,13,5,2,0,0,903.0,7.0,872.33,4.62
2,891,13,5,2,0,1,946.0,6.24,907.33,5.63
2,901,13,5,2,0,2,912.0,0.98,920.33,4.74
3,816,13,5,2,0,0,803.0,1.23,860.33,3.12
3,815,13,5,2,0,1,862.0,5.17,857.0,4.43
3,753,13,5,2,0,2,721.0,3.22,795.33,3.21
4,1013,13,5,2,0,0,987.0,3.89,1000.0,4.36
4,1004,13,5,2,0,1,953.0,2.36,976.33,4.29
4,988,13,5,2,0,2,923.0,1.18,954.33,2.48
5,932,13,5,2,0,0,963.0,5.5,947.0,2.64
5,948,13,5,2,0,1,953.0,5.64,947.67,4.1
5,954,13,5,2,0,2,968.0,5.47,961.33,5.54
1,1007,14,5,3,0,0,1026.0,4.29,960.0,2.67
1,996,14,5,3,0,1,938.0,6.29,970.33,3.98
1,949,14,5,3,0,2,949.0,1.04,971.0,3.87
2,890,14,5,3,0,0,940.0,5.53,932.67,4.25
2,876,14,5,3,0,1,931.0,1.48,927.67,2.66
2,941,14,5,3,0,2,828.0,6.97,899.67,4.66
3,801,14,5,3,0,0,788.0,3.43,790.33,3.94
3,814,14,5,3,0,1,790.0,5.84,766.33,4.16
3,812,14,5,3,0,2,864.0,5.16,814.0,4.81
4,1006,14,5,3,0,0,1063.0,3.1,979.67,2.21
4,991,14,5,3,0,1,991.0,5.71,992.33,3.33
4,989,14,5,3,0,2,981.0,6.03,1011.67,4.95
5,909,14,5,3,0,0,904.0,2.8,941.67,4.64
5,952,14,5,3,0,1,946.0,4.15,939.33,4.14
5,956,14,5,3,0,2,981.0,3.92,943.67,3.62
1,999,15,5,4,0,0,965.0,1.93,950.67,3.09
1,1002,15,5,4,0,1,927.0,5.02,947.0,2.66
1,975,15,5,4,0,2,951.0,6.31,947.67,4.42
2,894,15,5,4,0,0,928.0,5.98,895.67,4.81
2,887,15,5,4,0,1,854.0,2.06,870.0,5.0
2,913,15,5,4,0,2,845.0,2.09,875.67,3.38
3,800,15,5,4,0,0,854.0,5.11,836.0,5.37
3,787,15,5,4,0,1,864.0,1.48,860.67,3.92
3,796,15,5,4,0,2,848.0,6.71,855.33,4.43
4,979,15,5,4,0,0,967.0,1.53,979.67,4.42
4,993,15,5,4,0,1,942.0,3.58,963.33,3.71
4,1011,15,5,4,0,2,1010.0,6.05,973.0,3.72
5,923,15,5,4,0,0,932.0,4.7,953.0,4.26
5,948,15,5,4,0,1,948.0,2.77,953.67,3.8
5,935,15,5,4,0,2,869.0,6.26,916.33,4.58
1,973,16,5,5,1,0,962.0,4.85,946.67,5.39
1,1037,16,5,5,1,1,946.0,3.07,953.0,4.74
1,1025,16,5,5,1,2,988.0,5.0,965.33,4.31
2,888,16,5,5,1,0,878.0,5.29,859.0,3.15
2,894,16,5,5,1,1,905.0,3.93,876.0,3.77
2,859,16,5,5,1,2,830.0,0.95,871.0,3.39
3,768,16,5,5,1,0,737.0,4.04,816.33,4.08
3,777,16,5,5,1,1,827.0,5.7,804.0,5.48
3,799,16,5,5,1,2,771.0,1.66,778.33,3.8
4,997,16,5,5,1,0,963.0,6.96,971.67,5.53
4,1006,16,5,5,1,1,964.0,3.79,979.0,5.6
4,1013,16,5,5,1,2,971.0,4.62,966.0,5.12
5,955,16,5,5,1,0,930.0,3.23,915.67,4.09
5,928,16,5,5,1,1,892.0,3.15,897.0,4.21
5,956,16,5,5,1,2,959.0,5.14,927.0,3.84
1,1012,17,5,6,1,0,965.0,6.49,966.33,4.85
1,991,17,5,6,1,1,972.0,6.27,975.0,5.92
1,963,17,5,6,1,2,943.0,4.84,960.0,5.87
2,923,17,5,6,1,0,978.0,4.86,904.33,3.25
2,901,17,5,6,1,1,873.0,4.07,893.67,3.29
2,844,17,5,6,1,2,905.0,2.06,918.67,3.66
3,841,17,5,6,1,0,804.0,4.85,800.67,4.07
3,790,17,5,6,1,1,802.0,5.65,792.33,4.05
3,848,17,5,6,1,2,834.0,3.81,813.33,4.77
4,1007,17,5,6,1,0,1028.0,5.17,987.67,4.53
4,995,17,5,6,1,1,1027.0,4.73,1008.67,4.84
4,1003,17,5,6,1,2,1088.0,2.86,1047.67,4.25
5,935,17,5,6,1,0,980.0,4.58,943.67,4.29
5,951,17,5,6,1,1,921.0,1.6,953.33,3.77
5,990,17,5,6,1,2,924.0,6.19,941.67,4.12
1,982,18,5,0,0,0,918.0,3.27,944.33,4.79
1,1010,18,5,0,0,1,938.0,6.57,933.0,4.89
1,985,18,5,0,0,2,872.0,4.39,909.33,4.74
2,896,18,5,0,0,0,824.0,7.21,867.33,4.45
2,939,18,5,0,0,1,860.0,7.33,863.0,5.53
2,910,18,5,0,0,2,906.0,3.82,863.33,6.12
3,814,18,5,0,0,0,741.0,3.01,792.33,4.16
3,801,18,5,0,0,1,762.0,6.39,779.0,4.4
3,853,18,5,0,0,2,870.0,1.69,791.0,3.7
4,981,18,5,0,0,0,977.0,3.36,1030.67,3.65
4,968,18,5,0,0,1,946.0,1.97,1003.67,2.73
4,1033,18,5,0,0,2,1007.0,3.08,976.67,2.8
5,942,18,5,0,0,0,934.0,2.81,926.33,3.53
5,958,18,5,0,0,1,928.0,4.72,928.67,4.57
5,984,18,5,0,0,2,930.0,6.25,930.67,4.59
1,1008,19,5,1,0,0,944.0,3.48,918.0,4.81
1,1044,19,5,1,0,1,947.0,4.73,921.0,4.2
1,1002,19,5,1,0,2,942.0,7.1,944.33,5.1
2,885,19,5,1,0,0,952.0,3.35,906.0,4.83
2,852,19,5,1,0,1,920.0,2.34,926.0,3.17
2,906,19,5,1,0,2,878.0,4.25,916.67,3.31
3,755,19,5,1,0,0,785.0,6.44,805.67,4.84
3,806,19,5,1,0,1,801.0,1.11,818.67,3.08
3,829,19,5,1,0,2,732.0,1.88,772.67,3.14
4,999,19,5,1,0,0,960.0,3.61,971.0,2.89
4,1003,19,5,1,0,1,999.0,4.4,988.67,3.7
4,1018,19,5,1,0,2,1034.0,6.09,997.67,4.7
5,963,19,5,1,0,0,954.0,4.6,937.33,5.19
5,973,19,5,1,0,1,894.0,3.25,926.0,4.7
5,949,19,5,1,0,2,956.0,4.11,934.67,3.99
1,954,20,5,2,0,0,934.0,2.4,941.0,4.74
1,1023,20,5,2,0,1,918.0,1.92,931.33,3.81
1,995,20,5,2,0,2,960.0,2.44,937.33,2.25
2,882,20,5,2,0,0,954.0,4.02,917.33,3.54
2,906,20,5,2,0,1,870.0,4.19,900.67,4.15
2,903,20,5,2,0,2,895.0,5.49,906.33,4.57
3,785,20,5,2,0,0,812.0,3.79,781.67,2.26
3,774,20,5,2,0,1,801.0,1.48,781.67,2.38
3,809,20,5,2,0,2,793.0,4.69,802.0,3.32
4,983,20,5,2,0,0,950.0,5.94,994.33,5.48
4,1002,20,5,2,0,1,1027.0,1.91,1003.67,4.65
4,1007,20,5,2,0,2,941.0,2.89,972.67,3.58
5,969,20,5,2,0,0,976.0,3.17,942.0,3.51
5,992,20,5,2,0,1,915.0,5.67,949.0,4.32
5,954,20,5,2,0,2,931.0,4.51,940.67,4.45
1,991,21,5,3,0,0,947.0,5.02,941.67,3.13
1,1033,21,5,3,0,1,938.0,4.87,948.33,4.11
1,1020,21,5,3,0,2,868.0,7.26,917.67,5.72
2,903,21,5,3,0,0,943.0,2.88,902.67,4.19
2,904,21,5,3,0,1,939.0,6.75,925.67,5.04
2,900,21,5,3,0,2,918.0,3.67,933.33,4.43
3,803,21,5,3,0,0,824.0,6.04,806.0,4.07
3,797,21,5,3,0,1,805.0,2.54,807.33,4.42
3,780,21,5,3,0,2,802.0,5.76,810.33,4.78
4,1000,21,5,3,0,0,992.0,2.46,986.67,2.42
4,1035,21,5,3,0,1,986.0,4.55,973.0,3.3
4,983,21,5,3,0,2,929.0,4.13,969.0,3.71
5,944,21,5,3,0,0,957.0,4.01,934.33,4.73
5,932,21,5,3,0,1,878.0,7.09,922.0,5.2
5,973,21,5,3,0,2,913.0,4.3,916.0,5.13
1,1016,22,5,4,0,0,946.0,5.21,917.33,5.78
1,974,22,5,4,0,1,1012.0,3.62,942.0,5.36
1,959,22,5,4,0,2,994.0,4.51,984.0,4.45
2,917,22,5,4,0,0,895.0,4.89,917.33,5.1
2,873,22,5,4,0,1,899.0,2.07,904.0,3.54
2,916,22,5,4,0,2,855.0,1.84,883.0,2.93
3,787,22,5,4,0,0,730.0,5.93,779.0,4.74
3,813,22,5,4,0,1,826.0,3.62,786.0,5.1
3,808,22,5,4,0,2,809.0,5.93,788.33,5.16
4,989,22,5,4,0,0,1026.0,5.0,980.33,4.56
4,982,22,5,4,0,1,969.0,2.81,974.67,3.98
4,1011,22,5,4,0,2,991.0,2.84,995.33,3.55
5,936,22,5,4,0,0,906.0,3.31,899.0,4.9
5,972,22,5,4,0,1,912.0,1.41,910.33,3.01
5,933,22,5,4,0,2,895.0,2.51,904.33,2.41
1,1007,23,5,5,1,0,859.0,4.24,955.0,4.12
1,992,23,5,5,1,1,945.0,3.77,932.67,4.17
1,1000,23,5,5,1,2,950.0,3.65,918.0,3.89
2,885,23,5,5,1,0,906.0,5.23,886.67,3.05
2,896,23,5,5,1,1,870.0,5.64,877.0,4.24
2,848,23,5,5,1,2,928.0,7.01,901.33,5.96
3,783,23,5,5,1,0,829.0,3.38,821.33,4.31
3,788,23,5,5,1,1,776.0,6.95,804.67,5.42
3,798,23,5,5,1,2,898.0,1.43,834.33,3.92
4,1025,23,5,5,1,0,1007.0,1.18,989.0,2.28
4,986,23,5,5,1,1,980.0,4.76,992.67,2.93
4,1028,23,5,5,1,2,974.0,1.12,987.0,2.35
5,932,23,5,5,1,0,904.0,6.13,903.67,3.35
5,927,23,5,5,1,1,964.0,6.41,921.0,5.02
5,912,23,5,5,1,2,933.0,1.79,933.67,4.78
1,1012,24,5,6,1,0,963.0,5.5,952.67,4.31
1,1001,24,5,6,1,1,916.0,2.76,943.0,3.97
1,1010,24,5,6,1,2,986.0,3.52,955.0,3.93
2,902,24,5,6,1,0,972.0,3.86,923.33,5.5
2,899,24,5,6,1,1,857.0,6.95,919.0,5.94
2,905,24,5,6,1,2,897.0,3.96,908.67,4.92
3,843,24,5,6,1,0,879.0,6.09,851.0,4.82
3,790,24,5,6,1,1,854.0,1.61,877.0,3.04
3,841,24,5,6,1,2,878.0,3.2,870.33,3.63
4,1017,24,5,6,1,0,953.0,3.15,969.0,3.01
4,1007,24,5,6,1,1,1023.0,4.21,983.33,2.83
4,1011,24,5,6,1,2,1021.0,6.84,999.0,4.73
5,886,24,5,6,1,0,937.0,4.49,944.67,4.23
5,944,24,5,6,1,1,904.0,3.0,924.67,3.09
5,936,24,5,6,1,2,934.0,2.61,925.0,3.37
1,1042,25,5,0,0,0,940.0,5.72,947.33,4.0
1,993,25,5,0,0,1,921.0,2.54,949.0,3.93
1,999,25,5,0,0,2,994.0,2.07,951.67,3.44
2,899,25,5,0,0,0,869.0,1.03,874.33,3.98
2,873,25,5,0,0,1,913.0,4.3,893.0,3.1
2,888,25,5,0,0,2,940.0,6.19,907.33,3.84
3,816,25,5,0,0,0,798.0,5.45,843.33,3.42
3,757,25,5,0,0,1,757.0,1.94,811.0,3.53
3,806,25,5,0,0,2,761.0,2.93,772.0,3.44
4,981,25,5,0,0,0,861.0,2.27,968.33,4.44
4,1025,25,5,0,0,1,902.0,3.53,928.0,4.21
4,1007,25,5,0,0,2,942.0,2.89,901.67,2.9
5,919,25,5,0,0,0,913.0,2.98,917.0,2.86
5,941,25,5,0,0,1,955.0,5.63,934.0,3.74
5,959,25,5,0,0,2,925.0,1.49,931.0,3.37
1,993,26,5,1,0,0,931.0,3.92,948.67,2.84
1,1002,26,5,1,0,1,978.0,6.23,967.67,4.07
1,999,26,5,1,0,2,894.0,4.28,934.33,4.81
2,917,26,5,1,0,0,957.0,1.24,936.67,3.91
2,908,26,5,1,0,1,994.0,7.02,963.67,4.82
2,899,26,5,1,0,2,955.0,6.74,968.67,5.0
3,800,26,5,1,0,0,808.0,5.28,775.33,3.38
3,778,26,5,1,0,1,812.0,1.58,793.67,3.26
3,829,26,5,1,0,2,798.0,6.45,806.0,4.44
4,1059,26,5,1,0,0,1029.0,4.55,957.67,3.66
4,993,26,5,1,0,1,956.0,2.65,975.67,3.36
4,1000,26,5,1,0,2,996.0,5.68,993.67,4.29
5,970,26,5,1,0,0,948.0,5.01,942.67,4.04
5,970,26,5,1,0,1,889.0,3.26,920.67,3.25
5,953,26,5,1,0,2,893.0,4.59,910.0,4.29
1,980,27,5,2,0,0,931.0,4.61,934.33,5.04
1,1036,27,5,2,0,1,929.0,5.2,918.0,4.7
1,1013,27,5,2,0,2,997.0,5.68,952.33,5.16
2,904,27,5,2,0,0,909.0,7.06,952.67,6.94
2,885,27,5,2,0,1,890.0,3.78,918.0,5.86
2,901,27,5,2,0,2,869.0,3.23,889.33,4.69
3,763,27,5,2,0,0,730.0,4.33,780.0,4.12
3,814,27,5,2,0,1,841.0,3.89,789.67,4.89
3,819,27,5,2,0,2,830.0,5.57,800.33,4.6
4,1004,27,5,2,0,0,961.0,2.73,971.0,3.69
4,980,27,5,2,0,1,959.0,7.25,972.0,5.22
4,1009,27,5,2,0,2,964.0,5.4,961.33,5.13
5,965,27,5,2,0,0,986.0,1.6,922.67,3.15
5,935,27,5,2,0,1,948.0,1.35,942.33,2.51
5,968,27,5,2,0,2,954.0,7.38,962.67,3.44
1,1010,28,5,3,0,0,962.0,5.03,962.67,5.3
1,994,28,5,3,0,1,965.0,6.49,974.67,5.73
1,988,28,5,3,0,2,937.0,6.58,954.67,6.03
2,896,28,5,3,0,0,926.0,6.18,895.0,4.4
2,880,28,5,3,0,1,887.0,6.43,894.0,5.28
2,905,28,5,3,0,2,912.0,5.39,908.33,6.0
3,811,28,5,3,0,0,748.0,5.08,806.33,4.85
3,823,28,5,3,0,1,803.0,2.19,793.67,4.28
3,805,28,5,3,0,2,801.0,4.42,784.0,3.9
4,1007,28,5,3,0,0,903.0,4.55,942.0,5.73
4,994,28,5,3,0,1,995.0,6.04,954.0,5.33
4,982,28,5,3,0,2,1034.0,2.27,977.33,4.29
5,941,28,5,3,0,0,952.0,5.18,951.33,4.64
5,978,28,5,3,0,1,922.0,3.66,942.67,5.41
5,962,28,5,3,0,2,914.0,0.98,929.33,3.27
1,1008,29,5,4,0,0,918.0,2.34,940.0,5.14
1,963,29,5,4,0,1,874.0,4.48,909.67,4.47
1,1006,29,5,4,0,2,997.0,6.65,929.67,4.49
2,873,29,5,4,0,0,951.0,3.74,916.67,5.19
2,874,29,5,4,0,1,916.0,4.58,926.33,4.57
2,877,29,5,4,0,2,931.0,3.42,932.67,3.91
3,784,29,5,4,0,0,726.0,6.2,776.67,4.27
3,816,29,5,4,0,1,799.0,4.2,775.33,4.94
3,804,29,5,4,0,2,790.0,1.13,771.67,3.84
4,981,29,5,4,0,0,975.0,5.52,1001.33,4.61
4,988,29,5,4,0,1,1021.0,2.95,1010.0,3.58
4,1009,29,5,4,0,2,966.0,2.52,987.33,3.66
5,963,29,5,4,0,0,957.0,2.94,931.0,2.53
5,952,29,5,4,0,1,931.0,2.0,934.0,1.97
5,927,29,5,4,0,2,873.0,5.31,920.33,3.42
1,991,30,5,5,1,0,940.0,3.98,937.0,5.04
1,1047,30,5,5,1,1,961.0,1.44,966.0,4.02
1,975,30,5,5,1,2,889.0,4.41,930.0,3.28
2,907,30,5,5,1,0,863.0,1.03,903.33,3.01
2,942,30,5,5,1,1,903.0,4.75,899.0,3.07
2,894,30,5,5,1,2,931.0,3.62,899.0,3.13
3,836,30,5,5,1,0,754.0,4.68,781.0,3.34
3,786,30,5,5,1,1,780.0,6.36,774.67,4.06
3,760,30,5,5,1,2,781.0,5.56,771.67,5.53
4,988,30,5,5,1,0,933.0,4.5,973.33,3.32
4,984,30,5,5,1,1,937.0,5.64,945.33,4.22
4,966,30,5,5,1,2,937.0,2.5,935.67,4.21
5,941,30,5,5,1,0,911.0,4.0,905.0,3.77
5,969,30,5,5,1,1,876.0,1.24,886.67,3.52
5,938,30,5,5,1,2,882.0,3.92,889.67,3.05
1,992,31,5,6,1,0,975.0,4.41,941.67,3.42
1,1027,31,5,6,1,1,937.0,6.49,933.67,5.1
1,985,31,5,6,1,2,935.0,2.71,949.0,4.54
2,912,31,5,6,1,0,931.0,3.82,921.67,4.06
2,865,31,5,6,1,1,887.0,3.27,916.33,3.57
2,880,31,5,6,1,2,896.0,6.18,904.67,4.42
3,795,31,5,6,1,0,819.0,2.85,793.33,4.92
3,824,31,5,6,1,1,710.0,4.05,770.0,4.15
3,781,31,5,6,1,2,807.0,5.5,778.67,4.13
4,981,31,5,6,1,0,955.0,4.12,943.0,4.09
4,1005,31,5,6,1,1,991.0,6.24,961.0,4.29
4,1008,31,5,6,1,2,957.0,1.75,967.67,4.04
5,929,31,5,6,1,0,883.0,5.05,880.33,3.4
5,939,31,5,6,1,1,979.0,6.76,914.67,5.24
5,971,31,5,6,1,2,948.0,5.01,936.67,5.61
1,976,1,6,0,0,0,987.0,5.28,953.0,4.83
1,1006,1,6,0,0,1,919.0,1.18,947.0,3.06
1,989,1,6,0,0,2,907.0,5.22,937.67,3.89
2,928,1,6,0,0,0,969.0,7.09,917.33,5.51
2,911,1,6,0,0,1,789.0,7.07,884.67,6.78
2,917,1,6,0,0,2,892.0,2.41,883.33,5.52
3,789,1,6,0,0,0,790.0,6.84,769.0,5.46
3,816,1,6,0,0,1,804.0,6.94,800.33,6.43
3,815,1,6,0,0,2,773.0,1.53,789.0,5.1
4,1010,1,6,0,0,0,967.0,2.91,971.67,3.63
4,994,1,6,0,0,1,947.0,4.54,957.0,3.07
4,1003,1,6,0,0,2,960.0,4.48,958.0,3.98
5,912,1,6,0,0,0,919.0,4.27,948.67,5.35
5,985,1,6,0,0,1,911.0,2.25,926.0,3.84
5,937,1,6,0,0,2,1001.0,4.48,943.67,3.67
1,993,2,6,1,0,0,929.0,4.03,918.33,3.48
1,973,2,6,1,0,1,989.0,6.96,941.67,5.4
1,1013,2,6,1,0,2,886.0,5.34,934.67,5.44
2,910,2,6,1,0,0,969.0,4.63,883.33,4.7
2,894,2,6,1,0,1,868.0,1.59,909.67,2.88
2,853,2,6,1,0,2,940.0,3.69,925.67,3.3
3,785,2,6,1,0,0,710.0,4.95,762.33,4.47
3,809,2,6,1,0,1,850.0,1.16,777.67,2.55
3,805,2,6,1,0,2,824.0,4.85,794.67,3.65
4,999,2,6,1,0,0,988.0,5.09,965.0,4.7
4,991,2,6,1,0,1,936.0,4.1,961.33,4.56
4,968,2,6,1,0,2,950.0,1.96,958.0,3.72
5,969,2,6,1,0,0,920.0,3.56,944.0,3.43
5,921,2,6,1,0,1,954.0,1.75,958.33,3.26
5,945,2,6,1,0,2,928.0,7.01,934.0,4.11
1,979,3,6,2,0,0,947.0,6.7,940.67,6.33
1,1019,3,6,2,0,1,1003.0,6.35,945.33,6.13
1,1011,3,6,2,0,2,950.0,5.47,966.67,6.17
2,892,3,6,2,0,0,883.0,3.92,897.0,3.07
2,913,3,6,2,0,1,913.0,3.49,912.0,3.7
2,870,3,6,2,0,2,976.0,3.27,924.0,3.56
3,798,3,6,2,0,0,778.0,3.23,817.33,3.08
3,778,3,6,2,0,1,810.0,6.25,804.0,4.78
3,820,3,6,2,0,2,765.0,1.29,784.33,3.59
4,1007,3,6,2,0,0,967.0,1.12,951.0,2.39
4,1012,3,6,2,0,1,918.0,5.65,945.0,2.91
4,988,3,6,2,0,2,934.0,5.75,939.67,4.17
5,964,3,6,2,0,0,961.0,5.23,947.67,4.66
5,927,3,6,2,0,1,861.0,1.82,916.67,4.69
5,930,3,6,2,0,2,915.0,3.28,912.33,3.44
1,996,4,6,3,0,0,910.0,4.81,954.33,5.54
1,981,4,6,3,0,1,906.0,5.72,922.0,5.33
1,1014,4,6,3,0,2,951.0,3.55,922.33,4.69
2,890,4,6,3,0,0,934.0,4.21,941.0,3.66
2,878,4,6,3,0,1,844.0,3.21,918.0,3.56
2,875,4,6,3,0,2,877.0,1.02,885.0,2.81
3,813,4,6,3,0,0,791.0,1.25,788.67,2.93
3,749,4,6,3,0,1,847.0,6.2,801.0,2.91
3,779,4,6,3,0,2,826.0,4.18,821.33,3.88
4,1028,4,6,3,0,0,994.0,1.88,948.67,4.43
4,993,4,6,3,0,1,947.0,2.57,958.33,3.4
4,1014,4,6,3,0,2,995.0,5.69,978.67,3.38
5,958,4,6,3,0,0,881.0,6.08,885.67,3.73
5,946,4,6,3,0,1,899.0,3.54,898.33,4.3
5,916,4,6,3,0,2,925.0,5.8,901.67,5.14
1,973,5,6,4,0,0,920.0,4.27,925.67,4.51
1,973,5,6,4,0,1,907.0,6.59,926.0,4.8
1,1009,5,6,4,0,2,944.0,1.97,923.67,4.28
2,913,5,6,4,0,0,842.0,5.92,854.33,3.38
2,882,5,6,4,0,1,912.0,2.88,877.0,3.27
2,898,5,6,4,0,2,870.0,2.25,874.67,3.68
3,800,5,6,4,0,0,826.0,5.49,833.0,5.29
3,801,5,6,4,0,1,798.0,4.2,816.67,4.62
3,784,5,6,4,0,2,767.0,3.4,797.0,4.36
4,1032,5,6,4,0,0,986.0,2.28,976.0,3.51
4,1013,5,6,4,0,1,986.0,4.83,989.0,4.27
4,1001,5,6,4,0,2,1039.0,2.26,1003.67,3.12
5,939,5,6,4,0,0,867.0,4.83,897.0,4.72
5,933,5,6,4,0,1,909.0,2.47,900.33,4.37
5,957,5,6,4,0,2,1038.0,7.07,938.0,4.79
1,990,6,6,5,1,0,929.0,5.49,926.67,4.68
1,1002,6,6,5,1,1,994.0,4.61,955.67,4.02
1,962,6,6,5,1,2,969.0,2.61,964.0,4.24
2,889,6,6,5,1,0,884.0,4.12,888.67,3.08
2,897,6,6,5,1,1,865.0,2.37,873.0,2.91
2,919,6,6,5,1,2,938.0,3.99,895.67,3.49
3,781,6,6,5,1,0,784.0,5.31,783.0,4.3
3,770,6,6,5,1,1,756.0,3.57,769.0,4.09
3,808,6,6,5,1,2,785.0,4.73,775.0,4.54
4,998,6,6,5,1,0,947.0,2.57,990.67,3.22
4,965,6,6,5,1,1,983.0,1.11,989.67,1.98
4,966,6,6,5,1,2,1017.0,4.6,982.33,2.76
5,937,6,6,5,1,0,963.0,2.23,970.0,3.92
5,948,6,6,5,1,1,890.0,3.47,963.67,4.26
5,977,6,6,5,1,2,887.0,6.34,913.33,4.01
1,978,7,6,6,1,0,992.0,1.29,985.0,2.84
1,1010,7,6,6,1,1,969.0,6.47,976.67,3.46
1,960,7,6,6,1,2,1010.0,2.51,990.33,3.42
2,907,7,6,6,1,0,928.0,5.5,910.33,3.95
2,930,7,6,6,1,1,954.0,6.01,940.0,5.17
2,902,7,6,6,1,2,905.0,2.37,929.0,4.63
3,786,7,6,6,1,0,717.0,4.27,752.67,4.19
3,824,7,6,6,1,1,825.0,2.14,775.67,3.71
3,806,7,6,6,1,2,799.0,3.27,780.33,3.23
4,1003,7,6,6,1,0,957.0,3.92,985.67,3.21
4,979,7,6,6,1,1,993.0,2.65,989.0,3.72
4,1007,7,6,6,1,2,968.0,2.52,972.67,3.03
5,936,7,6,6,1,0,927.0,3.54,901.33,4.45
5,956,7,6,6,1,1,785.0,2.73,866.33,4.2
5,950,7,6,6,1,2,951.0,5.93,887.67,4.07
1,1021,8,6,0,0,0,864.0,5.78,947.67,4.92
1,988,8,6,0,0,1,989.0,1.88,954.33,3.39
1,997,8,6,0,0,2,986.0,7.16,946.33,4.94
2,915,8,6,0,0,0,935.0,3.31,931.33,3.9
2,895,8,6,0,0,1,921.0,1.81,920.33,2.5
2,899,8,6,0,0,2,916.0,4.08,924.0,3.07
3,791,8,6,0,0,0,798.0,4.55,807.33,3.32
3,796,8,6,0,0,1,824.0,5.4,807.0,4.41
3,813,8,6,0,0,2,858.0,1.04,826.67,3.66
4,1036,8,6,0,0,0,971.0,2.41,977.33,2.53
4,966,8,6,0,0,1,923.0,1.18,954.0,2.04
4,974,8,6,0,0,2,997.0,2.73,963.67,2.11
5,947,8,6,0,0,0,897.0,3.96,877.67,4.21
5,950,8,6,0,0,1,903.0,1.2,917.0,3.7
5,945,8,6,0,0,2,969.0,6.92,923.0,4.03
1,988,9,6,1,0,0,930.0,2.21,968.33,3.75
1,975,9,6,1,0,1,938.0,5.92,951.33,5.1
1,987,9,6,1,0,2,920.0,2.54,929.33,3.56
2,916,9,6,1,0,0,876.0,6.01,904.33,3.97
2,901,9,6,1,0,1,913.0,6.93,901.67,5.67
2,913,9,6,1,0,2,846.0,1.97,878.33,4.97
3,775,9,6,1,0,0,841.0,0.94,841.0,2.46
3,828,9,6,1,0,1,813.0,5.9,837.33,2.63
3,788,9,6,1,0,2,771.0,2.16,808.33,3.0
4,1009,9,6,1,0,0,1014.0,5.41,978.0,3.11
4,997,9,6,1,0,1,973.0,4.51,994.67,4.22
4,989,9,6,1,0,2,1037.0,7.33,1008.0,5.75
5,958,9,6,1,0,0,899.0,4.16,923.67,4.09
5,962,9,6,1,0,1,872.0,3.54,913.33,4.87
5,1003,9,6,1,0,2,944.0,4.55,905.0,4.08
1,1012,10,6,2,0,0,914.0,7.3,924.0,5.25
1,1012,10,6,2,0,1,933.0,2.61,922.33,4.15
1,1022,10,6,2,0,2,950.0,4.33,932.33,4.75
2,910,10,6,2,0,0,890.0,5.12,883.0,4.67
2,899,10,6,2,0,1,920.0,5.15,885.33,4.08
2,906,10,6,2,0,2,928.0,6.07,912.67,5.45
3,817,10,6,2,0,0,847.0,3.75,810.33,3.94
3,827,10,6,2,0,1,815.0,4.68,811.0,3.53
3,769,10,6,2,0,2,767.0,6.12,809.67,4.85
4,962,10,6,2,0,0,1045.0,3.42,1018.33,5.09
4,1026,10,6,2,0,1,1035.0,4.52,1039.0,5.09
4,984,10,6,2,0,2,1012.0,7.07,1030.67,5.0
5,916,10,6,2,0,0,936.0,5.93,917.33,4.67
5,914,10,6,2,0,1,891.0,3.36,923.67,4.61
5,986,10,6,2,0,2,1022.0,3.31,949.67,4.2
1,1017,11,6,3,0,0,1058.0,6.95,980.33,4.63
1,984,11,6,3,0,1,978.0,2.3,995.33,4.53
1,984,11,6,3,0,2,1008.0,4.09,1014.67,4.45
2,901,11,6,3,0,0,894.0,2.3,914.0,4.51
2,917,11,6,3,0,1,927.0,3.64,916.33,4.0
2,894,11,6,3,0,2,946.0,6.71,922.33,4.22
3,784,11,6,3,0,0,829.0,7.27,803.67,6.02
3,822,11,6,3,0,1,817.0,6.2,804.33,6.53
3,799,11,6,3,0,2,841.0,1.75,829.0,5.07
4,996,11,6,3,0,0,951.0,5.47,999.33,5.69
4,1011,11,6,3,0,1,964.0,4.84,975.67,5.79
4,957,11,6,3,0,2,1020.0,4.32,978.33,4.88
5,959,11,6,3,0,0,982.0,5.39,965.0,4.02
5,958,11,6,3,0,1,932.0,4.7,978.67,4.47
5,922,11,6,3,0,2,927.0,1.49,947.0,3.86
