production_id,machine_id,production_date,shift,units_produced,units_rejected,production_time_hours
1,1,2025-08-24,Morning,969,59,8
2,1,2025-08-24,Afternoon,944,48,8
3,1,2025-08-24,Night,940,13,8
4,2,2025-08-24,Morning,890,62,8
5,2,2025-08-24,Afternoon,963,11,8
6,2,2025-08-24,Night,930,72,8
7,3,2025-08-24,Morning,781,17,8
8,3,2025-08-24,Afternoon,821,18,8
9,3,2025-08-24,Night,809,32,8
10,4,2025-08-24,Morning,903,27,8
11,4,2025-08-24,Afternoon,939,28,8
12,4,2025-08-24,Night,992,35,8
13,5,2025-08-24,Morning,988,23,8
14,5,2025-08-24,Afternoon,920,42,8
15,5,2025-08-24,Night,908,47,8
16,1,2025-08-25,Morning,954,20,8
17,1,2025-08-25,Afternoon,925,53,8
18,1,2025-08-25,Night,938,38,8
19,2,2025-08-25,Morning,899,11,8
20,2,2025-08-25,Afternoon,857,63,8
21,2,2025-08-25,Night,932,29,8
22,3,2025-08-25,Morning,751,34,8
23,3,2025-08-25,Afternoon,746,58,8
24,3,2025-08-25,Night,807,51,8
25,4,2025-08-25,Morning,1009,16,8
26,4,2025-08-25,Afternoon,986,23,8
27,4,2025-08-25,Night,975,36,8
28,5,2025-08-25,Morning,917,26,8
29,5,2025-08-25,Afternoon,911,27,8
30,5,2025-08-25,Night,972,46,8
31,1,2025-08-26,Morning,962,14,8
32,1,2025-08-26,Afternoon,934,73,8
33,1,2025-08-26,Night,922,9,8
34,2,2025-08-26,Morning,924,61,8
35,2,2025-08-26,Afternoon,941,60,8
36,2,2025-08-26,Night,937,14,8
37,3,2025-08-26,Morning,766,53,8
38,3,2025-08-26,Afternoon,787,42,8
39,3,2025-08-26,Night,780,24,8
40,4,2025-08-26,Morning,972,31,8
41,4,2025-08-26,Afternoon,1012,72,8
42,4,2025-08-26,Night,1034,44,8
43,5,2025-08-26,Morning,944,59,8
44,5,2025-08-26,Afternoon,904,44,8
45,5,2025-08-26,Night,928,43,8
46,1,2025-08-27,Morning,1012,40,8
47,1,2025-08-27,Afternoon,953,30,8
48,1,2025-08-27,Night,938,42,8
49,2,2025-08-27,Morning,891,34,8
50,2,2025-08-27,Afternoon,914,57,8
51,2,2025-08-27,Night,867,65,8
52,3,2025-08-27,Morning,779,51,8
53,3,2025-08-27,Afternoon,836,55,8
54,3,2025-08-27,Night,813,18,8
55,4,2025-08-27,Morning,983,65,8
56,4,2025-08-27,Afternoon,1018,74,8
57,4,2025-08-27,Night,951,24,8
58,5,2025-08-27,Morning,916,36,8
59,5,2025-08-27,Afternoon,941,9,8
60,5,2025-08-27,Night,940,43,8
61,1,2025-08-28,Morning,893,16,8
62,1,2025-08-28,Afternoon,933,31,8
63,1,2025-08-28,Night,943,43,8
64,2,2025-08-28,Morning,916,54,8
65,2,2025-08-28,Afternoon,910,70,8
66,2,2025-08-28,Night,897,24,8
67,3,2025-08-28,Morning,723,21,8
68,3,2025-08-28,Afternoon,798,10,8
69,3,2025-08-28,Night,802,10,8
70,4,2025-08-28,Morning,1078,31,8
71,4,2025-08-28,Afternoon,972,19,8
72,4,2025-08-28,Night,992,43,8
73,5,2025-08-28,Morning,975,25,8
74,5,2025-08-28,Afternoon,960,58,8
75,5,2025-08-28,Night,986,53,8
76,1,2025-08-29,Morning,893,42,8
77,1,2025-08-29,Afternoon,910,11,8
78,1,2025-08-29,Night,927,47,8
79,2,2025-08-29,Morning,837,46,8
80,2,2025-08-29,Afternoon,902,20,8
81,2,2025-08-29,Night,863,65,8
82,3,2025-08-29,Morning,861,16,8
83,3,2025-08-29,Afternoon,768,57,8
84,3,2025-08-29,Night,787,56,8
85,4,2025-08-29,Morning,1012,68,8
86,4,2025-08-29,Afternoon,930,45,8
87,4,2025-08-29,Night,915,15,8
88,5,2025-08-29,Morning,937,68,8
89,5,2025-08-29,Afternoon,940,31,8
90,5,2025-08-29,Night,961,33,8
91,1,2025-08-30,Morning,970,69,8
92,1,2025-08-30,Afternoon,961,62,8
93,1,2025-08-30,Night,922,19,8
94,2,2025-08-30,Morning,909,66,8
95,2,2025-08-30,Afternoon,911,9,8
96,2,2025-08-30,Night,871,18,8
97,3,2025-08-30,Morning,874,48,8
98,3,2025-08-30,Afternoon,818,21,8
99,3,2025-08-30,Night,761,24,8
100,4,2025-08-30,Morning,1011,62,8
101,4,2025-08-30,Afternoon,1018,57,8
102,4,2025-08-30,Night,996,49,8
103,5,2025-08-30,Morning,920,26,8
104,5,2025-08-30,Afternoon,899,24,8
105,5,2025-08-30,Night,926,67,8
106,1,2025-08-31,Morning,963,52,8
107,1,2025-08-31,Afternoon,950,47,8
108,1,2025-08-31,Night,1008,44,8
109,2,2025-08-31,Morning,925,27,8
110,2,2025-08-31,Afternoon,865,10,8
111,2,2025-08-31,Night,857,64,8
112,3,2025-08-31,Morning,819,62,8
113,3,2025-08-31,Afternoon,791,8,8
114,3,2025-08-31,Night,828,62,8
115,4,2025-08-31,Morning,998,77,8
116,4,2025-08-31,Afternoon,977,68,8
117,4,2025-08-31,Night,946,65,8
118,5,2025-08-31,Morning,869,27,8
119,5,2025-08-31,Afternoon,938,70,8
120,5,2025-08-31,Night,880,51,8
121,1,2025-09-01,Morning,914,48,8
122,1,2025-09-01,Afternoon,956,75,8
123,1,2025-09-01,Night,952,67,8
124,2,2025-09-01,Morning,854,52,8
125,2,2025-09-01,Afternoon,943,33,8
126,2,2025-09-01,Night,942,28,8
127,3,2025-09-01,Morning,820,57,8
128,3,2025-09-01,Afternoon,820,60,8
129,3,2025-09-01,Night,820,54,8
130,4,2025-09-01,Morning,1134,62,8
131,4,2025-09-01,Afternoon,1018,73,8
132,4,2025-09-01,Night,1006,33,8
133,5,2025-09-01,Morning,899,45,8
134,5,2025-09-01,Afternoon,920,11,8
135,5,2025-09-01,Night,1022,30,8
136,1,2025-09-02,Morning,875,44,8
137,1,2025-09-02,Afternoon,931,17,8
138,1,2025-09-02,Night,993,46,8
139,2,2025-09-02,Morning,871,46,8
140,2,2025-09-02,Afternoon,927,14,8
141,2,2025-09-02,Night,901,43,8
142,3,2025-09-02,Morning,773,42,8
143,3,2025-09-02,Afternoon,718,47,8
144,3,2025-09-02,Night,807,23,8
145,4,2025-09-02,Morning,948,11,8
146,4,2025-09-02,Afternoon,975,75,8
147,4,2025-09-02,Night,1000,38,8
148,5,2025-09-02,Morning,964,21,8
149,5,2025-09-02,Afternoon,911,44,8
150,5,2025-09-02,Night,903,54,8
151,1,2025-09-03,Morning,899,69,8
152,1,2025-09-03,Afternoon,986,60,8
153,1,2025-09-03,Night,1034,40,8
154,2,2025-09-03,Morning,941,25,8
155,2,2025-09-03,Afternoon,950,10,8
156,2,2025-09-03,Night,871,15,8
157,3,2025-09-03,Morning,817,35,8
158,3,2025-09-03,Afternoon,830,13,8
159,3,2025-09-03,Night,670,14,8
160,4,2025-09-03,Morning,939,37,8
161,4,2025-09-03,Afternoon,1045,56,8
162,4,2025-09-03,Night,922,12,8
163,5,2025-09-03,Morning,987,44,8
164,5,2025-09-03,Afternoon,872,61,8
165,5,2025-09-03,Night,890,13,8
166,1,2025-09-04,Morning,968,53,8
167,1,2025-09-04,Afternoon,952,72,8
168,1,2025-09-04,Night,934,46,8
169,2,2025-09-04,Morning,963,40,8
170,2,2025-09-04,Afternoon,850,40,8
171,2,2025-09-04,Night,893,69,8
172,3,2025-09-04,Morning,823,60,8
173,3,2025-09-04,Afternoon,811,12,8
174,3,2025-09-04,Night,775,25,8
175,4,2025-09-04,Morning,956,17,8
176,4,2025-09-04,Afternoon,1013,59,8
177,4,2025-09-04,Night,1015,62,8
178,5,2025-09-04,Morning,942,62,8
179,5,2025-09-04,Afternoon,896,56,8
180,5,2025-09-04,Night,907,60,8
181,1,2025-09-05,Morning,949,34,8
182,1,2025-09-05,Afternoon,954,61,8
183,1,2025-09-05,Night,971,68,8
184,2,2025-09-05,Morning,891,35,8
185,2,2025-09-05,Afternoon,933,16,8
186,2,2025-09-05,Night,932,68,8
187,3,2025-09-05,Morning,852,27,8
188,3,2025-09-05,Afternoon,800,58,8
189,3,2025-09-05,Night,812,62,8
190,4,2025-09-05,Morning,974,48,8
191,4,2025-09-05,Afternoon,947,28,8
192,4,2025-09-05,Night,1063,35,8
193,5,2025-09-05,Morning,976,63,8
194,5,2025-09-05,Afternoon,961,62,8
195,5,2025-09-05,Night,929,13,8
196,1,2025-09-06,Morning,914,44,8
197,1,2025-09-06,Afternoon,989,34,8
198,1,2025-09-06,Night,944,17,8
199,2,2025-09-06,Morning,916,48,8
200,2,2025-09-06,Afternoon,877,14,8
201,2,2025-09-06,Night,909,13,8
202,3,2025-09-06,Morning,779,52,8
203,3,2025-09-06,Afternoon,781,12,8
204,3,2025-09-06,Night,809,63,8
205,4,2025-09-06,Morning,922,61,8
206,4,2025-09-06,Afternoon,923,70,8
207,4,2025-09-06,Night,951,61,8
208,5,2025-09-06,Morning,921,45,8
209,5,2025-09-06,Afternoon,964,17,8
210,5,2025-09-06,Night,923,41,8
211,1,2025-09-07,Morning,949,13,8
212,1,2025-09-07,Afternoon,938,17,8
213,1,2025-09-07,Night,962,59,8
214,2,2025-09-07,Morning,866,44,8
215,2,2025-09-07,Afternoon,895,26,8
216,2,2025-09-07,Night,916,64,8
217,3,2025-09-07,Morning,808,12,8
218,3,2025-09-07,Afternoon,800,39,8
219,3,2025-09-07,Night,800,43,8
220,4,2025-09-07,Morning,999,58,8
221,4,2025-09-07,Afternoon,1066,54,8
222,4,2025-09-07,Night,949,69,8
223,5,2025-09-07,Morning,1017,29,8
224,5,2025-09-07,Afternoon,897,20,8
225,5,2025-09-07,Night,845,42,8
226,1,2025-09-08,Morning,928,14,8
227,1,2025-09-08,Afternoon,963,30,8
228,1,2025-09-08,Night,1025,68,8
229,2,2025-09-08,Morning,864,63,8
230,2,2025-09-08,Afternoon,919,62,8
231,2,2025-09-08,Night,847,63,8
232,3,2025-09-08,Morning,873,61,8
233,3,2025-09-08,Afternoon,847,67,8
234,3,2025-09-08,Night,781,16,8
235,4,2025-09-08,Morning,911,70,8
236,4,2025-09-08,Afternoon,1034,71,8
237,4,2025-09-08,Night,975,38,8
238,5,2025-09-08,Morning,979,28,8
239,5,2025-09-08,Afternoon,930,59,8
240,5,2025-09-08,Night,931,70,8
241,1,2025-09-09,Morning,931,38,8
242,1,2025-09-09,Afternoon,974,18,8
243,1,2025-09-09,Night,954,24,8
244,2,2025-09-09,Morning,920,52,8
245,2,2025-09-09,Afternoon,838,15,8
246,2,2025-09-09,Night,951,54,8
247,3,2025-09-09,Morning,862,40,8
248,3,2025-09-09,Afternoon,804,56,8
249,3,2025-09-09,Night,882,62,8
250,4,2025-09-09,Morning,1050,40,8
251,4,2025-09-09,Afternoon,1005,59,8
252,4,2025-09-09,Night,1034,25,8
253,5,2025-09-09,Morning,972,36,8
254,5,2025-09-09,Afternoon,859,34,8
255,5,2025-09-09,Night,919,42,8
256,1,2025-09-10,Morning,978,63,8
257,1,2025-09-10,Afternoon,1015,71,8
258,1,2025-09-10,Night,894,68,8
259,2,2025-09-10,Morning,831,35,8
260,2,2025-09-10,Afternoon,897,70,8
261,2,2025-09-10,Night,817,44,8
262,3,2025-09-10,Morning,796,21,8
263,3,2025-09-10,Afternoon,814,18,8
264,3,2025-09-10,Night,762,26,8
265,4,2025-09-10,Morning,977,55,8
266,4,2025-09-10,Afternoon,1018,22,8
267,4,2025-09-10,Night,958,21,8
268,5,2025-09-10,Morning,898,14,8
269,5,2025-09-10,Afternoon,925,22,8
270,5,2025-09-10,Night,888,31,8
271,1,2025-09-11,Morning,1028,13,8
272,1,2025-09-11,Afternoon,951,62,8
273,1,2025-09-11,Night,922,65,8
274,2,2025-09-11,Morning,908,67,8
275,2,2025-09-11,Afternoon,895,59,8
276,2,2025-09-11,Night,891,55,8
277,3,2025-09-11,Morning,778,27,8
278,3,2025-09-11,Afternoon,776,34,8
279,3,2025-09-11,Night,739,31,8
280,4,2025-09-11,Morning,1034,64,8
281,4,2025-09-11,Afternoon,1003,45,8
282,4,2025-09-11,Night,992,46,8
283,5,2025-09-11,Morning,924,43,8
284,5,2025-09-11,Afternoon,891,24,8
285,5,2025-09-11,Night,899,10,8
286,1,2025-09-12,Morning,893,29,8
287,1,2025-09-12,Afternoon,924,16,8
288,1,2025-09-12,Night,906,65,8
289,2,2025-09-12,Morning,967,63,8
290,2,2025-09-12,Afternoon,935,41,8
291,2,2025-09-12,Night,903,46,8
292,3,2025-09-12,Morning,765,47,8
293,3,2025-09-12,Afternoon,758,22,8
294,3,2025-09-12,Night,792,28,8
295,4,2025-09-12,Morning,1017,35,8
296,4,2025-09-12,Afternoon,1056,83,8
297,4,2025-09-12,Night,924,15,8
298,5,2025-09-12,Morning,952,19,8
299,5,2025-09-12,Afternoon,903,20,8
300,5,2025-09-12,Night,910,27,8
301,1,2025-09-13,Morning,951,36,8
302,1,2025-09-13,Afternoon,916,72,8
303,1,2025-09-13,Night,940,73,8
304,2,2025-09-13,Morning,863,60,8
305,2,2025-09-13,Afternoon,876,19,8
306,2,2025-09-13,Night,930,52,8
307,3,2025-09-13,Morning,803,40,8
308,3,2025-09-13,Afternoon,830,24,8
309,3,2025-09-13,Night,773,25,8
310,4,2025-09-13,Morning,1002,39,8
311,4,2025-09-13,Afternoon,914,16,8
312,4,2025-09-13,Night,981,51,8
313,5,2025-09-13,Morning,955,19,8
314,5,2025-09-13,Afternoon,863,37,8
315,5,2025-09-13,Night,903,30,8
316,1,2025-09-14,Morning,951,18,8
317,1,2025-09-14,Afternoon,990,27,8
318,1,2025-09-14,Night,926,53,8
319,2,2025-09-14,Morning,921,39,8
320,2,2025-09-14,Afternoon,957,37,8
321,2,2025-09-14,Night,923,62,8
322,3,2025-09-14,Morning,791,61,8
323,3,2025-09-14,Afternoon,814,61,8
324,3,2025-09-14,Night,775,17,8
325,4,2025-09-14,Morning,983,49,8
326,4,2025-09-14,Afternoon,973,67,8
327,4,2025-09-14,Night,993,23,8
328,5,2025-09-14,Morning,913,19,8
329,5,2025-09-14,Afternoon,945,53,8
330,5,2025-09-14,Night,913,42,8
331,1,2025-09-15,Morning,984,36,8
332,1,2025-09-15,Afternoon,936,62,8
333,1,2025-09-15,Night,868,36,8
334,2,2025-09-15,Morning,859,26,8
335,2,2025-09-15,Afternoon,900,23,8
336,2,2025-09-15,Night,967,70,8
337,3,2025-09-15,Morning,833,61,8
338,3,2025-09-15,Afternoon,711,38,8
339,3,2025-09-15,Night,740,14,8
340,4,2025-09-15,Morning,1025,67,8
341,4,2025-09-15,Afternoon,1005,72,8
342,4,2025-09-15,Night,1070,69,8
343,5,2025-09-15,Morning,911,24,8
344,5,2025-09-15,Afternoon,896,55,8
345,5,2025-09-15,Night,932,59,8
346,1,2025-09-16,Morning,930,66,8
347,1,2025-09-16,Afternoon,991,17,8
348,1,2025-09-16,Night,929,64,8
349,2,2025-09-16,Morning,889,58,8
350,2,2025-09-16,Afternoon,860,17,8
351,2,2025-09-16,Night,930,56,8
352,3,2025-09-16,Morning,763,41,8
353,3,2025-09-16,Afternoon,816,22,8
354,3,2025-09-16,Night,875,29,8
355,4,2025-09-16,Morning,908,38,8
356,4,2025-09-16,Afternoon,1039,79,8
357,4,2025-09-16,Night,991,45,8
358,5,2025-09-16,Morning,884,46,8
359,5,2025-09-16,Afternoon,934,54,8
360,5,2025-09-16,Night,959,71,8
361,1,2025-09-17,Morning,918,46,8
362,1,2025-09-17,Afternoon,968,50,8
363,1,2025-09-17,Night,1013,76,8
364,2,2025-09-17,Morning,879,65,8
365,2,2025-09-17,Afternoon,860,67,8
366,2,2025-09-17,Night,894,61,8
367,3,2025-09-17,Morning,802,41,8
368,3,2025-09-17,Afternoon,843,31,8
369,3,2025-09-17,Night,793,52,8
370,4,2025-09-17,Morning,962,9,8
371,4,2025-09-17,Afternoon,939,44,8
372,4,2025-09-17,Night,913,67,8
373,5,2025-09-17,Morning,878,54,8
374,5,2025-09-17,Afternoon,878,36,8
375,5,2025-09-17,Night,919,18,8
376,1,2025-09-18,Morning,889,19,8
377,1,2025-09-18,Afternoon,842,62,8
378,1,2025-09-18,Night,947,33,8
379,2,2025-09-18,Morning,973,10,8
380,2,2025-09-18,Afternoon,945,53,8
381,2,2025-09-18,Night,889,14,8
382,3,2025-09-18,Morning,755,60,8
383,3,2025-09-18,Afternoon,902,13,8
384,3,2025-09-18,Night,802,50,8
385,4,2025-09-18,Morning,987,24,8
386,4,2025-09-18,Afternoon,974,22,8
387,4,2025-09-18,Night,978,48,8
388,5,2025-09-18,Morning,908,13,8
389,5,2025-09-18,Afternoon,919,42,8
390,5,2025-09-18,Night,990,40,8
391,1,2025-09-19,Morning,999,20,8
392,1,2025-09-19,Afternoon,867,19,8
393,1,2025-09-19,Night,893,49,8
394,2,2025-09-19,Morning,868,33,8
395,2,2025-09-19,Afternoon,937,11,8
396,2,2025-09-19,Night,950,24,8
397,3,2025-09-19,Morning,828,9,8
398,3,2025-09-19,Afternoon,754,13,8
399,3,2025-09-19,Night,779,43,8
400,4,2025-09-19,Morning,999,26,8
401,4,2025-09-19,Afternoon,970,58,8
402,4,2025-09-19,Night,965,67,8
403,5,2025-09-19,Morning,915,51,8
404,5,2025-09-19,Afternoon,976,23,8
405,5,2025-09-19,Night,953,10,8
406,1,2025-09-20,Morning,937,14,8
407,1,2025-09-20,Afternoon,963,38,8
408,1,2025-09-20,Night,899,65,8
409,2,2025-09-20,Morning,879,24,8
410,2,2025-09-20,Afternoon,941,34,8
411,2,2025-09-20,Night,837,44,8
412,3,2025-09-20,Morning,824,31,8
413,3,2025-09-20,Afternoon,716,21,8
414,3,2025-09-20,Night,867,66,8
415,4,2025-09-20,Morning,958,67,8
416,4,2025-09-20,Afternoon,995,43,8
417,4,2025-09-20,Night,984,39,8
418,5,2025-09-20,Morning,936,10,8
419,5,2025-09-20,Afternoon,942,51,8
420,5,2025-09-20,Night,861,24,8
421,1,2025-09-21,Morning,956,75,8
422,1,2025-09-21,Afternoon,942,44,8
423,1,2025-09-21,Night,928,10,8
424,2,2025-09-21,Morning,868,64,8
425,2,2025-09-21,Afternoon,907,26,8
426,2,2025-09-21,Night,860,41,8
427,3,2025-09-21,Morning,841,20,8
428,3,2025-09-21,Afternoon,818,8,8
429,3,2025-09-21,Night,810,42,8
430,4,2025-09-21,Morning,1019,57,8
431,4,2025-09-21,Afternoon,906,41,8
432,4,2025-09-21,Night,928,12,8
433,5,2025-09-21,Morning,950,15,8
434,5,2025-09-21,Afternoon,900,46,8
435,5,2025-09-21,Night,905,27,8
436,1,2025-09-22,Morning,893,31,8
437,1,2025-09-22,Afternoon,910,45,8
438,1,2025-09-22,Night,992,42,8
439,2,2025-09-22,Morning,919,56,8
440,2,2025-09-22,Afternoon,907,22,8
441,2,2025-09-22,Night,876,39,8
442,3,2025-09-22,Morning,804,41,8
443,3,2025-09-22,Afternoon,845,14,8
444,3,2025-09-22,Night,771,11,8
445,4,2025-09-22,Morning,978,56,8
446,4,2025-09-22,Afternoon,1050,42,8
447,4,2025-09-22,Night,1008,66,8
448,5,2025-09-22,Morning,907,53,8
449,5,2025-09-22,Afternoon,954,33,8
450,5,2025-09-22,Night,867,14,8
451,1,2025-09-23,Morning,947,21,8
452,1,2025-09-23,Afternoon,974,46,8
453,1,2025-09-23,Night,965,64,8
454,2,2025-09-23,Morning,924,51,8
455,2,2025-09-23,Afternoon,933,25,8
456,2,2025-09-23,Night,918,40,8
457,3,2025-09-23,Morning,817,18,8
458,3,2025-09-23,Afternoon,808,40,8
459,3,2025-09-23,Night,756,56,8
460,4,2025-09-23,Morning,1022,79,8
461,4,2025-09-23,Afternoon,978,68,8
462,4,2025-09-23,Night,1007,69,8
463,5,2025-09-23,Morning,967,12,8
464,5,2025-09-23,Afternoon,909,47,8
465,5,2025-09-23,Night,912,14,8
466,1,2025-09-24,Morning,937,55,8
467,1,2025-09-24,Afternoon,1000,14,8
468,1,2025-09-24,Night,914,29,8
469,2,2025-09-24,Morning,957,30,8
470,2,2025-09-24,Afternoon,907,48,8
471,2,2025-09-24,Night,910,23,8
472,3,2025-09-24,Morning,835,9,8
473,3,2025-09-24,Afternoon,803,60,8
474,3,2025-09-24,Night,842,55,8
475,4,2025-09-24,Morning,959,41,8
476,4,2025-09-24,Afternoon,1036,55,8
477,4,2025-09-24,Night,962,37,8
478,5,2025-09-24,Morning,988,60,8
479,5,2025-09-24,Afternoon,913,31,8
480,5,2025-09-24,Night,918,27,8
481,1,2025-09-25,Morning,909,11,8
482,1,2025-09-25,Afternoon,919,10,8
483,1,2025-09-25,Night,948,34,8
484,2,2025-09-25,Morning,909,52,8
485,2,2025-09-25,Afternoon,939,71,8
486,2,2025-09-25,Night,891,38,8
487,3,2025-09-25,Morning,755,59,8
488,3,2025-09-25,Afternoon,815,21,8
489,3,2025-09-25,Night,806,42,8
490,4,2025-09-25,Morning,999,45,8
491,4,2025-09-25,Afternoon,954,24,8
492,4,2025-09-25,Night,958,22,8
493,5,2025-09-25,Morning,904,12,8
494,5,2025-09-25,Afternoon,977,76,8
495,5,2025-09-25,Night,986,57,8
496,1,2025-09-26,Morning,927,19,8
497,1,2025-09-26,Afternoon,927,23,8
498,1,2025-09-26,Night,975,46,8
499,2,2025-09-26,Morning,961,15,8
500,2,2025-09-26,Afternoon,971,69,8
501,2,2025-09-26,Night,875,63,8
502,3,2025-09-26,Morning,784,60,8
503,3,2025-09-26,Afternoon,811,45,8
504,3,2025-09-26,Night,813,39,8
505,4,2025-09-26,Morning,972,35,8
506,4,2025-09-26,Afternoon,948,26,8
507,4,2025-09-26,Night,978,15,8
508,5,2025-09-26,Morning,1001,25,8
509,5,2025-09-26,Afternoon,909,63,8
510,5,2025-09-26,Night,938,41,8
511,1,2025-09-27,Morning,1051,71,8
512,1,2025-09-27,Afternoon,928,31,8
513,1,2025-09-27,Night,977,28,8
514,2,2025-09-27,Morning,973,69,8
515,2,2025-09-27,Afternoon,923,64,8
516,2,2025-09-27,Night,944,66,8
517,3,2025-09-27,Morning,832,48,8
518,3,2025-09-27,Afternoon,820,47,8
519,3,2025-09-27,Night,855,18,8
520,4,2025-09-27,Morning,1005,72,8
521,4,2025-09-27,Afternoon,973,32,8
522,4,2025-09-27,Night,985,61,8
523,5,2025-09-27,Morning,944,64,8
524,5,2025-09-27,Afternoon,914,41,8
525,5,2025-09-27,Night,937,50,8
526,1,2025-09-28,Morning,951,26,8
527,1,2025-09-28,Afternoon,975,62,8
528,1,2025-09-28,Night,1036,18,8
529,2,2025-09-28,Morning,909,70,8
530,2,2025-09-28,Afternoon,963,32,8
531,2,2025-09-28,Night,924,15,8
532,3,2025-09-28,Morning,807,61,8
533,3,2025-09-28,Afternoon,782,24,8
534,3,2025-09-28,Night,807,48,8
535,4,2025-09-28,Morning,985,33,8
536,4,2025-09-28,Afternoon,951,50,8
537,4,2025-09-28,Night,957,60,8
538,5,2025-09-28,Morning,945,11,8
539,5,2025-09-28,Afternoon,992,57,8
540,5,2025-09-28,Night,927,38,8
541,1,2025-09-29,Morning,892,19,8
542,1,2025-09-29,Afternoon,862,56,8
543,1,2025-09-29,Night,909,14,8
544,2,2025-09-29,Morning,928,53,8
545,2,2025-09-29,Afternoon,848,64,8
546,2,2025-09-29,Night,934,19,8
547,3,2025-09-29,Morning,826,32,8
548,3,2025-09-29,Afternoon,796,43,8
549,3,2025-09-29,Night,738,58,8
550,4,2025-09-29,Morning,952,36,8
551,4,2025-09-29,Afternoon,970,24,8
552,4,2025-09-29,Night,994,12,8
553,5,2025-09-29,Morning,879,61,8
554,5,2025-09-29,Afternoon,987,42,8
555,5,2025-09-29,Night,943,60,8
556,1,2025-09-30,Morning,968,66,8
557,1,2025-09-30,Afternoon,975,18,8
558,1,2025-09-30,Night,1003,12,8
559,2,2025-09-30,Morning,907,59,8
560,2,2025-09-30,Afternoon,928,40,8
561,2,2025-09-30,Night,872,20,8
562,3,2025-09-30,Morning,872,38,8
563,3,2025-09-30,Afternoon,805,23,8
564,3,2025-09-30,Night,772,50,8
565,4,2025-09-30,Morning,962,10,8
566,4,2025-09-30,Afternoon,904,13,8
567,4,2025-09-30,Night,961,49,8
568,5,2025-09-30,Morning,833,25,8
569,5,2025-09-30,Afternoon,961,62,8
570,5,2025-09-30,Night,947,12,8
571,1,2025-10-01,Morning,911,24,8
572,1,2025-10-01,Afternoon,948,74,8
573,1,2025-10-01,Night,949,50,8
574,2,2025-10-01,Morning,853,50,8
575,2,2025-10-01,Afternoon,891,29,8
576,2,2025-10-01,Night,901,41,8
577,3,2025-10-01,Morning,790,9,8
578,3,2025-10-01,Afternoon,772,11,8
579,3,2025-10-01,Night,759,37,8
580,4,2025-10-01,Morning,968,56,8
581,4,2025-10-01,Afternoon,957,20,8
582,4,2025-10-01,Night,1002,17,8
583,5,2025-10-01,Morning,985,12,8
584,5,2025-10-01,Afternoon,966,72,8
585,5,2025-10-01,Night,932,55,8
586,1,2025-10-02,Morning,924,65,8
587,1,2025-10-02,Afternoon,985,33,8
588,1,2025-10-02,Night,975,65,8
589,2,2025-10-02,Morning,952,39,8
590,2,2025-10-02,Afternoon,907,49,8
591,2,2025-10-02,Night,969,15,8
592,3,2025-10-02,Morning,807,11,8
593,3,2025-10-02,Afternoon,773,54,8
594,3,2025-10-02,Night,780,19,8
595,4,2025-10-02,Morning,1000,56,8
596,4,2025-10-02,Afternoon,957,42,8
597,4,2025-10-02,Night,1049,27,8
598,5,2025-10-02,Morning,947,75,8
599,5,2025-10-02,Afternoon,931,22,8
600,5,2025-10-02,Night,934,53,8
601,1,2025-10-03,Morning,939,66,8
602,1,2025-10-03,Afternoon,883,53,8
603,1,2025-10-03,Night,930,31,8
604,2,2025-10-03,Morning,962,34,8
605,2,2025-10-03,Afternoon,908,36,8
606,2,2025-10-03,Night,941,57,8
607,3,2025-10-03,Morning,843,61,8
608,3,2025-10-03,Afternoon,798,31,8
609,3,2025-10-03,Night,826,61,8
610,4,2025-10-03,Morning,916,22,8
611,4,2025-10-03,Afternoon,1039,63,8
612,4,2025-10-03,Night,1035,19,8
613,5,2025-10-03,Morning,949,21,8
614,5,2025-10-03,Afternoon,940,25,8
615,5,2025-10-03,Night,928,25,8
616,1,2025-10-04,Morning,996,70,8
617,1,2025-10-04,Afternoon,980,34,8
618,1,2025-10-04,Night,836,43,8
619,2,2025-10-04,Morning,885,68,8
620,2,2025-10-04,Afternoon,855,23,8
621,2,2025-10-04,Night,848,54,8
622,3,2025-10-04,Morning,846,16,8
623,3,2025-10-04,Afternoon,798,21,8
624,3,2025-10-04,Night,819,12,8
625,4,2025-10-04,Morning,983,33,8
626,4,2025-10-04,Afternoon,928,63,8
627,4,2025-10-04,Night,917,48,8
628,5,2025-10-04,Morning,912,54,8
629,5,2025-10-04,Afternoon,916,11,8
630,5,2025-10-04,Night,916,56,8
631,1,2025-10-05,Morning,937,64,8
632,1,2025-10-05,Afternoon,1033,68,8
633,1,2025-10-05,Night,991,24,8
634,2,2025-10-05,Morning,909,16,8
635,2,2025-10-05,Afternoon,897,42,8
636,2,2025-10-05,Night,898,67,8
637,3,2025-10-05,Morning,829,26,8
638,3,2025-10-05,Afternoon,796,36,8
639,3,2025-10-05,Night,836,34,8
640,4,2025-10-05,Morning,993,45,8
641,4,2025-10-05,Afternoon,1063,21,8
642,4,2025-10-05,Night,974,11,8
643,5,2025-10-05,Morning,974,23,8
644,5,2025-10-05,Afternoon,888,50,8
645,5,2025-10-05,Night,905,64,8
646,1,2025-10-06,Morning,1026,22,8
647,1,2025-10-06,Afternoon,984,74,8
648,1,2025-10-06,Night,969,56,8
649,2,2025-10-06,Morning,996,70,8
650,2,2025-10-06,Afternoon,897,44,8
651,2,2025-10-06,Night,944,23,8
652,3,2025-10-06,Morning,847,47,8
653,3,2025-10-06,Afternoon,865,15,8
654,3,2025-10-06,Night,754,42,8
655,4,2025-10-06,Morning,977,69,8
656,4,2025-10-06,Afternoon,993,64,8
657,4,2025-10-06,Night,1044,74,8
658,5,2025-10-06,Morning,948,36,8
659,5,2025-10-06,Afternoon,977,65,8
660,5,2025-10-06,Night,880,55,8
661,1,2025-10-07,Morning,938,63,8
662,1,2025-10-07,Afternoon,1005,18,8
663,1,2025-10-07,Night,943,30,8
664,2,2025-10-07,Morning,900,32,8
665,2,2025-10-07,Afternoon,963,35,8
666,2,2025-10-07,Night,866,35,8
667,3,2025-10-07,Morning,774,20,8
668,3,2025-10-07,Afternoon,747,11,8
669,3,2025-10-07,Night,865,46,8
670,4,2025-10-07,Morning,1020,43,8
671,4,2025-10-07,Afternoon,1019,47,8
672,4,2025-10-07,Night,967,42,8
673,5,2025-10-07,Morning,874,44,8
674,5,2025-10-07,Afternoon,864,40,8
675,5,2025-10-07,Night,985,65,8
676,1,2025-10-08,Morning,972,58,8
677,1,2025-10-08,Afternoon,980,26,8
678,1,2025-10-08,Night,961,71,8
679,2,2025-10-08,Morning,869,38,8
680,2,2025-10-08,Afternoon,888,24,8
681,2,2025-10-08,Night,860,56,8
682,3,2025-10-08,Morning,755,36,8
683,3,2025-10-08,Afternoon,836,50,8
684,3,2025-10-08,Night,737,21,8
685,4,2025-10-08,Morning,940,21,8
686,4,2025-10-08,Afternoon,971,56,8
687,4,2025-10-08,Night,984,58,8
688,5,2025-10-08,Morning,876,15,8
689,5,2025-10-08,Afternoon,866,67,8
690,5,2025-10-08,Night,947,41,8
691,1,2025-10-09,Morning,958,12,8
692,1,2025-10-09,Afternoon,1004,54,8
693,1,2025-10-09,Night,954,64,8
694,2,2025-10-09,Morning,921,66,8
695,2,2025-10-09,Afternoon,871,45,8
696,2,2025-10-09,Night,873,33,8
697,3,2025-10-09,Morning,750,48,8
698,3,2025-10-09,Afternoon,772,22,8
699,3,2025-10-09,Night,788,44,8
700,4,2025-10-09,Morning,1029,17,8
701,4,2025-10-09,Afternoon,946,48,8
702,4,2025-10-09,Night,1065,23,8
703,5,2025-10-09,Morning,955,24,8
704,5,2025-10-09,Afternoon,946,15,8
705,5,2025-10-09,Night,931,48,8
706,1,2025-10-10,Morning,944,45,8
707,1,2025-10-10,Afternoon,927,47,8
708,1,2025-10-10,Night,895,40,8
709,2,2025-10-10,Morning,867,34,8
710,2,2025-10-10,Afternoon,965,58,8
711,2,2025-10-10,Night,922,26,8
712,3,2025-10-10,Morning,865,13,8
713,3,2025-10-10,Afternoon,776,20,8
714,3,2025-10-10,Night,759,26,8
715,4,2025-10-10,Morning,981,14,8
716,4,2025-10-10,Afternoon,949,62,8
717,4,2025-10-10,Night,989,70,8
718,5,2025-10-10,Morning,867,48,8
719,5,2025-10-10,Afternoon,850,28,8
720,5,2025-10-10,Night,944,53,8
721,1,2025-10-11,Morning,1016,43,8
722,1,2025-10-11,Afternoon,966,13,8
723,1,2025-10-11,Night,972,21,8
724,2,2025-10-11,Morning,903,52,8
725,2,2025-10-11,Afternoon,906,15,8
726,2,2025-10-11,Night,843,35,8
727,3,2025-10-11,Morning,770,43,8
728,3,2025-10-11,Afternoon,849,55,8
729,3,2025-10-11,Night,756,60,8
730,4,2025-10-11,Morning,967,72,8
731,4,2025-10-11,Afternoon,1028,47,8
732,4,2025-10-11,Night,985,52,8
733,5,2025-10-11,Morning,937,17,8
734,5,2025-10-11,Afternoon,917,62,8
735,5,2025-10-11,Night,958,12,8
736,1,2025-10-12,Morning,988,30,8
737,1,2025-10-12,Afternoon,918,14,8
738,1,2025-10-12,Night,896,67,8
739,2,2025-10-12,Morning,826,31,8
740,2,2025-10-12,Afternoon,920,37,8
741,2,2025-10-12,Night,915,68,8
742,3,2025-10-12,Morning,899,40,8
743,3,2025-10-12,Afternoon,803,29,8
744,3,2025-10-12,Night,796,56,8
745,4,2025-10-12,Morning,990,64,8
746,4,2025-10-12,Afternoon,992,31,8
747,4,2025-10-12,Night,973,21,8
748,5,2025-10-12,Morning,899,52,8
749,5,2025-10-12,Afternoon,931,51,8
750,5,2025-10-12,Night,929,62,8
751,1,2025-10-13,Morning,948,49,8
752,1,2025-10-13,Afternoon,982,62,8
753,1,2025-10-13,Night,950,36,8
754,2,2025-10-13,Morning,847,17,8
755,2,2025-10-13,Afternoon,875,10,8
756,2,2025-10-13,Night,892,17,8
757,3,2025-10-13,Morning,802,62,8
758,3,2025-10-13,Afternoon,821,33,8
759,3,2025-10-13,Night,802,32,8
760,4,2025-10-13,Morning,900,15,8
761,4,2025-10-13,Afternoon,931,49,8
762,4,2025-10-13,Night,1003,55,8
763,5,2025-10-13,Morning,921,12,8
764,5,2025-10-13,Afternoon,989,78,8
765,5,2025-10-13,Night,935,73,8
766,1,2025-10-14,Morning,936,25,8
767,1,2025-10-14,Afternoon,925,54,8
768,1,2025-10-14,Night,937,13,8
769,2,2025-10-14,Morning,906,60,8
770,2,2025-10-14,Afternoon,900,47,8
771,2,2025-10-14,Night,937,43,8
772,3,2025-10-14,Morning,740,29,8
773,3,2025-10-14,Afternoon,745,26,8
774,3,2025-10-14,Night,791,30,8
775,4,2025-10-14,Morning,1001,63,8
776,4,2025-10-14,Afternoon,1010,10,8
777,4,2025-10-14,Night,956,10,8
778,5,2025-10-14,Morning,826,23,8
779,5,2025-10-14,Afternoon,908,43,8
780,5,2025-10-14,Night,945,23,8
781,1,2025-10-15,Morning,949,16,8
782,1,2025-10-15,Afternoon,973,47,8
783,1,2025-10-15,Night,997,16,8
784,2,2025-10-15,Morning,893,39,8
785,2,2025-10-15,Afternoon,882,54,8
786,2,2025-10-15,Night,864,37,8
787,3,2025-10-15,Morning,745,31,8
788,3,2025-10-15,Afternoon,735,47,8
789,3,2025-10-15,Night,773,44,8
790,4,2025-10-15,Morning,1021,41,8
791,4,2025-10-15,Afternoon,1007,12,8
792,4,2025-10-15,Night,960,70,8
793,5,2025-10-15,Morning,1016,57,8
794,5,2025-10-15,Afternoon,905,65,8
795,5,2025-10-15,Night,982,14,8
796,1,2025-10-16,Morning,1012,46,8
797,1,2025-10-16,Afternoon,968,44,8
798,1,2025-10-16,Night,922,53,8
799,2,2025-10-16,Morning,885,13,8
800,2,2025-10-16,Afternoon,907,9,8
801,2,2025-10-16,Night,846,29,8
802,3,2025-10-16,Morning,761,48,8
803,3,2025-10-16,Afternoon,758,16,8
804,3,2025-10-16,Night,821,13,8
805,4,2025-10-16,Morning,1027,29,8
806,4,2025-10-16,Afternoon,1008,11,8
807,4,2025-10-16,Night,1019,54,8
808,5,2025-10-16,Morning,899,33,8
809,5,2025-10-16,Afternoon,917,48,8
810,5,2025-10-16,Night,919,59,8
811,1,2025-10-17,Morning,968,12,8
812,1,2025-10-17,Afternoon,1036,80,8
813,1,2025-10-17,Night,924,72,8
814,2,2025-10-17,Morning,937,48,8
815,2,2025-10-17,Afternoon,961,64,8
816,2,2025-10-17,Night,920,51,8
817,3,2025-10-17,Morning,785,58,8
818,3,2025-10-17,Afternoon,766,19,8
819,3,2025-10-17,Night,758,30,8
820,4,2025-10-17,Morning,901,47,8
821,4,2025-10-17,Afternoon,971,69,8
822,4,2025-10-17,Night,968,53,8
823,5,2025-10-17,Morning,964,67,8
824,5,2025-10-17,Afternoon,906,62,8
825,5,2025-10-17,Night,923,58,8
826,1,2025-10-18,Morning,961,40,8
827,1,2025-10-18,Afternoon,969,62,8
828,1,2025-10-18,Night,979,54,8
829,2,2025-10-18,Morning,907,71,8
830,2,2025-10-18,Afternoon,848,64,8
831,2,2025-10-18,Night,915,61,8
832,3,2025-10-18,Morning,773,19,8
833,3,2025-10-18,Afternoon,849,52,8
834,3,2025-10-18,Night,800,38,8
835,4,2025-10-18,Morning,989,30,8
836,4,2025-10-18,Afternoon,1084,53,8
837,4,2025-10-18,Night,1010,55,8
838,5,2025-10-18,Morning,945,59,8
839,5,2025-10-18,Afternoon,924,9,8
840,5,2025-10-18,Night,881,24,8
841,1,2025-10-19,Morning,941,62,8
842,1,2025-10-19,Afternoon,915,22,8
843,1,2025-10-19,Night,1016,53,8
844,2,2025-10-19,Morning,915,21,8
845,2,2025-10-19,Afternoon,947,46,8
846,2,2025-10-19,Night,875,9,8
847,3,2025-10-19,Morning,768,59,8
848,3,2025-10-19,Afternoon,825,29,8
849,3,2025-10-19,Night,764,23,8
850,4,2025-10-19,Morning,962,68,8
851,4,2025-10-19,Afternoon,1049,75,8
852,4,2025-10-19,Night,964,49,8
853,5,2025-10-19,Morning,873,51,8
854,5,2025-10-19,Afternoon,859,8,8
855,5,2025-10-19,Night,868,56,8
856,1,2025-10-20,Morning,1000,16,8
857,1,2025-10-20,Afternoon,927,50,8
858,1,2025-10-20,Night,1052,15,8
859,2,2025-10-20,Morning,961,47,8
860,2,2025-10-20,Afternoon,980,51,8
861,2,2025-10-20,Night,940,27,8
862,3,2025-10-20,Morning,823,55,8
863,3,2025-10-20,Afternoon,767,10,8
864,3,2025-10-20,Night,799,26,8
865,4,2025-10-20,Morning,1007,65,8
866,4,2025-10-20,Afternoon,1018,47,8
867,4,2025-10-20,Night,934,30,8
868,5,2025-10-20,Morning,922,37,8
869,5,2025-10-20,Afternoon,926,48,8
870,5,2025-10-20,Night,925,56,8
871,1,2025-10-21,Morning,909,49,8
872,1,2025-10-21,Afternoon,1024,66,8
873,1,2025-10-21,Night,940,64,8
874,2,2025-10-21,Morning,861,31,8
875,2,2025-10-21,Afternoon,975,22,8
876,2,2025-10-21,Night,961,33,8
877,3,2025-10-21,Morning,805,24,8
878,3,2025-10-21,Afternoon,729,55,8
879,3,2025-10-21,Night,781,55,8
880,4,2025-10-21,Morning,916,63,8
881,4,2025-10-21,Afternoon,1000,42,8
882,4,2025-10-21,Night,958,41,8
883,5,2025-10-21,Morning,928,37,8
884,5,2025-10-21,Afternoon,1000,61,8
885,5,2025-10-21,Night,905,47,8
886,1,2025-10-22,Morning,968,18,8
887,1,2025-10-22,Afternoon,980,75,8
888,1,2025-10-22,Night,999,14,8
889,2,2025-10-22,Morning,895,25,8
890,2,2025-10-22,Afternoon,891,24,8
891,2,2025-10-22,Night,890,25,8
892,3,2025-10-22,Morning,814,51,8
893,3,2025-10-22,Afternoon,859,12,8
894,3,2025-10-22,Night,789,34,8
895,4,2025-10-22,Morning,883,30,8
896,4,2025-10-22,Afternoon,1015,74,8
897,4,2025-10-22,Night,982,74,8
898,5,2025-10-22,Morning,950,12,8
899,5,2025-10-22,Afternoon,867,53,8
900,5,2025-10-22,Night,908,71,8
901,1,2025-10-23,Morning,981,23,8
902,1,2025-10-23,Afternoon,899,44,8
903,1,2025-10-23,Night,968,50,8
904,2,2025-10-23,Morning,898,30,8
905,2,2025-10-23,Afternoon,870,60,8
906,2,2025-10-23,Night,867,42,8
907,3,2025-10-23,Morning,759,53,8
908,3,2025-10-23,Afternoon,802,48,8
909,3,2025-10-23,Night,807,38,8
910,4,2025-10-23,Morning,965,15,8
911,4,2025-10-23,Afternoon,937,20,8
912,4,2025-10-23,Night,863,65,8
913,5,2025-10-23,Morning,947,40,8
914,5,2025-10-23,Afternoon,966,37,8
915,5,2025-10-23,Night,954,13,8
916,1,2025-10-24,Morning,1032,47,8
917,1,2025-10-24,Afternoon,942,12,8
918,1,2025-10-24,Night,1004,65,8
919,2,2025-10-24,Morning,874,18,8
920,2,2025-10-24,Afternoon,868,28,8
921,2,2025-10-24,Night,904,22,8
922,3,2025-10-24,Morning,864,61,8
923,3,2025-10-24,Afternoon,788,62,8
924,3,2025-10-24,Night,737,47,8
925,4,2025-10-24,Morning,1015,48,8
926,4,2025-10-24,Afternoon,976,43,8
927,4,2025-10-24,Night,991,66,8
928,5,2025-10-24,Morning,899,32,8
929,5,2025-10-24,Afternoon,934,28,8
930,5,2025-10-24,Night,872,57,8
931,1,2025-10-25,Morning,1024,67,8
932,1,2025-10-25,Afternoon,993,37,8
933,1,2025-10-25,Night,952,20,8
934,2,2025-10-25,Morning,934,54,8
935,2,2025-10-25,Afternoon,874,61,8
936,2,2025-10-25,Night,941,69,8
937,3,2025-10-25,Morning,786,17,8
938,3,2025-10-25,Afternoon,783,56,8
939,3,2025-10-25,Night,761,31,8
940,4,2025-10-25,Morning,996,52,8
941,4,2025-10-25,Afternoon,980,76,8
942,4,2025-10-25,Night,1036,40,8
943,5,2025-10-25,Morning,887,63,8
944,5,2025-10-25,Afternoon,947,37,8
945,5,2025-10-25,Night,977,58,8
946,1,2025-10-26,Morning,1053,76,8
947,1,2025-10-26,Afternoon,957,22,8
948,1,2025-10-26,Night,935,65,8
949,2,2025-10-26,Morning,906,54,8
950,2,2025-10-26,Afternoon,952,30,8
951,2,2025-10-26,Night,952,40,8
952,3,2025-10-26,Morning,795,27,8
953,3,2025-10-26,Afternoon,851,28,8
954,3,2025-10-26,Night,799,17,8
955,4,2025-10-26,Morning,1013,17,8
956,4,2025-10-26,Afternoon,1001,26,8
957,4,2025-10-26,Night,964,40,8
958,5,2025-10-26,Morning,893,55,8
959,5,2025-10-26,Afternoon,978,33,8
960,5,2025-10-26,Night,990,68,8
961,1,2025-10-27,Morning,966,52,8
962,1,2025-10-27,Afternoon,949,17,8
963,1,2025-10-27,Night,902,52,8
964,2,2025-10-27,Morning,947,14,8
965,2,2025-10-27,Afternoon,911,23,8
966,2,2025-10-27,Night,889,60,8
967,3,2025-10-27,Morning,834,48,8
968,3,2025-10-27,Afternoon,746,34,8
969,3,2025-10-27,Night,759,9,8
970,4,2025-10-27,Morning,952,29,8
971,4,2025-10-27,Afternoon,1000,70,8
972,4,2025-10-27,Night,987,62,8
973,5,2025-10-27,Morning,955,26,8
974,5,2025-10-27,Afternoon,974,71,8
975,5,2025-10-27,Night,956,16,8
976,1,2025-10-28,Morning,1025,42,8
977,1,2025-10-28,Afternoon,994,47,8
978,1,2025-10-28,Night,945,34,8
979,2,2025-10-28,Morning,878,54,8
980,2,2025-10-28,Afternoon,896,66,8
981,2,2025-10-28,Night,928,28,8
982,3,2025-10-28,Morning,782,57,8
983,3,2025-10-28,Afternoon,829,9,8
984,3,2025-10-28,Night,824,63,8
985,4,2025-10-28,Morning,942,64,8
986,4,2025-10-28,Afternoon,1023,30,8
987,4,2025-10-28,Night,994,16,8
988,5,2025-10-28,Morning,1003,27,8
989,5,2025-10-28,Afternoon,929,28,8
990,5,2025-10-28,Night,917,47,8
991,1,2025-10-29,Morning,907,56,8
992,1,2025-10-29,Afternoon,907,12,8
993,1,2025-10-29,Night,988,71,8
994,2,2025-10-29,Morning,968,22,8
995,2,2025-10-29,Afternoon,895,58,8
996,2,2025-10-29,Night,893,11,8
997,3,2025-10-29,Morning,802,11,8
998,3,2025-10-29,Afternoon,846,57,8
999,3,2025-10-29,Night,762,12,8
1000,4,2025-10-29,Morning,989,72,8
1001,4,2025-10-29,Afternoon,1019,72,8
1002,4,2025-10-29,Night,1000,50,8
1003,5,2025-10-29,Morning,821,26,8
1004,5,2025-10-29,Afternoon,957,38,8
1005,5,2025-10-29,Night,950,68,8
1006,1,2025-10-30,Morning,1004,41,8
1007,1,2025-10-30,Afternoon,1014,52,8
1008,1,2025-10-30,Night,1002,59,8
1009,2,2025-10-30,Morning,903,15,8
1010,2,2025-10-30,Afternoon,835,30,8
1011,2,2025-10-30,Night,986,75,8
1012,3,2025-10-30,Morning,792,41,8
1013,3,2025-10-30,Afternoon,801,43,8
1014,3,2025-10-30,Night,867,12,8
1015,4,2025-10-30,Morning,950,40,8
1016,4,2025-10-30,Afternoon,927,12,8
1017,4,2025-10-30,Night,962,75,8
1018,5,2025-10-30,Morning,902,29,8
1019,5,2025-10-30,Afternoon,873,46,8
1020,5,2025-10-30,Night,926,27,8
1021,1,2025-10-31,Morning,953,9,8
1022,1,2025-10-31,Afternoon,891,9,8
1023,1,2025-10-31,Night,937,62,8
1024,2,2025-10-31,Morning,869,43,8
1025,2,2025-10-31,Afternoon,824,61,8
1026,2,2025-10-31,Night,904,34,8
1027,3,2025-10-31,Morning,808,14,8
1028,3,2025-10-31,Afternoon,769,26,8
1029,3,2025-10-31,Night,843,37,8
1030,4,2025-10-31,Morning,980,57,8
1031,4,2025-10-31,Afternoon,951,37,8
1032,4,2025-10-31,Night,919,35,8
1033,5,2025-10-31,Morning,940,49,8
1034,5,2025-10-31,Afternoon,950,30,8
1035,5,2025-10-31,Night,910,25,8
1036,1,2025-11-01,Morning,955,13,8
1037,1,2025-11-01,Afternoon,1014,18,8
1038,1,2025-11-01,Night,985,36,8
1039,2,2025-11-01,Morning,813,15,8
1040,2,2025-11-01,Afternoon,871,34,8
1041,2,2025-11-01,Night,894,13,8
1042,3,2025-11-01,Morning,803,27,8
1043,3,2025-11-01,Afternoon,806,46,8
1044,3,2025-11-01,Night,817,28,8
1045,4,2025-11-01,Morning,976,53,8
1046,4,2025-11-01,Afternoon,980,72,8
1047,4,2025-11-01,Night,1018,61,8
1048,5,2025-11-01,Morning,941,17,8
1049,5,2025-11-01,Afternoon,884,9,8
1050,5,2025-11-01,Night,934,36,8
1051,1,2025-11-02,Morning,944,47,8
1052,1,2025-11-02,Afternoon,874,11,8
1053,1,2025-11-02,Night,956,32,8
1054,2,2025-11-02,Morning,858,52,8
1055,2,2025-11-02,Afternoon,938,54,8
1056,2,2025-11-02,Night,917,36,8
1057,3,2025-11-02,Morning,752,23,8
1058,3,2025-11-02,Afternoon,836,54,8
1059,3,2025-11-02,Night,855,57,8
1060,4,2025-11-02,Morning,969,67,8
1061,4,2025-11-02,Afternoon,974,31,8
1062,4,2025-11-02,Night,1012,51,8
1063,5,2025-11-02,Morning,982,58,8
1064,5,2025-11-02,Afternoon,863,50,8
1065,5,2025-11-02,Night,886,35,8
1066,1,2025-11-03,Morning,933,18,8
1067,1,2025-11-03,Afternoon,937,19,8
1068,1,2025-11-03,Night,981,11,8
1069,2,2025-11-03,Morning,952,32,8
1070,2,2025-11-03,Afternoon,955,14,8
1071,2,2025-11-03,Night,832,47,8
1072,3,2025-11-03,Morning,767,40,8
1073,3,2025-11-03,Afternoon,750,59,8
1074,3,2025-11-03,Night,776,32,8
1075,4,2025-11-03,Morning,947,41,8
1076,4,2025-11-03,Afternoon,996,11,8
1077,4,2025-11-03,Night,1001,36,8
1078,5,2025-11-03,Morning,930,11,8
1079,5,2025-11-03,Afternoon,926,19,8
1080,5,2025-11-03,Night,915,10,8
1081,1,2025-11-04,Morning,939,28,8
1082,1,2025-11-04,Afternoon,1013,73,8
1083,1,2025-11-04,Night,977,51,8
1084,2,2025-11-04,Morning,886,60,8
1085,2,2025-11-04,Afternoon,895,33,8
1086,2,2025-11-04,Night,917,31,8
1087,3,2025-11-04,Morning,752,36,8
1088,3,2025-11-04,Afternoon,805,38,8
1089,3,2025-11-04,Night,825,33,8
1090,4,2025-11-04,Morning,1000,31,8
1091,4,2025-11-04,Afternoon,948,13,8
1092,4,2025-11-04,Night,955,32,8
1093,5,2025-11-04,Morning,850,43,8
1094,5,2025-11-04,Afternoon,959,18,8
1095,5,2025-11-04,Night,1012,44,8
1096,1,2025-11-05,Morning,913,34,8
1097,1,2025-11-05,Afternoon,994,53,8
1098,1,2025-11-05,Night,1028,24,8
1099,2,2025-11-05,Morning,881,38,8
1100,2,2025-11-05,Afternoon,895,42,8
1101,2,2025-11-05,Night,910,43,8
1102,3,2025-11-05,Morning,818,57,8
1103,3,2025-11-05,Afternoon,812,15,8
1104,3,2025-11-05,Night,784,51,8
1105,4,2025-11-05,Morning,1004,76,8
1106,4,2025-11-05,Afternoon,965,19,8
1107,4,2025-11-05,Night,995,43,8
1108,5,2025-11-05,Morning,928,65,8
1109,5,2025-11-05,Afternoon,859,25,8
1110,5,2025-11-05,Night,980,23,8
1111,1,2025-11-06,Morning,926,42,8
1112,1,2025-11-06,Afternoon,1004,44,8
1113,1,2025-11-06,Night,992,78,8
1114,2,2025-11-06,Morning,908,34,8
1115,2,2025-11-06,Afternoon,920,46,8
1116,2,2025-11-06,Night,925,71,8
1117,3,2025-11-06,Morning,792,55,8
1118,3,2025-11-06,Afternoon,793,32,8
1119,3,2025-11-06,Night,823,44,8
1120,4,2025-11-06,Morning,862,64,8
1121,4,2025-11-06,Afternoon,979,56,8
1122,4,2025-11-06,Night,964,58,8
1123,5,2025-11-06,Morning,899,27,8
1124,5,2025-11-06,Afternoon,946,33,8
1125,5,2025-11-06,Night,904,22,8
1126,1,2025-11-07,Morning,984,75,8
1127,1,2025-11-07,Afternoon,988,30,8
1128,1,2025-11-07,Night,970,10,8
1129,2,2025-11-07,Morning,929,57,8
1130,2,2025-11-07,Afternoon,920,18,8
1131,2,2025-11-07,Night,932,52,8
1132,3,2025-11-07,Morning,830,52,8
1133,3,2025-11-07,Afternoon,814,13,8
1134,3,2025-11-07,Night,842,37,8
1135,4,2025-11-07,Morning,973,37,8
1136,4,2025-11-07,Afternoon,950,13,8
1137,4,2025-11-07,Night,948,63,8
1138,5,2025-11-07,Morning,917,70,8
1139,5,2025-11-07,Afternoon,854,13,8
1140,5,2025-11-07,Night,938,42,8
1141,1,2025-11-08,Morning,976,13,8
1142,1,2025-11-08,Afternoon,987,14,8
1143,1,2025-11-08,Night,885,23,8
1144,2,2025-11-08,Morning,869,25,8
1145,2,2025-11-08,Afternoon,933,30,8
1146,2,2025-11-08,Night,892,38,8
1147,3,2025-11-08,Morning,825,64,8
1148,3,2025-11-08,Afternoon,750,39,8
1149,3,2025-11-08,Night,854,15,8
1150,4,2025-11-08,Morning,927,66,8
1151,4,2025-11-08,Afternoon,859,43,8
1152,4,2025-11-08,Night,987,53,8
1153,5,2025-11-08,Morning,938,25,8
1154,5,2025-11-08,Afternoon,910,54,8
1155,5,2025-11-08,Night,949,46,8
1156,1,2025-11-09,Morning,970,45,8
1157,1,2025-11-09,Afternoon,965,27,8
1158,1,2025-11-09,Night,929,41,8
1159,2,2025-11-09,Morning,872,47,8
1160,2,2025-11-09,Afternoon,883,12,8
1161,2,2025-11-09,Night,867,8,8
1162,3,2025-11-09,Morning,844,38,8
1163,3,2025-11-09,Afternoon,786,54,8
1164,3,2025-11-09,Night,806,8,8
1165,4,2025-11-09,Morning,1013,32,8
1166,4,2025-11-09,Afternoon,945,16,8
1167,4,2025-11-09,Night,926,63,8
1168,5,2025-11-09,Morning,897,28,8
1169,5,2025-11-09,Afternoon,940,37,8
1170,5,2025-11-09,Night,937,69,8
1171,1,2025-11-10,Morning,965,15,8
1172,1,2025-11-10,Afternoon,945,54,8
1173,1,2025-11-10,Night,852,46,8
1174,2,2025-11-10,Morning,894,52,8
1175,2,2025-11-10,Afternoon,938,72,8
1176,2,2025-11-10,Night,949,60,8
1177,3,2025-11-10,Morning,803,24,8
1178,3,2025-11-10,Afternoon,807,14,8
1179,3,2025-11-10,Night,824,11,8
1180,4,2025-11-10,Morning,1028,36,8
1181,4,2025-11-10,Afternoon,980,39,8
1182,4,2025-11-10,Night,1004,42,8
1183,5,2025-11-10,Morning,907,32,8
1184,5,2025-11-10,Afternoon,881,12,8
1185,5,2025-11-10,Night,911,61,8
1186,1,2025-11-11,Morning,1008,70,8
1187,1,2025-11-11,Afternoon,974,41,8
1188,1,2025-11-11,Night,904,64,8
1189,2,2025-11-11,Morning,926,48,8
1190,2,2025-11-11,Afternoon,857,26,8
1191,2,2025-11-11,Night,915,56,8
1192,3,2025-11-11,Morning,763,24,8
1193,3,2025-11-11,Afternoon,752,45,8
1194,3,2025-11-11,Night,865,20,8
1195,4,2025-11-11,Morning,966,34,8
1196,4,2025-11-11,Afternoon,1004,14,8
1197,4,2025-11-11,Night,981,28,8
1198,5,2025-11-11,Morning,889,60,8
1199,5,2025-11-11,Afternoon,920,40,8
1200,5,2025-11-11,Night,890,34,8
1201,1,2025-11-12,Morning,1046,11,8
1202,1,2025-11-12,Afternoon,981,41,8
1203,1,2025-11-12,Night,950,54,8
1204,2,2025-11-12,Morning,921,29,8
1205,2,2025-11-12,Afternoon,928,43,8
1206,2,2025-11-12,Night,928,72,8
1207,3,2025-11-12,Morning,826,15,8
1208,3,2025-11-12,Afternoon,823,23,8
1209,3,2025-11-12,Night,804,27,8
1210,4,2025-11-12,Morning,1041,37,8
1211,4,2025-11-12,Afternoon,986,68,8
1212,4,2025-11-12,Night,982,11,8
1213,5,2025-11-12,Morning,936,60,8
1214,5,2025-11-12,Afternoon,939,39,8
1215,5,2025-11-12,Night,865,12,8
1216,1,2025-11-13,Morning,916,23,8
1217,1,2025-11-13,Afternoon,945,58,8
1218,1,2025-11-13,Night,884,38,8
1219,2,2025-11-13,Morning,900,69,8
1220,2,2025-11-13,Afternoon,909,13,8
1221,2,2025-11-13,Night,849,20,8
1222,3,2025-11-13,Morning,775,15,8
1223,3,2025-11-13,Afternoon,851,42,8
1224,3,2025-11-13,Night,822,16,8
1225,4,2025-11-13,Morning,999,37,8
1226,4,2025-11-13,Afternoon,1025,58,8
1227,4,2025-11-13,Night,947,70,8
1228,5,2025-11-13,Morning,879,26,8
1229,5,2025-11-13,Afternoon,969,57,8
1230,5,2025-11-13,Night,926,13,8
1231,1,2025-11-14,Morning,916,17,8
1232,1,2025-11-14,Afternoon,1033,79,8
1233,1,2025-11-14,Night,885,39,8
1234,2,2025-11-14,Morning,907,52,8
1235,2,2025-11-14,Afternoon,892,59,8
1236,2,2025-11-14,Night,885,37,8
1237,3,2025-11-14,Morning,711,9,8
1238,3,2025-11-14,Afternoon,861,18,8
1239,3,2025-11-14,Night,743,10,8
1240,4,2025-11-14,Morning,969,66,8
1241,4,2025-11-14,Afternoon,962,74,8
1242,4,2025-11-14,Night,1003,23,8
1243,5,2025-11-14,Morning,866,35,8
1244,5,2025-11-14,Afternoon,948,48,8
1245,5,2025-11-14,Night,937,73,8
1246,1,2025-11-15,Morning,923,21,8
1247,1,2025-11-15,Afternoon,967,60,8
1248,1,2025-11-15,Night,950,20,8
1249,2,2025-11-15,Morning,972,26,8
1250,2,2025-11-15,Afternoon,892,48,8
1251,2,2025-11-15,Night,861,42,8
1252,3,2025-11-15,Morning,818,52,8
1253,3,2025-11-15,Afternoon,787,8,8
1254,3,2025-11-15,Night,799,27,8
1255,4,2025-11-15,Morning,929,30,8
1256,4,2025-11-15,Afternoon,1004,69,8
1257,4,2025-11-15,Night,961,38,8
1258,5,2025-11-15,Morning,940,11,8
1259,5,2025-11-15,Afternoon,1013,18,8
1260,5,2025-11-15,Night,920,27,8
1261,1,2025-11-16,Morning,979,77,8
1262,1,2025-11-16,Afternoon,942,12,8
1263,1,2025-11-16,Night,924,34,8
1264,2,2025-11-16,Morning,952,59,8
1265,2,2025-11-16,Afternoon,825,53,8
1266,2,2025-11-16,Night,940,25,8
1267,3,2025-11-16,Morning,721,40,8
1268,3,2025-11-16,Afternoon,835,22,8
1269,3,2025-11-16,Night,800,20,8
1270,4,2025-11-16,Morning,941,11,8
1271,4,2025-11-16,Afternoon,963,73,8
1272,4,2025-11-16,Night,1007,51,8
1273,5,2025-11-16,Morning,1009,46,8
1274,5,2025-11-16,Afternoon,867,54,8
1275,5,2025-11-16,Night,894,64,8
1276,1,2025-11-17,Morning,896,68,8
1277,1,2025-11-17,Afternoon,942,60,8
1278,1,2025-11-17,Night,986,42,8
1279,2,2025-11-17,Morning,841,43,8
1280,2,2025-11-17,Afternoon,899,20,8
1281,2,2025-11-17,Night,935,22,8
1282,3,2025-11-17,Morning,783,11,8
1283,3,2025-11-17,Afternoon,695,46,8
1284,3,2025-11-17,Night,807,55,8
1285,4,2025-11-17,Morning,1029,65,8
1286,4,2025-11-17,Afternoon,937,52,8
1287,4,2025-11-17,Night,908,36,8
1288,5,2025-11-17,Morning,942,11,8
1289,5,2025-11-17,Afternoon,943,9,8
1290,5,2025-11-17,Night,910,35,8
1291,1,2025-11-18,Morning,922,72,8
1292,1,2025-11-18,Afternoon,951,24,8
1293,1,2025-11-18,Night,906,23,8
1294,2,2025-11-18,Morning,856,8,8
1295,2,2025-11-18,Afternoon,927,57,8
1296,2,2025-11-18,Night,854,59,8
1297,3,2025-11-18,Morning,730,23,8
1298,3,2025-11-18,Afternoon,772,46,8
1299,3,2025-11-18,Night,781,28,8
1300,4,2025-11-18,Morning,998,72,8
1301,4,2025-11-18,Afternoon,956,49,8
1302,4,2025-11-18,Night,1036,58,8
1303,5,2025-11-18,Morning,933,55,8
1304,5,2025-11-18,Afternoon,897,19,8
1305,5,2025-11-18,Night,946,72,8
1306,1,2025-11-19,Morning,1006,13,8
1307,1,2025-11-19,Afternoon,976,30,8
1308,1,2025-11-19,Night,889,53,8
1309,2,2025-11-19,Morning,884,40,8
1310,2,2025-11-19,Afternoon,910,41,8
1311,2,2025-11-19,Night,924,62,8
1312,3,2025-11-19,Morning,792,46,8
1313,3,2025-11-19,Afternoon,787,58,8
1314,3,2025-11-19,Night,871,51,8
1315,4,2025-11-19,Morning,1006,29,8
1316,4,2025-11-19,Afternoon,996,66,8
1317,4,2025-11-19,Night,957,32,8
1318,5,2025-11-19,Morning,885,69,8
1319,5,2025-11-19,Afternoon,947,57,8
1320,5,2025-11-19,Night,961,47,8
1321,1,2025-11-20,Morning,949,34,8
1322,1,2025-11-20,Afternoon,976,20,8
1323,1,2025-11-20,Night,977,36,8
1324,2,2025-11-20,Morning,933,10,8
1325,2,2025-11-20,Afternoon,839,49,8
1326,2,2025-11-20,Night,885,59,8
1327,3,2025-11-20,Morning,820,11,8
1328,3,2025-11-20,Afternoon,801,36,8
1329,3,2025-11-20,Night,827,18,8
1330,4,2025-11-20,Morning,996,65,8
1331,4,2025-11-20,Afternoon,893,17,8
1332,4,2025-11-20,Night,1023,72,8
1333,5,2025-11-20,Morning,910,27,8
1334,5,2025-11-20,Afternoon,895,63,8
1335,5,2025-11-20,Night,972,26,8
1336,1,2025-11-21,Morning,974,52,8
1337,1,2025-11-21,Afternoon,998,73,8
1338,1,2025-11-21,Night,960,10,8
1339,2,2025-11-21,Morning,885,42,8
1340,2,2025-11-21,Afternoon,905,27,8
1341,2,2025-11-21,Night,858,45,8
1342,3,2025-11-21,Morning,745,24,8
1343,3,2025-11-21,Afternoon,774,11,8
1344,3,2025-11-21,Night,861,55,8
1345,4,2025-11-21,Morning,958,55,8
1346,4,2025-11-21,Afternoon,911,30,8
1347,4,2025-11-21,Night,973,74,8
1348,5,2025-11-21,Morning,908,49,8
1349,5,2025-11-21,Afternoon,974,23,8
1350,5,2025-11-21,Night,987,38,8
1351,1,2025-11-22,Morning,933,27,8
1352,1,2025-11-22,Afternoon,960,28,8
1353,1,2025-11-22,Night,963,14,8
1354,2,2025-11-22,Morning,898,41,8
1355,2,2025-11-22,Afternoon,890,54,8
1356,2,2025-11-22,Night,863,51,8
1357,3,2025-11-22,Morning,726,27,8
1358,3,2025-11-22,Afternoon,762,21,8
1359,3,2025-11-22,Night,796,22,8
1360,4,2025-11-22,Morning,922,27,8
1361,4,2025-11-22,Afternoon,988,51,8
1362,4,2025-11-22,Night,982,15,8
1363,5,2025-11-22,Morning,908,47,8
1364,5,2025-11-22,Afternoon,919,49,8
1365,5,2025-11-22,Night,878,9,8
1366,1,2025-11-23,Morning,983,76,8
1367,1,2025-11-23,Afternoon,982,58,8
1368,1,2025-11-23,Night,904,47,8
1369,2,2025-11-23,Morning,855,44,8
1370,2,2025-11-23,Afternoon,863,60,8
1371,2,2025-11-23,Night,922,22,8
1372,3,2025-11-23,Morning,813,41,8
1373,3,2025-11-23,Afternoon,841,32,8
1374,3,2025-11-23,Night,846,9,8
1375,4,2025-11-23,Morning,918,38,8
1376,4,2025-11-23,Afternoon,1000,77,8
1377,4,2025-11-23,Night,1024,23,8
1378,5,2025-11-23,Morning,916,52,8
1379,5,2025-11-23,Afternoon,929,15,8
1380,5,2025-11-23,Night,923,57,8
1381,1,2025-11-24,Morning,944,26,8
1382,1,2025-11-24,Afternoon,983,39,8
1383,1,2025-11-24,Night,1019,55,8
1384,2,2025-11-24,Morning,955,25,8
1385,2,2025-11-24,Afternoon,879,21,8
1386,2,2025-11-24,Night,910,64,8
1387,3,2025-11-24,Morning,768,22,8
1388,3,2025-11-24,Afternoon,772,21,8
1389,3,2025-11-24,Night,797,48,8
1390,4,2025-11-24,Morning,951,49,8
1391,4,2025-11-24,Afternoon,956,73,8
1392,4,2025-11-24,Night,989,67,8
1393,5,2025-11-24,Morning,949,71,8
1394,5,2025-11-24,Afternoon,948,45,8
1395,5,2025-11-24,Night,949,58,8
1396,1,2025-11-25,Morning,900,55,8
1397,1,2025-11-25,Afternoon,919,33,8
1398,1,2025-11-25,Night,951,70,8
1399,2,2025-11-25,Morning,942,27,8
1400,2,2025-11-25,Afternoon,994,35,8
1401,2,2025-11-25,Night,912,59,8
1402,3,2025-11-25,Morning,828,34,8
1403,3,2025-11-25,Afternoon,746,44,8
1404,3,2025-11-25,Night,827,33,8
1405,4,2025-11-25,Morning,1059,79,8
1406,4,2025-11-25,Afternoon,949,13,8
1407,4,2025-11-25,Night,958,39,8
1408,5,2025-11-25,Morning,964,11,8
1409,5,2025-11-25,Afternoon,931,12,8
1410,5,2025-11-25,Night,853,37,8
1411,1,2025-11-26,Morning,930,51,8
1412,1,2025-11-26,Afternoon,1007,28,8
1413,1,2025-11-26,Night,938,14,8
1414,2,2025-11-26,Morning,888,20,8
1415,2,2025-11-26,Afternoon,931,62,8
1416,2,2025-11-26,Night,913,52,8
1417,3,2025-11-26,Morning,786,24,8
1418,3,2025-11-26,Afternoon,775,21,8
1419,3,2025-11-26,Night,917,32,8
1420,4,2025-11-26,Morning,1029,35,8
1421,4,2025-11-26,Afternoon,999,31,8
1422,4,2025-11-26,Night,1001,74,8
1423,5,2025-11-26,Morning,924,32,8
1424,5,2025-11-26,Afternoon,943,42,8
1425,5,2025-11-26,Night,920,44,8
1426,1,2025-11-27,Morning,915,41,8
1427,1,2025-11-27,Afternoon,964,55,8
1428,1,2025-11-27,Night,937,64,8
1429,2,2025-11-27,Morning,916,37,8
1430,2,2025-11-27,Afternoon,924,48,8
1431,2,2025-11-27,Night,918,20,8
1432,3,2025-11-27,Morning,762,44,8
1433,3,2025-11-27,Afternoon,783,16,8
1434,3,2025-11-27,Night,788,7,8
1435,4,2025-11-27,Morning,1019,46,8
1436,4,2025-11-27,Afternoon,1016,21,8
1437,4,2025-11-27,Night,951,16,8
1438,5,2025-11-27,Morning,879,22,8
1439,5,2025-11-27,Afternoon,1027,27,8
1440,5,2025-11-27,Night,947,13,8
1441,1,2025-11-28,Morning,894,22,8
1442,1,2025-11-28,Afternoon,927,71,8
1443,1,2025-11-28,Night,990,38,8
1444,2,2025-11-28,Morning,983,39,8
1445,2,2025-11-28,Afternoon,974,57,8
1446,2,2025-11-28,Night,915,20,8
1447,3,2025-11-28,Morning,694,49,8
1448,3,2025-11-28,Afternoon,800,43,8
1449,3,2025-11-28,Night,759,39,8
1450,4,2025-11-28,Morning,983,17,8
1451,4,2025-11-28,Afternoon,944,55,8
1452,4,2025-11-28,Night,963,23,8
1453,5,2025-11-28,Morning,964,23,8
1454,5,2025-11-28,Afternoon,920,41,8
1455,5,2025-11-28,Night,918,60,8
1456,1,2025-11-29,Morning,947,14,8
1457,1,2025-11-29,Afternoon,1054,56,8
1458,1,2025-11-29,Night,905,52,8
1459,2,2025-11-29,Morning,911,62,8
1460,2,2025-11-29,Afternoon,970,65,8
1461,2,2025-11-29,Night,897,29,8
1462,3,2025-11-29,Morning,848,55,8
1463,3,2025-11-29,Afternoon,747,52,8
1464,3,2025-11-29,Night,791,56,8
1465,4,2025-11-29,Morning,947,35,8
1466,4,2025-11-29,Afternoon,977,64,8
1467,4,2025-11-29,Night,978,14,8
1468,5,2025-11-29,Morning,932,66,8
1469,5,2025-11-29,Afternoon,963,74,8
1470,5,2025-11-29,Night,840,12,8
1471,1,2025-11-30,Morning,925,33,8
1472,1,2025-11-30,Afternoon,958,63,8
1473,1,2025-11-30,Night,874,22,8
1474,2,2025-11-30,Morning,924,31,8
1475,2,2025-11-30,Afternoon,875,31,8
1476,2,2025-11-30,Night,892,37,8
1477,3,2025-11-30,Morning,835,49,8
1478,3,2025-11-30,Afternoon,850,8,8
1479,3,2025-11-30,Night,826,36,8
1480,4,2025-11-30,Morning,934,9,8
1481,4,2025-11-30,Afternoon,1003,48,8
1482,4,2025-11-30,Night,1006,14,8
1483,5,2025-11-30,Morning,948,61,8
1484,5,2025-11-30,Afternoon,988,61,8
1485,5,2025-11-30,Night,933,18,8
1486,1,2025-12-01,Morning,1006,57,8
1487,1,2025-12-01,Afternoon,1006,22,8
1488,1,2025-12-01,Night,977,23,8
1489,2,2025-12-01,Morning,911,67,8
1490,2,2025-12-01,Afternoon,918,57,8
1491,2,2025-12-01,Night,967,69,8
1492,3,2025-12-01,Morning,842,42,8
1493,3,2025-12-01,Afternoon,758,32,8
1494,3,2025-12-01,Night,815,49,8
1495,4,2025-12-01,Morning,946,30,8
1496,4,2025-12-01,Afternoon,953,25,8
1497,4,2025-12-01,Night,965,70,8
1498,5,2025-12-01,Morning,873,39,8
1499,5,2025-12-01,Afternoon,893,60,8
1500,5,2025-12-01,Night,990,55,8
1501,1,2025-12-02,Morning,923,53,8
1502,1,2025-12-02,Afternoon,984,28,8
1503,1,2025-12-02,Night,956,31,8
1504,2,2025-12-02,Morning,922,26,8
1505,2,2025-12-02,Afternoon,923,23,8
1506,2,2025-12-02,Night,862,44,8
1507,3,2025-12-02,Morning,833,55,8
1508,3,2025-12-02,Afternoon,750,48,8
1509,3,2025-12-02,Night,772,12,8
1510,4,2025-12-02,Morning,1003,59,8
1511,4,2025-12-02,Afternoon,939,11,8
1512,4,2025-12-02,Night,901,25,8
1513,5,2025-12-02,Morning,943,12,8
1514,5,2025-12-02,Afternoon,867,49,8
1515,5,2025-12-02,Night,957,69,8
1516,1,2025-12-03,Morning,937,30,8
1517,1,2025-12-03,Afternoon,963,26,8
1518,1,2025-12-03,Night,962,48,8
1519,2,2025-12-03,Morning,930,65,8
1520,2,2025-12-03,Afternoon,924,73,8
1521,2,2025-12-03,Night,859,9,8
1522,3,2025-12-03,Morning,790,27,8
1523,3,2025-12-03,Afternoon,813,25,8
1524,3,2025-12-03,Night,857,47,8
1525,4,2025-12-03,Morning,1004,63,8
1526,4,2025-12-03,Afternoon,1033,13,8
1527,4,2025-12-03,Night,995,49,8
1528,5,2025-12-03,Morning,973,52,8
1529,5,2025-12-03,Afternoon,939,47,8
1530,5,2025-12-03,Night,971,77,8
1531,1,2025-12-04,Morning,935,55,8
1532,1,2025-12-04,Afternoon,1012,37,8
1533,1,2025-12-04,Night,969,72,8
1534,2,2025-12-04,Morning,844,63,8
1535,2,2025-12-04,Afternoon,914,22,8
1536,2,2025-12-04,Night,815,64,8
1537,3,2025-12-04,Morning,825,42,8
1538,3,2025-12-04,Afternoon,835,11,8
1539,3,2025-12-04,Night,878,50,8
1540,4,2025-12-04,Morning,959,34,8
1541,4,2025-12-04,Afternoon,1058,62,8
1542,4,2025-12-04,Night,980,54,8
1543,5,2025-12-04,Morning,900,49,8
1544,5,2025-12-04,Afternoon,910,47,8
1545,5,2025-12-04,Night,952,39,8
1546,1,2025-12-05,Morning,914,51,8
1547,1,2025-12-05,Afternoon,936,10,8
1548,1,2025-12-05,Night,963,62,8
1549,2,2025-12-05,Morning,962,66,8
1550,2,2025-12-05,Afternoon,934,61,8
1551,2,2025-12-05,Night,901,39,8
1552,3,2025-12-05,Morning,822,31,8
1553,3,2025-12-05,Afternoon,809,23,8
1554,3,2025-12-05,Night,753,56,8
1555,4,2025-12-05,Morning,1050,36,8
1556,4,2025-12-05,Afternoon,1042,14,8
1557,4,2025-12-05,Night,977,15,8
1558,5,2025-12-05,Morning,911,47,8
1559,5,2025-12-05,Afternoon,884,62,8
1560,5,2025-12-05,Night,954,68,8
1561,1,2025-12-06,Morning,975,29,8
1562,1,2025-12-06,Afternoon,917,60,8
1563,1,2025-12-06,Night,960,75,8
1564,2,2025-12-06,Morning,932,39,8
1565,2,2025-12-06,Afternoon,879,68,8
1566,2,2025-12-06,Night,892,59,8
1567,3,2025-12-06,Morning,791,11,8
1568,3,2025-12-06,Afternoon,770,19,8
1569,3,2025-12-06,Night,792,22,8
1570,4,2025-12-06,Morning,918,15,8
1571,4,2025-12-06,Afternoon,969,75,8
1572,4,2025-12-06,Night,970,61,8
1573,5,2025-12-06,Morning,927,27,8
1574,5,2025-12-06,Afternoon,949,62,8
1575,5,2025-12-06,Night,881,23,8
1576,1,2025-12-07,Morning,908,17,8
1577,1,2025-12-07,Afternoon,919,52,8
1578,1,2025-12-07,Night,898,12,8
1579,2,2025-12-07,Morning,923,18,8
1580,2,2025-12-07,Afternoon,877,29,8
1581,2,2025-12-07,Night,898,27,8
1582,3,2025-12-07,Morning,766,37,8
1583,3,2025-12-07,Afternoon,785,39,8
1584,3,2025-12-07,Night,812,36,8
1585,4,2025-12-07,Morning,993,28,8
1586,4,2025-12-07,Afternoon,939,41,8
1587,4,2025-12-07,Night,976,30,8
1588,5,2025-12-07,Morning,896,60,8
1589,5,2025-12-07,Afternoon,925,38,8
1590,5,2025-12-07,Night,904,54,8
1591,1,2025-12-08,Morning,1023,65,8
1592,1,2025-12-08,Afternoon,982,69,8
1593,1,2025-12-08,Night,965,66,8
1594,2,2025-12-08,Morning,822,65,8
1595,2,2025-12-08,Afternoon,888,21,8
1596,2,2025-12-08,Night,933,41,8
1597,3,2025-12-08,Morning,797,34,8
1598,3,2025-12-08,Afternoon,868,59,8
1599,3,2025-12-08,Night,838,32,8
1600,4,2025-12-08,Morning,965,31,8
1601,4,2025-12-08,Afternoon,1042,19,8
1602,4,2025-12-08,Night,969,23,8
1603,5,2025-12-08,Morning,1006,44,8
1604,5,2025-12-08,Afternoon,995,54,8
1605,5,2025-12-08,Night,941,33,8
1606,1,2025-12-09,Morning,889,50,8
1607,1,2025-12-09,Afternoon,958,22,8
1608,1,2025-12-09,Night,906,26,8
1609,2,2025-12-09,Morning,875,59,8
1610,2,2025-12-09,Afternoon,878,26,8
1611,2,2025-12-09,Night,855,30,8
1612,3,2025-12-09,Morning,808,53,8
1613,3,2025-12-09,Afternoon,771,37,8
1614,3,2025-12-09,Night,790,54,8
1615,4,2025-12-09,Morning,958,54,8
1616,4,2025-12-09,Afternoon,999,25,8
1617,4,2025-12-09,Night,996,27,8
1618,5,2025-12-09,Morning,917,26,8
1619,5,2025-12-09,Afternoon,951,59,8
1620,5,2025-12-09,Night,979,20,8
1621,1,2025-12-10,Morning,866,14,8
1622,1,2025-12-10,Afternoon,926,40,8
1623,1,2025-12-10,Night,912,24,8
1624,2,2025-12-10,Morning,873,64,8
1625,2,2025-12-10,Afternoon,810,51,8
1626,2,2025-12-10,Night,815,16,8
1627,3,2025-12-10,Morning,690,35,8
1628,3,2025-12-10,Afternoon,780,62,8
1629,3,2025-12-10,Night,778,52,8
1630,4,2025-12-10,Morning,1035,22,8
1631,4,2025-12-10,Afternoon,985,52,8
1632,4,2025-12-10,Night,894,65,8
1633,5,2025-12-10,Morning,950,12,8
1634,5,2025-12-10,Afternoon,1087,13,8
1635,5,2025-12-10,Night,846,58,8
1636,1,2025-12-11,Morning,1018,21,8
1637,1,2025-12-11,Afternoon,948,25,8
1638,1,2025-12-11,Night,933,12,8
1639,2,2025-12-11,Morning,877,46,8
1640,2,2025-12-11,Afternoon,913,27,8
1641,2,2025-12-11,Night,883,58,8
1642,3,2025-12-11,Morning,754,28,8
1643,3,2025-12-11,Afternoon,778,49,8
1644,3,2025-12-11,Night,814,21,8
1645,4,2025-12-11,Morning,1007,75,8
1646,4,2025-12-11,Afternoon,1053,39,8
1647,4,2025-12-11,Night,983,63,8
1648,5,2025-12-11,Morning,981,25,8
1649,5,2025-12-11,Afternoon,922,71,8
1650,5,2025-12-11,Night,927,52,8
1651,1,2025-12-12,Morning,945,49,8
1652,1,2025-12-12,Afternoon,958,55,8
1653,1,2025-12-12,Night,984,75,8
1654,2,2025-12-12,Morning,881,63,8
1655,2,2025-12-12,Afternoon,864,25,8
1656,2,2025-12-12,Night,938,72,8
1657,3,2025-12-12,Morning,835,66,8
1658,3,2025-12-12,Afternoon,858,27,8
1659,3,2025-12-12,Night,775,31,8
1660,4,2025-12-12,Morning,970,27,8
1661,4,2025-12-12,Afternoon,1019,76,8
1662,4,2025-12-12,Night,961,22,8
1663,5,2025-12-12,Morning,955,13,8
1664,5,2025-12-12,Afternoon,922,15,8
1665,5,2025-12-12,Night,942,19,8
1666,1,2025-12-13,Morning,904,70,8
1667,1,2025-12-13,Afternoon,953,25,8
1668,1,2025-12-13,Night,830,35,8
1669,2,2025-12-13,Morning,948,59,8
1670,2,2025-12-13,Afternoon,931,46,8
1671,2,2025-12-13,Night,862,32,8
1672,3,2025-12-13,Morning,869,62,8
1673,3,2025-12-13,Afternoon,845,24,8
1674,3,2025-12-13,Night,755,17,8
1675,4,2025-12-13,Morning,958,38,8
1676,4,2025-12-13,Afternoon,937,63,8
1677,4,2025-12-13,Night,994,46,8
1678,5,2025-12-13,Morning,907,27,8
1679,5,2025-12-13,Afternoon,853,44,8
1680,5,2025-12-13,Night,927,37,8
1681,1,2025-12-14,Morning,986,33,8
1682,1,2025-12-14,Afternoon,954,58,8
1683,1,2025-12-14,Night,971,65,8
1684,2,2025-12-14,Morning,907,45,8
1685,2,2025-12-14,Afternoon,929,35,8
1686,2,2025-12-14,Night,911,29,8
1687,3,2025-12-14,Morning,795,40,8
1688,3,2025-12-14,Afternoon,803,34,8
1689,3,2025-12-14,Night,860,10,8
1690,4,2025-12-14,Morning,1004,56,8
1691,4,2025-12-14,Afternoon,941,20,8
1692,4,2025-12-14,Night,983,48,8
1693,5,2025-12-14,Morning,943,63,8
1694,5,2025-12-14,Afternoon,923,72,8
1695,5,2025-12-14,Night,853,11,8
1696,1,2025-12-15,Morning,915,12,8
1697,1,2025-12-15,Afternoon,933,24,8
1698,1,2025-12-15,Night,1025,54,8
1699,2,2025-12-15,Morning,919,32,8
1700,2,2025-12-15,Afternoon,838,56,8
1701,2,2025-12-15,Night,896,30,8
1702,3,2025-12-15,Morning,853,30,8
1703,3,2025-12-15,Afternoon,776,19,8
1704,3,2025-12-15,Night,841,13,8
1705,4,2025-12-15,Morning,919,63,8
1706,4,2025-12-15,Afternoon,866,22,8
1707,4,2025-12-15,Night,1028,69,8
1708,5,2025-12-15,Morning,911,33,8
1709,5,2025-12-15,Afternoon,855,64,8
1710,5,2025-12-15,Night,914,16,8
1711,1,2025-12-16,Morning,957,45,8
1712,1,2025-12-16,Afternoon,967,11,8
1713,1,2025-12-16,Night,850,18,8
1714,2,2025-12-16,Morning,873,48,8
1715,2,2025-12-16,Afternoon,902,54,8
1716,2,2025-12-16,Night,917,13,8
1717,3,2025-12-16,Morning,761,40,8
1718,3,2025-12-16,Afternoon,791,59,8
1719,3,2025-12-16,Night,776,27,8
1720,4,2025-12-16,Morning,988,47,8
1721,4,2025-12-16,Afternoon,1026,68,8
1722,4,2025-12-16,Night,966,51,8
1723,5,2025-12-16,Morning,875,15,8
1724,5,2025-12-16,Afternoon,901,31,8
1725,5,2025-12-16,Night,999,56,8
1726,1,2025-12-17,Morning,915,13,8
1727,1,2025-12-17,Afternoon,901,18,8
1728,1,2025-12-17,Night,934,63,8
1729,2,2025-12-17,Morning,896,19,8
1730,2,2025-12-17,Afternoon,878,62,8
1731,2,2025-12-17,Night,839,37,8
1732,3,2025-12-17,Morning,812,49,8
1733,3,2025-12-17,Afternoon,809,43,8
1734,3,2025-12-17,Night,827,31,8
1735,4,2025-12-17,Morning,988,56,8
1736,4,2025-12-17,Afternoon,1045,41,8
1737,4,2025-12-17,Night,1011,20,8
1738,5,2025-12-17,Morning,952,65,8
1739,5,2025-12-17,Afternoon,978,39,8
1740,5,2025-12-17,Night,935,34,8
1741,1,2025-12-18,Morning,942,65,8
1742,1,2025-12-18,Afternoon,962,42,8
1743,1,2025-12-18,Night,871,43,8
1744,2,2025-12-18,Morning,905,29,8
1745,2,2025-12-18,Afternoon,896,54,8
1746,2,2025-12-18,Night,916,31,8
1747,3,2025-12-18,Morning,841,64,8
1748,3,2025-12-18,Afternoon,823,31,8
1749,3,2025-12-18,Night,771,61,8
1750,4,2025-12-18,Morning,1014,11,8
1751,4,2025-12-18,Afternoon,1045,60,8
1752,4,2025-12-18,Night,1022,18,8
1753,5,2025-12-18,Morning,878,27,8
1754,5,2025-12-18,Afternoon,952,45,8
1755,5,2025-12-18,Night,883,19,8
1756,1,2025-12-19,Morning,938,36,8
1757,1,2025-12-19,Afternoon,965,15,8
1758,1,2025-12-19,Night,960,36,8
1759,2,2025-12-19,Morning,941,20,8
1760,2,2025-12-19,Afternoon,966,25,8
1761,2,2025-12-19,Night,919,68,8
1762,3,2025-12-19,Morning,785,30,8
1763,3,2025-12-19,Afternoon,723,8,8
1764,3,2025-12-19,Night,852,43,8
1765,4,2025-12-19,Morning,976,49,8
1766,4,2025-12-19,Afternoon,978,37,8
1767,4,2025-12-19,Night,981,28,8
1768,5,2025-12-19,Morning,947,56,8
1769,5,2025-12-19,Afternoon,948,34,8
1770,5,2025-12-19,Night,919,44,8
1771,1,2025-12-20,Morning,946,64,8
1772,1,2025-12-20,Afternoon,925,61,8
1773,1,2025-12-20,Night,921,61,8
1774,2,2025-12-20,Morning,871,65,8
1775,2,2025-12-20,Afternoon,895,30,8
1776,2,2025-12-20,Night,864,61,8
1777,3,2025-12-20,Morning,683,22,8
1778,3,2025-12-20,Afternoon,785,29,8
1779,3,2025-12-20,Night,750,37,8
1780,4,2025-12-20,Morning,984,65,8
1781,4,2025-12-20,Afternoon,955,19,8
1782,4,2025-12-20,Night,998,28,8
1783,5,2025-12-20,Morning,883,50,8
1784,5,2025-12-20,Afternoon,859,11,8
1785,5,2025-12-20,Night,926,54,8
1786,1,2025-12-21,Morning,933,21,8
1787,1,2025-12-21,Afternoon,897,64,8
1788,1,2025-12-21,Night,981,71,8
1789,2,2025-12-21,Morning,859,33,8
1790,2,2025-12-21,Afternoon,869,23,8
1791,2,2025-12-21,Night,939,53,8
1792,3,2025-12-21,Morning,820,55,8
1793,3,2025-12-21,Afternoon,755,46,8
1794,3,2025-12-21,Night,786,27,8
1795,4,2025-12-21,Morning,932,14,8
1796,4,2025-12-21,Afternoon,1015,80,8
1797,4,2025-12-21,Night,1015,71,8
1798,5,2025-12-21,Morning,1003,30,8
1799,5,2025-12-21,Afternoon,1021,39,8
1800,5,2025-12-21,Night,905,36,8
1801,1,2025-12-22,Morning,978,68,8
1802,1,2025-12-22,Afternoon,874,21,8
1803,1,2025-12-22,Night,957,64,8
1804,2,2025-12-22,Morning,917,44,8
1805,2,2025-12-22,Afternoon,861,54,8
1806,2,2025-12-22,Night,872,24,8
1807,3,2025-12-22,Morning,836,27,8
1808,3,2025-12-22,Afternoon,818,46,8
1809,3,2025-12-22,Night,866,50,8
1810,4,2025-12-22,Morning,1040,52,8
1811,4,2025-12-22,Afternoon,913,58,8
1812,4,2025-12-22,Night,959,24,8
1813,5,2025-12-22,Morning,887,47,8
1814,5,2025-12-22,Afternoon,960,59,8
1815,5,2025-12-22,Night,941,65,8
1816,1,2025-12-23,Morning,910,11,8
1817,1,2025-12-23,Afternoon,916,39,8
1818,1,2025-12-23,Night,999,74,8
1819,2,2025-12-23,Morning,883,9,8
1820,2,2025-12-23,Afternoon,818,12,8
1821,2,2025-12-23,Night,857,41,8
1822,3,2025-12-23,Morning,876,19,8
1823,3,2025-12-23,Afternoon,840,65,8
1824,3,2025-12-23,Night,749,10,8
1825,4,2025-12-23,Morning,987,48,8
1826,4,2025-12-23,Afternoon,1017,45,8
1827,4,2025-12-23,Night,913,67,8
1828,5,2025-12-23,Morning,972,37,8
1829,5,2025-12-23,Afternoon,947,28,8
1830,5,2025-12-23,Night,900,42,8
1831,1,2025-12-24,Morning,974,63,8
1832,1,2025-12-24,Afternoon,961,55,8
1833,1,2025-12-24,Night,964,29,8
1834,2,2025-12-24,Morning,905,9,8
1835,2,2025-12-24,Afternoon,864,48,8
1836,2,2025-12-24,Night,871,47,8
1837,3,2025-12-24,Morning,790,48,8
1838,3,2025-12-24,Afternoon,801,26,8
1839,3,2025-12-24,Night,826,28,8
1840,4,2025-12-24,Morning,1057,20,8
1841,4,2025-12-24,Afternoon,989,17,8
1842,4,2025-12-24,Night,1005,38,8
1843,5,2025-12-24,Morning,965,17,8
1844,5,2025-12-24,Afternoon,958,9,8
1845,5,2025-12-24,Night,893,24,8
1846,1,2025-12-25,Morning,1004,10,8
1847,1,2025-12-25,Afternoon,996,76,8
1848,1,2025-12-25,Night,955,47,8
1849,2,2025-12-25,Morning,865,41,8
1850,2,2025-12-25,Afternoon,901,32,8
1851,2,2025-12-25,Night,837,22,8
1852,3,2025-12-25,Morning,860,14,8
1853,3,2025-12-25,Afternoon,774,17,8
1854,3,2025-12-25,Night,788,62,8
1855,4,2025-12-25,Morning,1036,73,8
1856,4,2025-12-25,Afternoon,880,70,8
1857,4,2025-12-25,Night,1031,33,8
1858,5,2025-12-25,Morning,943,29,8
1859,5,2025-12-25,Afternoon,997,57,8
1860,5,2025-12-25,Night,892,28,8
1861,1,2025-12-26,Morning,963,18,8
1862,1,2025-12-26,Afternoon,912,46,8
1863,1,2025-12-26,Night,994,62,8
1864,2,2025-12-26,Morning,942,66,8
1865,2,2025-12-26,Afternoon,970,51,8
1866,2,2025-12-26,Night,899,20,8
1867,3,2025-12-26,Morning,883,61,8
1868,3,2025-12-26,Afternoon,759,18,8
1869,3,2025-12-26,Night,797,40,8
1870,4,2025-12-26,Morning,940,45,8
1871,4,2025-12-26,Afternoon,987,47,8
1872,4,2025-12-26,Night,943,24,8
1873,5,2025-12-26,Morning,974,12,8
1874,5,2025-12-26,Afternoon,949,42,8
1875,5,2025-12-26,Night,886,27,8
1876,1,2025-12-27,Morning,983,52,8
1877,1,2025-12-27,Afternoon,1013,35,8
1878,1,2025-12-27,Night,972,53,8
1879,2,2025-12-27,Morning,845,49,8
1880,2,2025-12-27,Afternoon,894,43,8
1881,2,2025-12-27,Night,928,10,8
1882,3,2025-12-27,Morning,790,25,8
1883,3,2025-12-27,Afternoon,758,43,8
1884,3,2025-12-27,Night,849,32,8
1885,4,2025-12-27,Morning,968,37,8
1886,4,2025-12-27,Afternoon,1043,78,8
1887,4,2025-12-27,Night,959,48,8
1888,5,2025-12-27,Morning,916,71,8
1889,5,2025-12-27,Afternoon,906,30,8
1890,5,2025-12-27,Night,923,41,8
1891,1,2025-12-28,Morning,968,77,8
1892,1,2025-12-28,Afternoon,910,37,8
1893,1,2025-12-28,Night,903,16,8
1894,2,2025-12-28,Morning,832,59,8
1895,2,2025-12-28,Afternoon,828,46,8
1896,2,2025-12-28,Night,845,34,8
1897,3,2025-12-28,Morning,778,52,8
1898,3,2025-12-28,Afternoon,807,61,8
1899,3,2025-12-28,Night,816,16,8
1900,4,2025-12-28,Morning,985,42,8
1901,4,2025-12-28,Afternoon,1038,39,8
1902,4,2025-12-28,Night,1052,35,8
1903,5,2025-12-28,Morning,918,19,8
1904,5,2025-12-28,Afternoon,891,54,8
1905,5,2025-12-28,Night,1016,72,8
1906,1,2025-12-29,Morning,997,50,8
1907,1,2025-12-29,Afternoon,994,47,8
1908,1,2025-12-29,Night,927,14,8
1909,2,2025-12-29,Morning,934,35,8
1910,2,2025-12-29,Afternoon,905,27,8
1911,2,2025-12-29,Night,897,36,8
1912,3,2025-12-29,Morning,796,41,8
1913,3,2025-12-29,Afternoon,820,55,8
1914,3,2025-12-29,Night,859,13,8
1915,4,2025-12-29,Morning,1070,72,8
1916,4,2025-12-29,Afternoon,963,62,8
1917,4,2025-12-29,Night,987,18,8
1918,5,2025-12-29,Morning,926,65,8
1919,5,2025-12-29,Afternoon,947,47,8
1920,5,2025-12-29,Night,828,62,8
1921,1,2025-12-30,Morning,941,62,8
1922,1,2025-12-30,Afternoon,1031,78,8
1923,1,2025-12-30,Night,923,37,8
1924,2,2025-12-30,Morning,883,48,8
1925,2,2025-12-30,Afternoon,877,45,8
1926,2,2025-12-30,Night,894,65,8
1927,3,2025-12-30,Morning,748,30,8
1928,3,2025-12-30,Afternoon,778,10,8
1929,3,2025-12-30,Night,817,41,8
1930,4,2025-12-30,Morning,996,34,8
1931,4,2025-12-30,Afternoon,990,67,8
1932,4,2025-12-30,Night,1035,56,8
1933,5,2025-12-30,Morning,948,36,8
1934,5,2025-12-30,Afternoon,983,75,8
1935,5,2025-12-30,Night,1020,25,8
1936,1,2025-12-31,Morning,985,52,8
1937,1,2025-12-31,Afternoon,898,12,8
1938,1,2025-12-31,Night,961,50,8
1939,2,2025-12-31,Morning,905,23,8
1940,2,2025-12-31,Afternoon,963,54,8
1941,2,2025-12-31,Night,895,19,8
1942,3,2025-12-31,Morning,767,17,8
1943,3,2025-12-31,Afternoon,780,10,8
1944,3,2025-12-31,Night,749,28,8
1945,4,2025-12-31,Morning,862,31,8
1946,4,2025-12-31,Afternoon,1062,73,8
1947,4,2025-12-31,Night,980,14,8
1948,5,2025-12-31,Morning,883,13,8
1949,5,2025-12-31,Afternoon,997,71,8
1950,5,2025-12-31,Night,1005,49,8
1951,1,2026-01-01,Morning,957,52,8
1952,1,2026-01-01,Afternoon,896,11,8
1953,1,2026-01-01,Night,931,20,8
1954,2,2026-01-01,Morning,891,16,8
1955,2,2026-01-01,Afternoon,902,24,8
1956,2,2026-01-01,Night,857,30,8
1957,3,2026-01-01,Morning,839,12,8
1958,3,2026-01-01,Afternoon,715,7,8
1959,3,2026-01-01,Night,846,32,8
1960,4,2026-01-01,Morning,1035,45,8
1961,4,2026-01-01,Afternoon,965,32,8
1962,4,2026-01-01,Night,977,21,8
1963,5,2026-01-01,Morning,991,31,8
1964,5,2026-01-01,Afternoon,956,35,8
1965,5,2026-01-01,Night,916,20,8
1966,1,2026-01-02,Morning,941,61,8
1967,1,2026-01-02,Afternoon,970,41,8
1968,1,2026-01-02,Night,1027,76,8
1969,2,2026-01-02,Morning,892,30,8
1970,2,2026-01-02,Afternoon,885,57,8
1971,2,2026-01-02,Night,901,23,8
1972,3,2026-01-02,Morning,802,30,8
1973,3,2026-01-02,Afternoon,812,18,8
1974,3,2026-01-02,Night,797,52,8
1975,4,2026-01-02,Morning,1028,40,8
1976,4,2026-01-02,Afternoon,944,47,8
1977,4,2026-01-02,Night,997,70,8
1978,5,2026-01-02,Morning,949,13,8
1979,5,2026-01-02,Afternoon,898,35,8
1980,5,2026-01-02,Night,946,45,8
1981,1,2026-01-03,Morning,970,77,8
1982,1,2026-01-03,Afternoon,850,16,8
1983,1,2026-01-03,Night,911,17,8
1984,2,2026-01-03,Morning,965,20,8
1985,2,2026-01-03,Afternoon,876,49,8
1986,2,2026-01-03,Night,853,37,8
1987,3,2026-01-03,Morning,726,37,8
1988,3,2026-01-03,Afternoon,757,38,8
1989,3,2026-01-03,Night,795,38,8
1990,4,2026-01-03,Morning,930,46,8
1991,4,2026-01-03,Afternoon,1007,11,8
1992,4,2026-01-03,Night,947,32,8
1993,5,2026-01-03,Morning,943,26,8
1994,5,2026-01-03,Afternoon,988,57,8
1995,5,2026-01-03,Night,985,60,8
1996,1,2026-01-04,Morning,962,50,8
1997,1,2026-01-04,Afternoon,905,25,8
1998,1,2026-01-04,Night,948,37,8
1999,2,2026-01-04,Morning,913,27,8
2000,2,2026-01-04,Afternoon,1000,10,8
2001,2,2026-01-04,Night,826,50,8
2002,3,2026-01-04,Morning,798,9,8
2003,3,2026-01-04,Afternoon,825,18,8
2004,3,2026-01-04,Night,804,34,8
2005,4,2026-01-04,Morning,989,48,8
2006,4,2026-01-04,Afternoon,949,36,8
2007,4,2026-01-04,Night,1018,24,8
2008,5,2026-01-04,Morning,932,10,8
2009,5,2026-01-04,Afternoon,939,67,8
2010,5,2026-01-04,Night,972,50,8
2011,1,2026-01-05,Morning,938,58,8
2012,1,2026-01-05,Afternoon,1002,74,8
2013,1,2026-01-05,Night,899,25,8
2014,2,2026-01-05,Morning,911,21,8
2015,2,2026-01-05,Afternoon,867,42,8
2016,2,2026-01-05,Night,857,43,8
2017,3,2026-01-05,Morning,876,13,8
2018,3,2026-01-05,Afternoon,751,12,8
2019,3,2026-01-05,Night,802,20,8
2020,4,2026-01-05,Morning,928,27,8
2021,4,2026-01-05,Afternoon,1029,11,8
2022,4,2026-01-05,Night,964,53,8
2023,5,2026-01-05,Morning,972,73,8
2024,5,2026-01-05,Afternoon,954,10,8
2025,5,2026-01-05,Night,1022,57,8
2026,1,2026-01-06,Morning,890,51,8
2027,1,2026-01-06,Afternoon,911,65,8
2028,1,2026-01-06,Night,990,13,8
2029,2,2026-01-06,Morning,913,25,8
2030,2,2026-01-06,Afternoon,890,22,8
2031,2,2026-01-06,Night,981,26,8
2032,3,2026-01-06,Morning,800,50,8
2033,3,2026-01-06,Afternoon,768,29,8
2034,3,2026-01-06,Night,843,20,8
2035,4,2026-01-06,Morning,981,73,8
2036,4,2026-01-06,Afternoon,984,30,8
2037,4,2026-01-06,Night,1007,58,8
2038,5,2026-01-06,Morning,959,74,8
2039,5,2026-01-06,Afternoon,890,50,8
2040,5,2026-01-06,Night,918,56,8
2041,1,2026-01-07,Morning,895,40,8
2042,1,2026-01-07,Afternoon,964,30,8
2043,1,2026-01-07,Night,1025,63,8
2044,2,2026-01-07,Morning,862,22,8
2045,2,2026-01-07,Afternoon,838,20,8
2046,2,2026-01-07,Night,874,56,8
2047,3,2026-01-07,Morning,790,49,8
2048,3,2026-01-07,Afternoon,829,60,8
2049,3,2026-01-07,Night,786,60,8
2050,4,2026-01-07,Morning,994,36,8
2051,4,2026-01-07,Afternoon,960,42,8
2052,4,2026-01-07,Night,972,17,8
2053,5,2026-01-07,Morning,897,59,8
2054,5,2026-01-07,Afternoon,885,63,8
2055,5,2026-01-07,Night,961,67,8
2056,1,2026-01-08,Morning,932,59,8
2057,1,2026-01-08,Afternoon,967,73,8
2058,1,2026-01-08,Night,916,52,8
2059,2,2026-01-08,Morning,900,49,8
2060,2,2026-01-08,Afternoon,816,37,8
2061,2,2026-01-08,Night,885,58,8
2062,3,2026-01-08,Morning,770,54,8
2063,3,2026-01-08,Afternoon,847,53,8
2064,3,2026-01-08,Night,749,50,8
2065,4,2026-01-08,Morning,974,68,8
2066,4,2026-01-08,Afternoon,993,19,8
2067,4,2026-01-08,Night,1021,58,8
2068,5,2026-01-08,Morning,964,26,8
2069,5,2026-01-08,Afternoon,927,12,8
2070,5,2026-01-08,Night,932,56,8
2071,1,2026-01-09,Morning,997,36,8
2072,1,2026-01-09,Afternoon,946,20,8
2073,1,2026-01-09,Night,957,22,8
2074,2,2026-01-09,Morning,949,57,8
2075,2,2026-01-09,Afternoon,999,42,8
2076,2,2026-01-09,Night,910,61,8
2077,3,2026-01-09,Morning,821,14,8
2078,3,2026-01-09,Afternoon,833,57,8
2079,3,2026-01-09,Night,848,30,8
2080,4,2026-01-09,Morning,1022,73,8
2081,4,2026-01-09,Afternoon,957,36,8
2082,4,2026-01-09,Night,993,71,8
2083,5,2026-01-09,Morning,972,28,8
2084,5,2026-01-09,Afternoon,988,27,8
2085,5,2026-01-09,Night,924,59,8
2086,1,2026-01-10,Morning,962,36,8
2087,1,2026-01-10,Afternoon,966,34,8
2088,1,2026-01-10,Night,951,33,8
2089,2,2026-01-10,Morning,911,37,8
2090,2,2026-01-10,Afternoon,814,58,8
2091,2,2026-01-10,Night,1029,20,8
2092,3,2026-01-10,Morning,892,70,8
2093,3,2026-01-10,Afternoon,792,44,8
2094,3,2026-01-10,Night,795,41,8
2095,4,2026-01-10,Morning,914,59,8
2096,4,2026-01-10,Afternoon,908,21,8
2097,4,2026-01-10,Night,999,39,8
2098,5,2026-01-10,Morning,972,40,8
2099,5,2026-01-10,Afternoon,964,44,8
2100,5,2026-01-10,Night,896,29,8
2101,1,2026-01-11,Morning,981,33,8
2102,1,2026-01-11,Afternoon,945,13,8
2103,1,2026-01-11,Night,935,23,8
2104,2,2026-01-11,Morning,846,8,8
2105,2,2026-01-11,Afternoon,871,16,8
2106,2,2026-01-11,Night,920,13,8
2107,3,2026-01-11,Morning,812,32,8
2108,3,2026-01-11,Afternoon,806,14,8
2109,3,2026-01-11,Night,712,25,8
2110,4,2026-01-11,Morning,987,52,8
2111,4,2026-01-11,Afternoon,956,11,8
2112,4,2026-01-11,Night,993,79,8
2113,5,2026-01-11,Morning,980,33,8
2114,5,2026-01-11,Afternoon,912,37,8
2115,5,2026-01-11,Night,934,65,8
2116,1,2026-01-12,Morning,1031,72,8
2117,1,2026-01-12,Afternoon,961,42,8
2118,1,2026-01-12,Night,949,75,8
2119,2,2026-01-12,Morning,867,41,8
2120,2,2026-01-12,Afternoon,932,74,8
2121,2,2026-01-12,Night,860,9,8
2122,3,2026-01-12,Morning,852,32,8
2123,3,2026-01-12,Afternoon,826,27,8
2124,3,2026-01-12,Night,777,52,8
2125,4,2026-01-12,Morning,948,14,8
2126,4,2026-01-12,Afternoon,949,21,8
2127,4,2026-01-12,Night,909,35,8
2128,5,2026-01-12,Morning,948,34,8
2129,5,2026-01-12,Afternoon,846,14,8
2130,5,2026-01-12,Night,926,71,8
2131,1,2026-01-13,Morning,943,29,8
2132,1,2026-01-13,Afternoon,936,30,8
2133,1,2026-01-13,Night,968,17,8
2134,2,2026-01-13,Morning,877,47,8
2135,2,2026-01-13,Afternoon,907,14,8
2136,2,2026-01-13,Night,952,73,8
2137,3,2026-01-13,Morning,823,17,8
2138,3,2026-01-13,Afternoon,783,54,8
2139,3,2026-01-13,Night,800,51,8
2140,4,2026-01-13,Morning,966,72,8
2141,4,2026-01-13,Afternoon,973,29,8
2142,4,2026-01-13,Night,988,29,8
2143,5,2026-01-13,Morning,874,42,8
2144,5,2026-01-13,Afternoon,865,18,8
2145,5,2026-01-13,Night,894,28,8
2146,1,2026-01-14,Morning,970,43,8
2147,1,2026-01-14,Afternoon,976,53,8
2148,1,2026-01-14,Night,982,20,8
2149,2,2026-01-14,Morning,865,31,8
2150,2,2026-01-14,Afternoon,903,35,8
2151,2,2026-01-14,Night,884,19,8
2152,3,2026-01-14,Morning,795,29,8
2153,3,2026-01-14,Afternoon,784,61,8
2154,3,2026-01-14,Night,810,29,8
2155,4,2026-01-14,Morning,953,51,8
2156,4,2026-01-14,Afternoon,1026,24,8
2157,4,2026-01-14,Night,1027,15,8
2158,5,2026-01-14,Morning,949,31,8
2159,5,2026-01-14,Afternoon,971,33,8
2160,5,2026-01-14,Night,873,17,8
2161,1,2026-01-15,Morning,999,36,8
2162,1,2026-01-15,Afternoon,965,18,8
2163,1,2026-01-15,Night,925,28,8
2164,2,2026-01-15,Morning,871,47,8
2165,2,2026-01-15,Afternoon,964,34,8
2166,2,2026-01-15,Night,933,63,8
2167,3,2026-01-15,Morning,794,52,8
2168,3,2026-01-15,Afternoon,742,16,8
2169,3,2026-01-15,Night,851,10,8
2170,4,2026-01-15,Morning,935,54,8
2171,4,2026-01-15,Afternoon,965,50,8
2172,4,2026-01-15,Night,973,26,8
2173,5,2026-01-15,Morning,901,18,8
2174,5,2026-01-15,Afternoon,922,28,8
2175,5,2026-01-15,Night,929,17,8
2176,1,2026-01-16,Morning,941,29,8
2177,1,2026-01-16,Afternoon,962,69,8
2178,1,2026-01-16,Night,1016,49,8
2179,2,2026-01-16,Morning,844,18,8
2180,2,2026-01-16,Afternoon,906,67,8
2181,2,2026-01-16,Night,856,54,8
2182,3,2026-01-16,Morning,740,24,8
2183,3,2026-01-16,Afternoon,838,11,8
2184,3,2026-01-16,Night,809,22,8
2185,4,2026-01-16,Morning,918,56,8
2186,4,2026-01-16,Afternoon,972,72,8
2187,4,2026-01-16,Night,906,70,8
2188,5,2026-01-16,Morning,894,36,8
2189,5,2026-01-16,Afternoon,842,62,8
2190,5,2026-01-16,Night,923,45,8
2191,1,2026-01-17,Morning,977,33,8
2192,1,2026-01-17,Afternoon,973,39,8
2193,1,2026-01-17,Night,934,61,8
2194,2,2026-01-17,Morning,940,71,8
2195,2,2026-01-17,Afternoon,955,63,8
2196,2,2026-01-17,Night,928,64,8
2197,3,2026-01-17,Morning,777,29,8
2198,3,2026-01-17,Afternoon,794,45,8
2199,3,2026-01-17,Night,864,30,8
2200,4,2026-01-17,Morning,967,52,8
2201,4,2026-01-17,Afternoon,1003,48,8
2202,4,2026-01-17,Night,950,23,8
2203,5,2026-01-17,Morning,970,42,8
2204,5,2026-01-17,Afternoon,896,22,8
2205,5,2026-01-17,Night,926,40,8
2206,1,2026-01-18,Morning,971,70,8
2207,1,2026-01-18,Afternoon,1024,28,8
2208,1,2026-01-18,Night,958,39,8
2209,2,2026-01-18,Morning,889,8,8
2210,2,2026-01-18,Afternoon,886,11,8
2211,2,2026-01-18,Night,938,45,8
2212,3,2026-01-18,Morning,818,16,8
2213,3,2026-01-18,Afternoon,826,50,8
2214,3,2026-01-18,Night,861,55,8
2215,4,2026-01-18,Morning,982,33,8
2216,4,2026-01-18,Afternoon,995,55,8
2217,4,2026-01-18,Night,966,64,8
2218,5,2026-01-18,Morning,899,46,8
2219,5,2026-01-18,Afternoon,906,63,8
2220,5,2026-01-18,Night,834,28,8
2221,1,2026-01-19,Morning,971,22,8
2222,1,2026-01-19,Afternoon,967,38,8
2223,1,2026-01-19,Night,970,46,8
2224,2,2026-01-19,Morning,866,47,8
2225,2,2026-01-19,Afternoon,876,11,8
2226,2,2026-01-19,Night,875,28,8
2227,3,2026-01-19,Morning,844,47,8
2228,3,2026-01-19,Afternoon,807,32,8
2229,3,2026-01-19,Night,801,22,8
2230,4,2026-01-19,Morning,1010,13,8
2231,4,2026-01-19,Afternoon,955,29,8
2232,4,2026-01-19,Night,994,46,8
2233,5,2026-01-19,Morning,1010,21,8
2234,5,2026-01-19,Afternoon,981,35,8
2235,5,2026-01-19,Night,943,57,8
2236,1,2026-01-20,Morning,953,71,8
2237,1,2026-01-20,Afternoon,970,22,8
2238,1,2026-01-20,Night,1007,57,8
2239,2,2026-01-20,Morning,954,42,8
2240,2,2026-01-20,Afternoon,965,45,8
2241,2,2026-01-20,Night,909,21,8
2242,3,2026-01-20,Morning,716,47,8
2243,3,2026-01-20,Afternoon,876,35,8
2244,3,2026-01-20,Night,769,22,8
2245,4,2026-01-20,Morning,900,67,8
2246,4,2026-01-20,Afternoon,1010,75,8
2247,4,2026-01-20,Night,897,55,8
2248,5,2026-01-20,Morning,931,11,8
2249,5,2026-01-20,Afternoon,846,62,8
2250,5,2026-01-20,Night,917,9,8
2251,1,2026-01-21,Morning,1015,44,8
2252,1,2026-01-21,Afternoon,964,15,8
2253,1,2026-01-21,Night,950,50,8
2254,2,2026-01-21,Morning,918,24,8
2255,2,2026-01-21,Afternoon,791,12,8
2256,2,2026-01-21,Night,874,15,8
2257,3,2026-01-21,Morning,780,18,8
2258,3,2026-01-21,Afternoon,825,37,8
2259,3,2026-01-21,Night,760,9,8
2260,4,2026-01-21,Morning,987,13,8
2261,4,2026-01-21,Afternoon,976,67,8
2262,4,2026-01-21,Night,956,27,8
2263,5,2026-01-21,Morning,909,37,8
2264,5,2026-01-21,Afternoon,926,46,8
2265,5,2026-01-21,Night,855,27,8
2266,1,2026-01-22,Morning,981,17,8
2267,1,2026-01-22,Afternoon,918,58,8
2268,1,2026-01-22,Night,939,72,8
2269,2,2026-01-22,Morning,963,28,8
2270,2,2026-01-22,Afternoon,932,50,8
2271,2,2026-01-22,Night,853,53,8
2272,3,2026-01-22,Morning,686,20,8
2273,3,2026-01-22,Afternoon,820,11,8
2274,3,2026-01-22,Night,791,34,8
2275,4,2026-01-22,Morning,988,47,8
2276,4,2026-01-22,Afternoon,1010,27,8
2277,4,2026-01-22,Night,1017,49,8
2278,5,2026-01-22,Morning,913,42,8
2279,5,2026-01-22,Afternoon,925,48,8
2280,5,2026-01-22,Night,945,14,8
2281,1,2026-01-23,Morning,968,48,8
2282,1,2026-01-23,Afternoon,957,18,8
2283,1,2026-01-23,Night,1008,38,8
2284,2,2026-01-23,Morning,917,65,8
2285,2,2026-01-23,Afternoon,929,49,8
2286,2,2026-01-23,Night,911,17,8
2287,3,2026-01-23,Morning,760,55,8
2288,3,2026-01-23,Afternoon,774,48,8
2289,3,2026-01-23,Night,752,17,8
2290,4,2026-01-23,Morning,1022,64,8
2291,4,2026-01-23,Afternoon,918,48,8
2292,4,2026-01-23,Night,974,12,8
2293,5,2026-01-23,Morning,915,18,8
2294,5,2026-01-23,Afternoon,849,67,8
2295,5,2026-01-23,Night,914,22,8
2296,1,2026-01-24,Morning,937,59,8
2297,1,2026-01-24,Afternoon,1017,11,8
2298,1,2026-01-24,Night,873,10,8
2299,2,2026-01-24,Morning,952,68,8
2300,2,2026-01-24,Afternoon,891,14,8
2301,2,2026-01-24,Night,934,34,8
2302,3,2026-01-24,Morning,803,54,8
2303,3,2026-01-24,Afternoon,756,57,8
2304,3,2026-01-24,Night,856,25,8
2305,4,2026-01-24,Morning,1029,65,8
2306,4,2026-01-24,Afternoon,938,70,8
2307,4,2026-01-24,Night,1003,61,8
2308,5,2026-01-24,Morning,906,13,8
2309,5,2026-01-24,Afternoon,869,27,8
2310,5,2026-01-24,Night,898,70,8
2311,1,2026-01-25,Morning,1004,78,8
2312,1,2026-01-25,Afternoon,985,35,8
2313,1,2026-01-25,Night,938,66,8
2314,2,2026-01-25,Morning,954,21,8
2315,2,2026-01-25,Afternoon,945,35,8
2316,2,2026-01-25,Night,868,45,8
2317,3,2026-01-25,Morning,865,22,8
2318,3,2026-01-25,Afternoon,785,11,8
2319,3,2026-01-25,Night,790,17,8
2320,4,2026-01-25,Morning,904,31,8
2321,4,2026-01-25,Afternoon,955,48,8
2322,4,2026-01-25,Night,974,70,8
2323,5,2026-01-25,Morning,942,53,8
2324,5,2026-01-25,Afternoon,886,34,8
2325,5,2026-01-25,Night,900,40,8
2326,1,2026-01-26,Morning,1016,10,8
2327,1,2026-01-26,Afternoon,992,12,8
2328,1,2026-01-26,Night,1000,35,8
2329,2,2026-01-26,Morning,897,40,8
2330,2,2026-01-26,Afternoon,913,67,8
2331,2,2026-01-26,Night,924,60,8
2332,3,2026-01-26,Morning,865,60,8
2333,3,2026-01-26,Afternoon,739,27,8
2334,3,2026-01-26,Night,694,53,8
2335,4,2026-01-26,Morning,959,67,8
2336,4,2026-01-26,Afternoon,989,43,8
2337,4,2026-01-26,Night,983,38,8
2338,5,2026-01-26,Morning,900,64,8
2339,5,2026-01-26,Afternoon,951,46,8
2340,5,2026-01-26,Night,910,12,8
2341,1,2026-01-27,Morning,950,28,8
2342,1,2026-01-27,Afternoon,969,41,8
2343,1,2026-01-27,Night,932,21,8
2344,2,2026-01-27,Morning,931,17,8
2345,2,2026-01-27,Afternoon,939,40,8
2346,2,2026-01-27,Night,871,22,8
2347,3,2026-01-27,Morning,780,59,8
2348,3,2026-01-27,Afternoon,761,25,8
2349,3,2026-01-27,Night,799,18,8
2350,4,2026-01-27,Morning,992,71,8
2351,4,2026-01-27,Afternoon,1052,82,8
2352,4,2026-01-27,Night,966,13,8
2353,5,2026-01-27,Morning,941,27,8
2354,5,2026-01-27,Afternoon,909,20,8
2355,5,2026-01-27,Night,910,38,8
2356,1,2026-01-28,Morning,964,50,8
2357,1,2026-01-28,Afternoon,933,60,8
2358,1,2026-01-28,Night,947,10,8
2359,2,2026-01-28,Morning,915,36,8
2360,2,2026-01-28,Afternoon,910,43,8
2361,2,2026-01-28,Night,804,57,8
2362,3,2026-01-28,Morning,780,56,8
2363,3,2026-01-28,Afternoon,843,63,8
2364,3,2026-01-28,Night,737,57,8
2365,4,2026-01-28,Morning,859,25,8
2366,4,2026-01-28,Afternoon,1002,77,8
2367,4,2026-01-28,Night,989,29,8
2368,5,2026-01-28,Morning,886,26,8
2369,5,2026-01-28,Afternoon,934,14,8
2370,5,2026-01-28,Night,904,18,8
2371,1,2026-01-29,Morning,969,27,8
2372,1,2026-01-29,Afternoon,835,26,8
2373,1,2026-01-29,Night,939,72,8
2374,2,2026-01-29,Morning,878,66,8
2375,2,2026-01-29,Afternoon,931,68,8
2376,2,2026-01-29,Night,825,8,8
2377,3,2026-01-29,Morning,801,8,8
2378,3,2026-01-29,Afternoon,822,23,8
2379,3,2026-01-29,Night,874,53,8
2380,4,2026-01-29,Morning,960,76,8
2381,4,2026-01-29,Afternoon,992,46,8
2382,4,2026-01-29,Night,907,34,8
2383,5,2026-01-29,Morning,929,48,8
2384,5,2026-01-29,Afternoon,977,25,8
2385,5,2026-01-29,Night,1004,46,8
2386,1,2026-01-30,Morning,966,76,8
2387,1,2026-01-30,Afternoon,887,56,8
2388,1,2026-01-30,Night,1004,22,8
2389,2,2026-01-30,Morning,837,33,8
2390,2,2026-01-30,Afternoon,852,55,8
2391,2,2026-01-30,Night,958,48,8
2392,3,2026-01-30,Morning,796,27,8
2393,3,2026-01-30,Afternoon,776,19,8
2394,3,2026-01-30,Night,827,37,8
2395,4,2026-01-30,Morning,986,40,8
2396,4,2026-01-30,Afternoon,1067,82,8
2397,4,2026-01-30,Night,1023,20,8
2398,5,2026-01-30,Morning,938,46,8
2399,5,2026-01-30,Afternoon,939,56,8
2400,5,2026-01-30,Night,971,34,8
2401,1,2026-01-31,Morning,946,35,8
2402,1,2026-01-31,Afternoon,914,64,8
2403,1,2026-01-31,Night,980,76,8
2404,2,2026-01-31,Morning,888,36,8
2405,2,2026-01-31,Afternoon,911,52,8
2406,2,2026-01-31,Night,820,23,8
2407,3,2026-01-31,Morning,794,27,8
2408,3,2026-01-31,Afternoon,779,25,8
2409,3,2026-01-31,Night,719,16,8
2410,4,2026-01-31,Morning,975,30,8
2411,4,2026-01-31,Afternoon,977,40,8
2412,4,2026-01-31,Night,994,50,8
2413,5,2026-01-31,Morning,976,51,8
2414,5,2026-01-31,Afternoon,968,15,8
2415,5,2026-01-31,Night,911,47,8
2416,1,2026-02-01,Morning,957,59,8
2417,1,2026-02-01,Afternoon,970,11,8
2418,1,2026-02-01,Night,932,64,8
2419,2,2026-02-01,Morning,840,16,8
2420,2,2026-02-01,Afternoon,891,68,8
2421,2,2026-02-01,Night,948,45,8
2422,3,2026-02-01,Morning,738,13,8
2423,3,2026-02-01,Afternoon,760,18,8
2424,3,2026-02-01,Night,768,29,8
2425,4,2026-02-01,Morning,941,33,8
2426,4,2026-02-01,Afternoon,1008,37,8
2427,4,2026-02-01,Night,954,14,8
2428,5,2026-02-01,Morning,959,30,8
2429,5,2026-02-01,Afternoon,931,59,8
2430,5,2026-02-01,Night,860,60,8
2431,1,2026-02-02,Morning,933,54,8
2432,1,2026-02-02,Afternoon,990,31,8
2433,1,2026-02-02,Night,956,10,8
2434,2,2026-02-02,Morning,886,34,8
2435,2,2026-02-02,Afternoon,948,60,8
2436,2,2026-02-02,Night,856,26,8
2437,3,2026-02-02,Morning,776,32,8
2438,3,2026-02-02,Afternoon,836,50,8
2439,3,2026-02-02,Night,827,43,8
2440,4,2026-02-02,Morning,933,69,8
2441,4,2026-02-02,Afternoon,998,49,8
2442,4,2026-02-02,Night,954,27,8
2443,5,2026-02-02,Morning,847,42,8
2444,5,2026-02-02,Afternoon,917,66,8
2445,5,2026-02-02,Night,1007,46,8
2446,1,2026-02-03,Morning,991,13,8
2447,1,2026-02-03,Afternoon,948,30,8
2448,1,2026-02-03,Night,886,20,8
2449,2,2026-02-03,Morning,818,22,8
2450,2,2026-02-03,Afternoon,901,38,8
2451,2,2026-02-03,Night,916,15,8
2452,3,2026-02-03,Morning,828,53,8
2453,3,2026-02-03,Afternoon,823,14,8
2454,3,2026-02-03,Night,827,45,8
2455,4,2026-02-03,Morning,991,54,8
2456,4,2026-02-03,Afternoon,1027,43,8
2457,4,2026-02-03,Night,958,52,8
2458,5,2026-02-03,Morning,931,14,8
2459,5,2026-02-03,Afternoon,860,41,8
2460,5,2026-02-03,Night,908,17,8
2461,1,2026-02-04,Morning,989,21,8
2462,1,2026-02-04,Afternoon,975,16,8
2463,1,2026-02-04,Night,855,14,8
2464,2,2026-02-04,Morning,981,54,8
2465,2,2026-02-04,Afternoon,906,48,8
2466,2,2026-02-04,Night,907,13,8
2467,3,2026-02-04,Morning,775,21,8
2468,3,2026-02-04,Afternoon,783,28,8
2469,3,2026-02-04,Night,805,55,8
2470,4,2026-02-04,Morning,1003,59,8
2471,4,2026-02-04,Afternoon,992,29,8
2472,4,2026-02-04,Night,958,52,8
2473,5,2026-02-04,Morning,893,67,8
2474,5,2026-02-04,Afternoon,891,10,8
2475,5,2026-02-04,Night,973,66,8
2476,1,2026-02-05,Morning,987,77,8
2477,1,2026-02-05,Afternoon,969,53,8
2478,1,2026-02-05,Night,992,18,8
2479,2,2026-02-05,Morning,894,11,8
2480,2,2026-02-05,Afternoon,933,32,8
2481,2,2026-02-05,Night,921,38,8
2482,3,2026-02-05,Morning,835,11,8
2483,3,2026-02-05,Afternoon,757,56,8
2484,3,2026-02-05,Night,700,38,8
2485,4,2026-02-05,Morning,990,14,8
2486,4,2026-02-05,Afternoon,902,70,8
2487,4,2026-02-05,Night,965,33,8
2488,5,2026-02-05,Morning,841,48,8
2489,5,2026-02-05,Afternoon,980,28,8
2490,5,2026-02-05,Night,967,31,8
2491,1,2026-02-06,Morning,964,12,8
2492,1,2026-02-06,Afternoon,916,47,8
2493,1,2026-02-06,Night,878,13,8
2494,2,2026-02-06,Morning,810,46,8
2495,2,2026-02-06,Afternoon,877,34,8
2496,2,2026-02-06,Night,927,63,8
2497,3,2026-02-06,Morning,786,38,8
2498,3,2026-02-06,Afternoon,820,19,8
2499,3,2026-02-06,Night,822,11,8
2500,4,2026-02-06,Morning,1007,69,8
2501,4,2026-02-06,Afternoon,902,43,8
2502,4,2026-02-06,Night,949,15,8
2503,5,2026-02-06,Morning,949,21,8
2504,5,2026-02-06,Afternoon,989,22,8
2505,5,2026-02-06,Night,975,10,8
2506,1,2026-02-07,Morning,961,12,8
2507,1,2026-02-07,Afternoon,1000,32,8
2508,1,2026-02-07,Night,961,33,8
2509,2,2026-02-07,Morning,837,9,8
2510,2,2026-02-07,Afternoon,926,56,8
2511,2,2026-02-07,Night,947,58,8
2512,3,2026-02-07,Morning,873,49,8
2513,3,2026-02-07,Afternoon,776,14,8
2514,3,2026-02-07,Night,753,14,8
2515,4,2026-02-07,Morning,1014,78,8
2516,4,2026-02-07,Afternoon,996,53,8
2517,4,2026-02-07,Night,992,52,8
2518,5,2026-02-07,Morning,981,63,8
2519,5,2026-02-07,Afternoon,963,13,8
2520,5,2026-02-07,Night,950,59,8
2521,1,2026-02-08,Morning,931,51,8
2522,1,2026-02-08,Afternoon,980,31,8
2523,1,2026-02-08,Night,902,53,8
2524,2,2026-02-08,Morning,911,20,8
2525,2,2026-02-08,Afternoon,898,66,8
2526,2,2026-02-08,Night,836,20,8
2527,3,2026-02-08,Morning,816,36,8
2528,3,2026-02-08,Afternoon,776,57,8
2529,3,2026-02-08,Night,815,21,8
2530,4,2026-02-08,Morning,941,19,8
2531,4,2026-02-08,Afternoon,1014,63,8
2532,4,2026-02-08,Night,1047,33,8
2533,5,2026-02-08,Morning,843,66,8
2534,5,2026-02-08,Afternoon,882,26,8
2535,5,2026-02-08,Night,891,44,8
2536,1,2026-02-09,Morning,895,24,8
2537,1,2026-02-09,Afternoon,941,68,8
2538,1,2026-02-09,Night,965,16,8
2539,2,2026-02-09,Morning,927,20,8
2540,2,2026-02-09,Afternoon,910,70,8
2541,2,2026-02-09,Night,926,53,8
2542,3,2026-02-09,Morning,797,24,8
2543,3,2026-02-09,Afternoon,776,12,8
2544,3,2026-02-09,Night,762,15,8
2545,4,2026-02-09,Morning,972,63,8
2546,4,2026-02-09,Afternoon,943,18,8
2547,4,2026-02-09,Night,993,23,8
2548,5,2026-02-09,Morning,894,15,8
2549,5,2026-02-09,Afternoon,910,50,8
2550,5,2026-02-09,Night,972,46,8
2551,1,2026-02-10,Morning,997,53,8
2552,1,2026-02-10,Afternoon,995,28,8
2553,1,2026-02-10,Night,947,68,8
2554,2,2026-02-10,Morning,877,43,8
2555,2,2026-02-10,Afternoon,920,52,8
2556,2,2026-02-10,Night,864,67,8
2557,3,2026-02-10,Morning,829,14,8
2558,3,2026-02-10,Afternoon,774,50,8
2559,3,2026-02-10,Night,791,42,8
2560,4,2026-02-10,Morning,1010,40,8
2561,4,2026-02-10,Afternoon,907,57,8
2562,4,2026-02-10,Night,956,72,8
2563,5,2026-02-10,Morning,944,26,8
2564,5,2026-02-10,Afternoon,953,14,8
2565,5,2026-02-10,Night,946,51,8
2566,1,2026-02-11,Morning,940,56,8
2567,1,2026-02-11,Afternoon,984,11,8
2568,1,2026-02-11,Night,911,33,8
2569,2,2026-02-11,Morning,859,58,8
2570,2,2026-02-11,Afternoon,914,24,8
2571,2,2026-02-11,Night,857,44,8
2572,3,2026-02-11,Morning,868,15,8
2573,3,2026-02-11,Afternoon,831,66,8
2574,3,2026-02-11,Night,777,19,8
2575,4,2026-02-11,Morning,1014,78,8
2576,4,2026-02-11,Afternoon,930,68,8
2577,4,2026-02-11,Night,1038,20,8
2578,5,2026-02-11,Morning,930,72,8
2579,5,2026-02-11,Afternoon,906,26,8
2580,5,2026-02-11,Night,918,61,8
2581,1,2026-02-12,Morning,920,31,8
2582,1,2026-02-12,Afternoon,941,74,8
2583,1,2026-02-12,Night,902,19,8
2584,2,2026-02-12,Morning,972,76,8
2585,2,2026-02-12,Afternoon,877,13,8
2586,2,2026-02-12,Night,933,13,8
2587,3,2026-02-12,Morning,808,60,8
2588,3,2026-02-12,Afternoon,760,34,8
2589,3,2026-02-12,Night,792,47,8
2590,4,2026-02-12,Morning,1027,62,8
2591,4,2026-02-12,Afternoon,961,52,8
2592,4,2026-02-12,Night,936,13,8
2593,5,2026-02-12,Morning,951,75,8
2594,5,2026-02-12,Afternoon,843,36,8
2595,5,2026-02-12,Night,918,60,8
2596,1,2026-02-13,Morning,1001,51,8
2597,1,2026-02-13,Afternoon,941,49,8
2598,1,2026-02-13,Night,987,53,8
2599,2,2026-02-13,Morning,856,14,8
2600,2,2026-02-13,Afternoon,889,9,8
2601,2,2026-02-13,Night,886,21,8
2602,3,2026-02-13,Morning,819,50,8
2603,3,2026-02-13,Afternoon,802,17,8
2604,3,2026-02-13,Night,719,55,8
2605,4,2026-02-13,Morning,1037,20,8
2606,4,2026-02-13,Afternoon,959,10,8
2607,4,2026-02-13,Night,982,41,8
2608,5,2026-02-13,Morning,917,42,8
2609,5,2026-02-13,Afternoon,929,55,8
2610,5,2026-02-13,Night,925,37,8
2611,1,2026-02-14,Morning,914,61,8
2612,1,2026-02-14,Afternoon,980,50,8
2613,1,2026-02-14,Night,923,49,8
2614,2,2026-02-14,Morning,870,59,8
2615,2,2026-02-14,Afternoon,838,59,8
2616,2,2026-02-14,Night,878,49,8
2617,3,2026-02-14,Morning,772,18,8
2618,3,2026-02-14,Afternoon,683,36,8
2619,3,2026-02-14,Night,719,35,8
2620,4,2026-02-14,Morning,866,64,8
2621,4,2026-02-14,Afternoon,970,58,8
2622,4,2026-02-14,Night,1035,52,8
2623,5,2026-02-14,Morning,874,37,8
2624,5,2026-02-14,Afternoon,928,25,8
2625,5,2026-02-14,Night,920,70,8
2626,1,2026-02-15,Morning,975,46,8
2627,1,2026-02-15,Afternoon,978,18,8
2628,1,2026-02-15,Night,1036,37,8
2629,2,2026-02-15,Morning,909,37,8
2630,2,2026-02-15,Afternoon,867,55,8
2631,2,2026-02-15,Night,877,33,8
2632,3,2026-02-15,Morning,781,58,8
2633,3,2026-02-15,Afternoon,774,35,8
2634,3,2026-02-15,Night,866,13,8
2635,4,2026-02-15,Morning,1006,17,8
2636,4,2026-02-15,Afternoon,914,70,8
2637,4,2026-02-15,Night,999,27,8
2638,5,2026-02-15,Morning,887,53,8
2639,5,2026-02-15,Afternoon,957,50,8
2640,5,2026-02-15,Night,974,70,8
2641,1,2026-02-16,Morning,940,25,8
2642,1,2026-02-16,Afternoon,926,73,8
2643,1,2026-02-16,Night,1008,58,8
2644,2,2026-02-16,Morning,872,21,8
2645,2,2026-02-16,Afternoon,868,33,8
2646,2,2026-02-16,Night,861,22,8
2647,3,2026-02-16,Morning,796,26,8
2648,3,2026-02-16,Afternoon,809,8,8
2649,3,2026-02-16,Night,838,16,8
2650,4,2026-02-16,Morning,1001,21,8
2651,4,2026-02-16,Afternoon,1000,13,8
2652,4,2026-02-16,Night,1030,55,8
2653,5,2026-02-16,Morning,890,56,8
2654,5,2026-02-16,Afternoon,872,58,8
2655,5,2026-02-16,Night,953,36,8
2656,1,2026-02-17,Morning,944,60,8
2657,1,2026-02-17,Afternoon,988,72,8
2658,1,2026-02-17,Night,948,15,8
2659,2,2026-02-17,Morning,875,58,8
2660,2,2026-02-17,Afternoon,923,64,8
2661,2,2026-02-17,Night,903,12,8
2662,3,2026-02-17,Morning,798,16,8
2663,3,2026-02-17,Afternoon,895,49,8
2664,3,2026-02-17,Night,847,9,8
2665,4,2026-02-17,Morning,1008,57,8
2666,4,2026-02-17,Afternoon,984,66,8
2667,4,2026-02-17,Night,981,41,8
2668,5,2026-02-17,Morning,917,41,8
2669,5,2026-02-17,Afternoon,938,42,8
2670,5,2026-02-17,Night,910,57,8
2671,1,2026-02-18,Morning,902,49,8
2672,1,2026-02-18,Afternoon,948,20,8
2673,1,2026-02-18,Night,961,20,8
2674,2,2026-02-18,Morning,938,72,8
2675,2,2026-02-18,Afternoon,868,46,8
2676,2,2026-02-18,Night,901,24,8
2677,3,2026-02-18,Morning,820,64,8
2678,3,2026-02-18,Afternoon,819,36,8
2679,3,2026-02-18,Night,864,16,8
2680,4,2026-02-18,Morning,968,46,8
2681,4,2026-02-18,Afternoon,945,37,8
2682,4,2026-02-18,Night,983,68,8
2683,5,2026-02-18,Morning,920,65,8
2684,5,2026-02-18,Afternoon,913,17,8
2685,5,2026-02-18,Night,908,48,8
2686,1,2026-02-19,Morning,961,33,8
2687,1,2026-02-19,Afternoon,923,50,8
2688,1,2026-02-19,Night,978,25,8
2689,2,2026-02-19,Morning,926,17,8
2690,2,2026-02-19,Afternoon,915,64,8
2691,2,2026-02-19,Night,860,34,8
2692,3,2026-02-19,Morning,809,17,8
2693,3,2026-02-19,Afternoon,841,14,8
2694,3,2026-02-19,Night,831,37,8
2695,4,2026-02-19,Morning,1005,47,8
2696,4,2026-02-19,Afternoon,980,36,8
2697,4,2026-02-19,Night,979,42,8
2698,5,2026-02-19,Morning,978,43,8
2699,5,2026-02-19,Afternoon,941,35,8
2700,5,2026-02-19,Night,941,31,8
2701,1,2026-02-20,Morning,1060,28,8
2702,1,2026-02-20,Afternoon,937,61,8
2703,1,2026-02-20,Night,866,15,8
2704,2,2026-02-20,Morning,893,23,8
2705,2,2026-02-20,Afternoon,895,19,8
2706,2,2026-02-20,Night,910,38,8
2707,3,2026-02-20,Morning,819,39,8
2708,3,2026-02-20,Afternoon,722,25,8
2709,3,2026-02-20,Night,820,29,8
2710,4,2026-02-20,Morning,977,27,8
2711,4,2026-02-20,Afternoon,969,61,8
2712,4,2026-02-20,Night,916,22,8
2713,5,2026-02-20,Morning,987,33,8
2714,5,2026-02-20,Afternoon,913,45,8
2715,5,2026-02-20,Night,956,13,8
2716,1,2026-02-21,Morning,917,63,8
2717,1,2026-02-21,Afternoon,962,33,8
2718,1,2026-02-21,Night,940,56,8
2719,2,2026-02-21,Morning,925,17,8
2720,2,2026-02-21,Afternoon,888,19,8
2721,2,2026-02-21,Night,866,20,8
2722,3,2026-02-21,Morning,799,60,8
2723,3,2026-02-21,Afternoon,797,59,8
2724,3,2026-02-21,Night,809,38,8
2725,4,2026-02-21,Morning,1016,57,8
2726,4,2026-02-21,Afternoon,937,74,8
2727,4,2026-02-21,Night,1014,13,8
2728,5,2026-02-21,Morning,882,15,8
2729,5,2026-02-21,Afternoon,953,43,8
2730,5,2026-02-21,Night,954,29,8
2731,1,2026-02-22,Morning,931,33,8
2732,1,2026-02-22,Afternoon,919,57,8
2733,1,2026-02-22,Night,917,10,8
2734,2,2026-02-22,Morning,903,15,8
2735,2,2026-02-22,Afternoon,927,50,8
2736,2,2026-02-22,Night,894,59,8
2737,3,2026-02-22,Morning,712,12,8
2738,3,2026-02-22,Afternoon,778,55,8
2739,3,2026-02-22,Night,777,35,8
2740,4,2026-02-22,Morning,999,44,8
2741,4,2026-02-22,Afternoon,1001,50,8
2742,4,2026-02-22,Night,985,47,8
2743,5,2026-02-22,Morning,964,18,8
2744,5,2026-02-22,Afternoon,967,66,8
2745,5,2026-02-22,Night,910,24,8
2746,1,2026-02-23,Morning,916,33,8
2747,1,2026-02-23,Afternoon,946,36,8
2748,1,2026-02-23,Night,882,69,8
2749,2,2026-02-23,Morning,905,12,8
2750,2,2026-02-23,Afternoon,879,60,8
2751,2,2026-02-23,Night,1023,50,8
2752,3,2026-02-23,Morning,854,18,8
2753,3,2026-02-23,Afternoon,775,39,8
2754,3,2026-02-23,Night,759,18,8
2755,4,2026-02-23,Morning,952,18,8
2756,4,2026-02-23,Afternoon,1018,20,8
2757,4,2026-02-23,Night,1019,66,8
2758,5,2026-02-23,Morning,984,74,8
2759,5,2026-02-23,Afternoon,895,24,8
2760,5,2026-02-23,Night,949,65,8
2761,1,2026-02-24,Morning,919,68,8
2762,1,2026-02-24,Afternoon,1014,56,8
2763,1,2026-02-24,Night,917,34,8
2764,2,2026-02-24,Morning,851,11,8
2765,2,2026-02-24,Afternoon,857,32,8
2766,2,2026-02-24,Night,899,31,8
2767,3,2026-02-24,Morning,826,17,8
2768,3,2026-02-24,Afternoon,824,29,8
2769,3,2026-02-24,Night,758,49,8
2770,4,2026-02-24,Morning,965,57,8
2771,4,2026-02-24,Afternoon,960,16,8
2772,4,2026-02-24,Night,933,50,8
2773,5,2026-02-24,Morning,909,45,8
2774,5,2026-02-24,Afternoon,983,72,8
2775,5,2026-02-24,Night,879,32,8
2776,1,2026-02-25,Morning,958,66,8
2777,1,2026-02-25,Afternoon,1004,70,8
2778,1,2026-02-25,Night,1001,72,8
2779,2,2026-02-25,Morning,966,60,8
2780,2,2026-02-25,Afternoon,912,47,8
2781,2,2026-02-25,Night,917,55,8
2782,3,2026-02-25,Morning,779,12,8
2783,3,2026-02-25,Afternoon,748,25,8
2784,3,2026-02-25,Night,794,8,8
2785,4,2026-02-25,Morning,1023,54,8
2786,4,2026-02-25,Afternoon,892,50,8
2787,4,2026-02-25,Night,961,17,8
2788,5,2026-02-25,Morning,951,66,8
2789,5,2026-02-25,Afternoon,930,73,8
2790,5,2026-02-25,Night,979,16,8
2791,1,2026-02-26,Morning,989,34,8
2792,1,2026-02-26,Afternoon,893,66,8
2793,1,2026-02-26,Night,953,48,8
2794,2,2026-02-26,Morning,870,48,8
2795,2,2026-02-26,Afternoon,870,60,8
2796,2,2026-02-26,Night,846,20,8
2797,3,2026-02-26,Morning,809,51,8
2798,3,2026-02-26,Afternoon,850,50,8
2799,3,2026-02-26,Night,813,57,8
2800,4,2026-02-26,Morning,924,37,8
2801,4,2026-02-26,Afternoon,977,19,8
2802,4,2026-02-26,Night,1000,37,8
2803,5,2026-02-26,Morning,925,65,8
2804,5,2026-02-26,Afternoon,942,67,8
2805,5,2026-02-26,Night,903,54,8
2806,1,2026-02-27,Morning,940,29,8
2807,1,2026-02-27,Afternoon,938,41,8
2808,1,2026-02-27,Night,1008,64,8
2809,2,2026-02-27,Morning,859,31,8
2810,2,2026-02-27,Afternoon,816,29,8
2811,2,2026-02-27,Night,955,33,8
2812,3,2026-02-27,Morning,804,37,8
2813,3,2026-02-27,Afternoon,752,22,8
2814,3,2026-02-27,Night,835,62,8
2815,4,2026-02-27,Morning,1002,55,8
2816,4,2026-02-27,Afternoon,1045,12,8
2817,4,2026-02-27,Night,987,47,8
2818,5,2026-02-27,Morning,1025,36,8
2819,5,2026-02-27,Afternoon,925,39,8
2820,5,2026-02-27,Night,952,13,8
2821,1,2026-02-28,Morning,978,26,8
2822,1,2026-02-28,Afternoon,1074,66,8
2823,1,2026-02-28,Night,933,39,8
2824,2,2026-02-28,Morning,881,26,8
2825,2,2026-02-28,Afternoon,929,51,8
2826,2,2026-02-28,Night,849,57,8
2827,3,2026-02-28,Morning,770,22,8
2828,3,2026-02-28,Afternoon,794,62,8
2829,3,2026-02-28,Night,863,9,8
2830,4,2026-02-28,Morning,1009,46,8
2831,4,2026-02-28,Afternoon,983,73,8
2832,4,2026-02-28,Night,959,74,8
2833,5,2026-02-28,Morning,845,64,8
2834,5,2026-02-28,Afternoon,1011,57,8
2835,5,2026-02-28,Night,927,24,8
2836,1,2026-03-01,Morning,920,39,8
2837,1,2026-03-01,Afternoon,1041,36,8
2838,1,2026-03-01,Night,900,19,8
2839,2,2026-03-01,Morning,951,53,8
2840,2,2026-03-01,Afternoon,900,30,8
2841,2,2026-03-01,Night,929,72,8
2842,3,2026-03-01,Morning,821,59,8
2843,3,2026-03-01,Afternoon,828,9,8
2844,3,2026-03-01,Night,895,24,8
2845,4,2026-03-01,Morning,1067,52,8
2846,4,2026-03-01,Afternoon,952,59,8
2847,4,2026-03-01,Night,999,16,8
2848,5,2026-03-01,Morning,862,33,8
2849,5,2026-03-01,Afternoon,963,76,8
2850,5,2026-03-01,Night,972,28,8
2851,1,2026-03-02,Morning,867,35,8
2852,1,2026-03-02,Afternoon,949,66,8
2853,1,2026-03-02,Night,979,23,8
2854,2,2026-03-02,Morning,914,65,8
2855,2,2026-03-02,Afternoon,851,39,8
2856,2,2026-03-02,Night,855,64,8
2857,3,2026-03-02,Morning,794,55,8
2858,3,2026-03-02,Afternoon,783,29,8
2859,3,2026-03-02,Night,786,29,8
2860,4,2026-03-02,Morning,926,68,8
2861,4,2026-03-02,Afternoon,981,77,8
2862,4,2026-03-02,Night,1044,44,8
2863,5,2026-03-02,Morning,882,67,8
2864,5,2026-03-02,Afternoon,921,58,8
2865,5,2026-03-02,Night,954,57,8
2866,1,2026-03-03,Morning,887,67,8
2867,1,2026-03-03,Afternoon,951,61,8
2868,1,2026-03-03,Night,991,48,8
2869,2,2026-03-03,Morning,860,16,8
2870,2,2026-03-03,Afternoon,905,42,8
2871,2,2026-03-03,Night,938,72,8
2872,3,2026-03-03,Morning,892,39,8
2873,3,2026-03-03,Afternoon,803,55,8
2874,3,2026-03-03,Night,771,61,8
2875,4,2026-03-03,Morning,907,66,8
2876,4,2026-03-03,Afternoon,951,22,8
2877,4,2026-03-03,Night,924,11,8
2878,5,2026-03-03,Morning,998,34,8
2879,5,2026-03-03,Afternoon,965,73,8
2880,5,2026-03-03,Night,885,25,8
2881,1,2026-03-04,Morning,919,69,8
2882,1,2026-03-04,Afternoon,952,60,8
2883,1,2026-03-04,Night,991,54,8
2884,2,2026-03-04,Morning,920,71,8
2885,2,2026-03-04,Afternoon,916,42,8
2886,2,2026-03-04,Night,908,16,8
2887,3,2026-03-04,Morning,757,38,8
2888,3,2026-03-04,Afternoon,803,35,8
2889,3,2026-03-04,Night,798,61,8
2890,4,2026-03-04,Morning,923,34,8
2891,4,2026-03-04,Afternoon,1046,54,8
2892,4,2026-03-04,Night,956,29,8
2893,5,2026-03-04,Morning,874,67,8
2894,5,2026-03-04,Afternoon,912,17,8
2895,5,2026-03-04,Night,919,23,8
2896,1,2026-03-05,Morning,947,61,8
2897,1,2026-03-05,Afternoon,939,14,8
2898,1,2026-03-05,Night,949,63,8
2899,2,2026-03-05,Morning,905,63,8
2900,2,2026-03-05,Afternoon,903,52,8
2901,2,2026-03-05,Night,915,41,8
2902,3,2026-03-05,Morning,818,21,8
2903,3,2026-03-05,Afternoon,819,64,8
2904,3,2026-03-05,Night,829,17,8
2905,4,2026-03-05,Morning,952,62,8
2906,4,2026-03-05,Afternoon,953,21,8
2907,4,2026-03-05,Night,1021,49,8
2908,5,2026-03-05,Morning,913,66,8
2909,5,2026-03-05,Afternoon,925,52,8
2910,5,2026-03-05,Night,921,66,8
2911,1,2026-03-06,Morning,1041,24,8
2912,1,2026-03-06,Afternoon,915,60,8
2913,1,2026-03-06,Night,915,44,8
2914,2,2026-03-06,Morning,899,40,8
2915,2,2026-03-06,Afternoon,892,29,8
2916,2,2026-03-06,Night,854,39,8
2917,3,2026-03-06,Morning,796,50,8
2918,3,2026-03-06,Afternoon,800,47,8
2919,3,2026-03-06,Night,779,48,8
2920,4,2026-03-06,Morning,973,74,8
2921,4,2026-03-06,Afternoon,949,21,8
2922,4,2026-03-06,Night,934,47,8
2923,5,2026-03-06,Morning,913,53,8
2924,5,2026-03-06,Afternoon,890,43,8
2925,5,2026-03-06,Night,877,43,8
2926,1,2026-03-07,Morning,875,9,8
2927,1,2026-03-07,Afternoon,958,71,8
2928,1,2026-03-07,Night,932,26,8
2929,2,2026-03-07,Morning,941,67,8
2930,2,2026-03-07,Afternoon,821,62,8
2931,2,2026-03-07,Night,885,50,8
2932,3,2026-03-07,Morning,808,31,8
2933,3,2026-03-07,Afternoon,774,18,8
2934,3,2026-03-07,Night,798,52,8
2935,4,2026-03-07,Morning,906,33,8
2936,4,2026-03-07,Afternoon,962,67,8
2937,4,2026-03-07,Night,946,17,8
2938,5,2026-03-07,Morning,967,26,8
2939,5,2026-03-07,Afternoon,935,44,8
2940,5,2026-03-07,Night,960,49,8
2941,1,2026-03-08,Morning,996,46,8
2942,1,2026-03-08,Afternoon,929,16,8
2943,1,2026-03-08,Night,954,72,8
2944,2,2026-03-08,Morning,856,27,8
2945,2,2026-03-08,Afternoon,914,24,8
2946,2,2026-03-08,Night,920,11,8
2947,3,2026-03-08,Morning,811,19,8
2948,3,2026-03-08,Afternoon,779,28,8
2949,3,2026-03-08,Night,871,15,8
2950,4,2026-03-08,Morning,980,37,8
2951,4,2026-03-08,Afternoon,1097,73,8
2952,4,2026-03-08,Night,937,20,8
2953,5,2026-03-08,Morning,954,46,8
2954,5,2026-03-08,Afternoon,968,57,8
2955,5,2026-03-08,Night,887,50,8
2956,1,2026-03-09,Morning,939,43,8
2957,1,2026-03-09,Afternoon,894,65,8
2958,1,2026-03-09,Night,998,51,8
2959,2,2026-03-09,Morning,895,56,8
2960,2,2026-03-09,Afternoon,866,56,8
2961,2,2026-03-09,Night,938,26,8
2962,3,2026-03-09,Morning,799,30,8
2963,3,2026-03-09,Afternoon,832,13,8
2964,3,2026-03-09,Night,816,57,8
2965,4,2026-03-09,Morning,941,25,8
2966,4,2026-03-09,Afternoon,958,37,8
2967,4,2026-03-09,Night,947,18,8
2968,5,2026-03-09,Morning,884,27,8
2969,5,2026-03-09,Afternoon,864,29,8
2970,5,2026-03-09,Night,1010,62,8
2971,1,2026-03-10,Morning,960,31,8
2972,1,2026-03-10,Afternoon,966,59,8
2973,1,2026-03-10,Night,993,27,8
2974,2,2026-03-10,Morning,878,12,8
2975,2,2026-03-10,Afternoon,846,41,8
2976,2,2026-03-10,Night,928,43,8
2977,3,2026-03-10,Morning,752,53,8
2978,3,2026-03-10,Afternoon,827,26,8
2979,3,2026-03-10,Night,741,35,8
2980,4,2026-03-10,Morning,929,14,8
2981,4,2026-03-10,Afternoon,954,54,8
2982,4,2026-03-10,Night,1006,66,8
2983,5,2026-03-10,Morning,994,55,8
2984,5,2026-03-10,Afternoon,946,33,8
2985,5,2026-03-10,Night,905,45,8
2986,1,2026-03-11,Morning,986,61,8
2987,1,2026-03-11,Afternoon,890,37,8
2988,1,2026-03-11,Night,913,61,8
2989,2,2026-03-11,Morning,903,50,8
2990,2,2026-03-11,Afternoon,930,68,8
2991,2,2026-03-11,Night,891,53,8
2992,3,2026-03-11,Morning,787,53,8
2993,3,2026-03-11,Afternoon,789,12,8
2994,3,2026-03-11,Night,843,34,8
2995,4,2026-03-11,Morning,949,60,8
2996,4,2026-03-11,Afternoon,940,14,8
2997,4,2026-03-11,Night,969,50,8
2998,5,2026-03-11,Morning,979,15,8
2999,5,2026-03-11,Afternoon,903,69,8
3000,5,2026-03-11,Night,919,61,8
3001,1,2026-03-12,Morning,889,66,8
3002,1,2026-03-12,Afternoon,941,32,8
3003,1,2026-03-12,Night,958,72,8
3004,2,2026-03-12,Morning,852,8,8
3005,2,2026-03-12,Afternoon,943,40,8
3006,2,2026-03-12,Night,908,72,8
3007,3,2026-03-12,Morning,779,61,8
3008,3,2026-03-12,Afternoon,808,31,8
3009,3,2026-03-12,Night,819,25,8
3010,4,2026-03-12,Morning,910,14,8
3011,4,2026-03-12,Afternoon,990,79,8
3012,4,2026-03-12,Night,1027,30,8
3013,5,2026-03-12,Morning,899,19,8
3014,5,2026-03-12,Afternoon,910,27,8
3015,5,2026-03-12,Night,916,16,8
3016,1,2026-03-13,Morning,980,69,8
3017,1,2026-03-13,Afternoon,907,36,8
3018,1,2026-03-13,Night,967,29,8
3019,2,2026-03-13,Morning,886,70,8
3020,2,2026-03-13,Afternoon,966,13,8
3021,2,2026-03-13,Night,889,40,8
3022,3,2026-03-13,Morning,711,22,8
3023,3,2026-03-13,Afternoon,824,62,8
3024,3,2026-03-13,Night,815,54,8
3025,4,2026-03-13,Morning,986,66,8
3026,4,2026-03-13,Afternoon,1026,32,8
3027,4,2026-03-13,Night,914,39,8
3028,5,2026-03-13,Morning,893,26,8
3029,5,2026-03-13,Afternoon,928,15,8
3030,5,2026-03-13,Night,934,43,8
3031,1,2026-03-14,Morning,942,37,8
3032,1,2026-03-14,Afternoon,890,58,8
3033,1,2026-03-14,Night,930,31,8
3034,2,2026-03-14,Morning,963,30,8
3035,2,2026-03-14,Afternoon,856,22,8
3036,2,2026-03-14,Night,897,67,8
3037,3,2026-03-14,Morning,817,35,8
3038,3,2026-03-14,Afternoon,829,38,8
3039,3,2026-03-14,Night,824,19,8
3040,4,2026-03-14,Morning,957,23,8
3041,4,2026-03-14,Afternoon,943,70,8
3042,4,2026-03-14,Night,1047,16,8
3043,5,2026-03-14,Morning,963,70,8
3044,5,2026-03-14,Afternoon,930,19,8
3045,5,2026-03-14,Night,984,20,8
3046,1,2026-03-15,Morning,889,69,8
3047,1,2026-03-15,Afternoon,896,46,8
3048,1,2026-03-15,Night,862,12,8
3049,2,2026-03-15,Morning,904,10,8
3050,2,2026-03-15,Afternoon,905,29,8
3051,2,2026-03-15,Night,843,62,8
3052,3,2026-03-15,Morning,832,45,8
3053,3,2026-03-15,Afternoon,724,27,8
3054,3,2026-03-15,Night,812,18,8
3055,4,2026-03-15,Morning,1001,45,8
3056,4,2026-03-15,Afternoon,983,15,8
3057,4,2026-03-15,Night,918,64,8
3058,5,2026-03-15,Morning,976,39,8
3059,5,2026-03-15,Afternoon,908,57,8
3060,5,2026-03-15,Night,909,25,8
3061,1,2026-03-16,Morning,921,29,8
3062,1,2026-03-16,Afternoon,975,41,8
3063,1,2026-03-16,Night,927,18,8
3064,2,2026-03-16,Morning,852,38,8
3065,2,2026-03-16,Afternoon,937,70,8
3066,2,2026-03-16,Night,896,33,8
3067,3,2026-03-16,Morning,838,55,8
3068,3,2026-03-16,Afternoon,799,8,8
3069,3,2026-03-16,Night,769,20,8
3070,4,2026-03-16,Morning,909,21,8
3071,4,2026-03-16,Afternoon,984,27,8
3072,4,2026-03-16,Night,966,13,8
3073,5,2026-03-16,Morning,957,66,8
3074,5,2026-03-16,Afternoon,905,39,8
3075,5,2026-03-16,Night,943,22,8
3076,1,2026-03-17,Morning,947,23,8
3077,1,2026-03-17,Afternoon,915,33,8
3078,1,2026-03-17,Night,928,68,8
3079,2,2026-03-17,Morning,846,63,8
3080,2,2026-03-17,Afternoon,970,12,8
3081,2,2026-03-17,Night,912,48,8
3082,3,2026-03-17,Morning,743,9,8
3083,3,2026-03-17,Afternoon,868,51,8
3084,3,2026-03-17,Night,755,41,8
3085,4,2026-03-17,Morning,954,38,8
3086,4,2026-03-17,Afternoon,968,18,8
3087,4,2026-03-17,Night,978,31,8
3088,5,2026-03-17,Morning,956,60,8
3089,5,2026-03-17,Afternoon,851,56,8
3090,5,2026-03-17,Night,929,65,8
3091,1,2026-03-18,Morning,936,46,8
3092,1,2026-03-18,Afternoon,954,60,8
3093,1,2026-03-18,Night,935,67,8
3094,2,2026-03-18,Morning,879,10,8
3095,2,2026-03-18,Afternoon,893,36,8
3096,2,2026-03-18,Night,965,10,8
3097,3,2026-03-18,Morning,780,37,8
3098,3,2026-03-18,Afternoon,843,48,8
3099,3,2026-03-18,Night,803,37,8
3100,4,2026-03-18,Morning,981,37,8
3101,4,2026-03-18,Afternoon,985,30,8
3102,4,2026-03-18,Night,997,18,8
3103,5,2026-03-18,Morning,913,51,8
3104,5,2026-03-18,Afternoon,970,41,8
3105,5,2026-03-18,Night,947,13,8
3106,1,2026-03-19,Morning,898,34,8
3107,1,2026-03-19,Afternoon,862,53,8
3108,1,2026-03-19,Night,1013,68,8
3109,2,2026-03-19,Morning,906,68,8
3110,2,2026-03-19,Afternoon,844,57,8
3111,2,2026-03-19,Night,880,35,8
3112,3,2026-03-19,Morning,833,35,8
3113,3,2026-03-19,Afternoon,790,59,8
3114,3,2026-03-19,Night,794,40,8
3115,4,2026-03-19,Morning,1005,34,8
3116,4,2026-03-19,Afternoon,990,52,8
3117,4,2026-03-19,Night,1000,34,8
3118,5,2026-03-19,Morning,955,34,8
3119,5,2026-03-19,Afternoon,900,24,8
3120,5,2026-03-19,Night,903,59,8
3121,1,2026-03-20,Morning,915,41,8
3122,1,2026-03-20,Afternoon,925,65,8
3123,1,2026-03-20,Night,942,32,8
3124,2,2026-03-20,Morning,895,55,8
3125,2,2026-03-20,Afternoon,952,73,8
3126,2,2026-03-20,Night,908,59,8
3127,3,2026-03-20,Morning,793,10,8
3128,3,2026-03-20,Afternoon,900,71,8
3129,3,2026-03-20,Night,757,42,8
3130,4,2026-03-20,Morning,965,28,8
3131,4,2026-03-20,Afternoon,1047,43,8
3132,4,2026-03-20,Night,1046,71,8
3133,5,2026-03-20,Morning,915,43,8
3134,5,2026-03-20,Afternoon,863,48,8
3135,5,2026-03-20,Night,910,50,8
3136,1,2026-03-21,Morning,1003,20,8
3137,1,2026-03-21,Afternoon,943,57,8
3138,1,2026-03-21,Night,975,11,8
3139,2,2026-03-21,Morning,897,64,8
3140,2,2026-03-21,Afternoon,841,39,8
3141,2,2026-03-21,Night,898,39,8
3142,3,2026-03-21,Morning,831,15,8
3143,3,2026-03-21,Afternoon,775,56,8
3144,3,2026-03-21,Night,829,61,8
3145,4,2026-03-21,Morning,981,56,8
3146,4,2026-03-21,Afternoon,1007,64,8
3147,4,2026-03-21,Night,990,12,8
3148,5,2026-03-21,Morning,890,39,8
3149,5,2026-03-21,Afternoon,916,32,8
3150,5,2026-03-21,Night,915,36,8
3151,1,2026-03-22,Morning,923,41,8
3152,1,2026-03-22,Afternoon,957,21,8
3153,1,2026-03-22,Night,1026,50,8
3154,2,2026-03-22,Morning,940,57,8
3155,2,2026-03-22,Afternoon,946,38,8
3156,2,2026-03-22,Night,871,38,8
3157,3,2026-03-22,Morning,847,26,8
3158,3,2026-03-22,Afternoon,861,13,8
3159,3,2026-03-22,Night,769,26,8
3160,4,2026-03-22,Morning,995,51,8
3161,4,2026-03-22,Afternoon,996,10,8
3162,4,2026-03-22,Night,968,23,8
3163,5,2026-03-22,Morning,934,26,8
3164,5,2026-03-22,Afternoon,948,13,8
3165,5,2026-03-22,Night,921,55,8
3166,1,2026-03-23,Morning,988,73,8
3167,1,2026-03-23,Afternoon,899,41,8
3168,1,2026-03-23,Night,934,68,8
3169,2,2026-03-23,Morning,926,68,8
3170,2,2026-03-23,Afternoon,970,18,8
3171,2,2026-03-23,Night,941,36,8
3172,3,2026-03-23,Morning,803,35,8
3173,3,2026-03-23,Afternoon,793,25,8
3174,3,2026-03-23,Night,786,59,8
3175,4,2026-03-23,Morning,967,55,8
3176,4,2026-03-23,Afternoon,908,19,8
3177,4,2026-03-23,Night,1048,74,8
3178,5,2026-03-23,Morning,926,49,8
3179,5,2026-03-23,Afternoon,897,68,8
3180,5,2026-03-23,Night,944,18,8
3181,1,2026-03-24,Morning,920,69,8
3182,1,2026-03-24,Afternoon,984,59,8
3183,1,2026-03-24,Night,918,37,8
3184,2,2026-03-24,Morning,928,49,8
3185,2,2026-03-24,Afternoon,886,68,8
3186,2,2026-03-24,Night,909,65,8
3187,3,2026-03-24,Morning,831,38,8
3188,3,2026-03-24,Afternoon,777,32,8
3189,3,2026-03-24,Night,830,50,8
3190,4,2026-03-24,Morning,910,35,8
3191,4,2026-03-24,Afternoon,1037,61,8
3192,4,2026-03-24,Night,1017,13,8
3193,5,2026-03-24,Morning,924,26,8
3194,5,2026-03-24,Afternoon,975,26,8
3195,5,2026-03-24,Night,970,35,8
3196,1,2026-03-25,Morning,948,59,8
3197,1,2026-03-25,Afternoon,947,75,8
3198,1,2026-03-25,Night,913,58,8
3199,2,2026-03-25,Morning,900,23,8
3200,2,2026-03-25,Afternoon,840,32,8
3201,2,2026-03-25,Night,927,24,8
3202,3,2026-03-25,Morning,828,61,8
3203,3,2026-03-25,Afternoon,730,32,8
3204,3,2026-03-25,Night,853,44,8
3205,4,2026-03-25,Morning,954,43,8
3206,4,2026-03-25,Afternoon,1092,24,8
3207,4,2026-03-25,Night,987,18,8
3208,5,2026-03-25,Morning,983,62,8
3209,5,2026-03-25,Afternoon,891,41,8
3210,5,2026-03-25,Night,916,16,8
3211,1,2026-03-26,Morning,927,34,8
3212,1,2026-03-26,Afternoon,890,58,8
3213,1,2026-03-26,Night,899,25,8
3214,2,2026-03-26,Morning,893,40,8
3215,2,2026-03-26,Afternoon,913,45,8
3216,2,2026-03-26,Night,858,51,8
3217,3,2026-03-26,Morning,784,56,8
3218,3,2026-03-26,Afternoon,770,60,8
3219,3,2026-03-26,Night,795,8,8
3220,4,2026-03-26,Morning,1004,41,8
3221,4,2026-03-26,Afternoon,982,33,8
3222,4,2026-03-26,Night,955,41,8
3223,5,2026-03-26,Morning,968,54,8
3224,5,2026-03-26,Afternoon,941,38,8
3225,5,2026-03-26,Night,933,27,8
3226,1,2026-03-27,Morning,908,12,8
3227,1,2026-03-27,Afternoon,984,21,8
3228,1,2026-03-27,Night,965,64,8
3229,2,2026-03-27,Morning,918,29,8
3230,2,2026-03-27,Afternoon,889,43,8
3231,2,2026-03-27,Night,882,24,8
3232,3,2026-03-27,Morning,868,20,8
3233,3,2026-03-27,Afternoon,782,34,8
3234,3,2026-03-27,Night,751,26,8
3235,4,2026-03-27,Morning,985,54,8
3236,4,2026-03-27,Afternoon,977,11,8
3237,4,2026-03-27,Night,1020,31,8
3238,5,2026-03-27,Morning,922,15,8
3239,5,2026-03-27,Afternoon,953,47,8
3240,5,2026-03-27,Night,986,13,8
3241,1,2026-03-28,Morning,963,23,8
3242,1,2026-03-28,Afternoon,910,41,8
3243,1,2026-03-28,Night,879,67,8
3244,2,2026-03-28,Morning,914,63,8
3245,2,2026-03-28,Afternoon,884,15,8
3246,2,2026-03-28,Night,908,40,8
3247,3,2026-03-28,Morning,798,28,8
3248,3,2026-03-28,Afternoon,750,41,8
3249,3,2026-03-28,Night,792,23,8
3250,4,2026-03-28,Morning,938,67,8
3251,4,2026-03-28,Afternoon,959,62,8
3252,4,2026-03-28,Night,1014,12,8
3253,5,2026-03-28,Morning,931,29,8
3254,5,2026-03-28,Afternoon,950,33,8
3255,5,2026-03-28,Night,934,38,8
3256,1,2026-03-29,Morning,937,71,8
3257,1,2026-03-29,Afternoon,958,41,8
3258,1,2026-03-29,Night,885,52,8
3259,2,2026-03-29,Morning,927,21,8
3260,2,2026-03-29,Afternoon,866,43,8
3261,2,2026-03-29,Night,918,69,8
3262,3,2026-03-29,Morning,785,36,8
3263,3,2026-03-29,Afternoon,750,10,8
3264,3,2026-03-29,Night,772,22,8
3265,4,2026-03-29,Morning,998,75,8
3266,4,2026-03-29,Afternoon,1063,40,8
3267,4,2026-03-29,Night,975,44,8
3268,5,2026-03-29,Morning,1007,28,8
3269,5,2026-03-29,Afternoon,864,51,8
3270,5,2026-03-29,Night,829,62,8
3271,1,2026-03-30,Morning,938,41,8
3272,1,2026-03-30,Afternoon,945,45,8
3273,1,2026-03-30,Night,970,76,8
3274,2,2026-03-30,Morning,874,66,8
3275,2,2026-03-30,Afternoon,911,54,8
3276,2,2026-03-30,Night,890,37,8
3277,3,2026-03-30,Morning,847,36,8
3278,3,2026-03-30,Afternoon,805,29,8
3279,3,2026-03-30,Night,908,21,8
3280,4,2026-03-30,Morning,970,70,8
3281,4,2026-03-30,Afternoon,1024,17,8
3282,4,2026-03-30,Night,1037,54,8
3283,5,2026-03-30,Morning,832,42,8
3284,5,2026-03-30,Afternoon,957,15,8
3285,5,2026-03-30,Night,880,69,8
3286,1,2026-03-31,Morning,939,46,8
3287,1,2026-03-31,Afternoon,905,15,8
3288,1,2026-03-31,Night,997,78,8
3289,2,2026-03-31,Morning,876,48,8
3290,2,2026-03-31,Afternoon,833,9,8
3291,2,2026-03-31,Night,906,26,8
3292,3,2026-03-31,Morning,854,12,8
3293,3,2026-03-31,Afternoon,755,11,8
3294,3,2026-03-31,Night,832,48,8
3295,4,2026-03-31,Morning,903,32,8
3296,4,2026-03-31,Afternoon,1037,26,8
3297,4,2026-03-31,Night,994,39,8
3298,5,2026-03-31,Morning,882,36,8
3299,5,2026-03-31,Afternoon,958,42,8
3300,5,2026-03-31,Night,908,43,8
3301,1,2026-04-01,Morning,913,14,8
3302,1,2026-04-01,Afternoon,927,55,8
3303,1,2026-04-01,Night,974,36,8
3304,2,2026-04-01,Morning,860,33,8
3305,2,2026-04-01,Afternoon,811,13,8
3306,2,2026-04-01,Night,879,27,8
3307,3,2026-04-01,Morning,849,25,8
3308,3,2026-04-01,Afternoon,849,35,8
3309,3,2026-04-01,Night,777,9,8
3310,4,2026-04-01,Morning,956,69,8
3311,4,2026-04-01,Afternoon,953,28,8
3312,4,2026-04-01,Night,952,18,8
3313,5,2026-04-01,Morning,904,17,8
3314,5,2026-04-01,Afternoon,938,51,8
3315,5,2026-04-01,Night,980,48,8
3316,1,2026-04-02,Morning,910,25,8
3317,1,2026-04-02,Afternoon,917,43,8
3318,1,2026-04-02,Night,962,39,8
3319,2,2026-04-02,Morning,926,65,8
3320,2,2026-04-02,Afternoon,839,67,8
3321,2,2026-04-02,Night,840,21,8
3322,3,2026-04-02,Morning,866,24,8
3323,3,2026-04-02,Afternoon,709,52,8
3324,3,2026-04-02,Night,785,28,8
3325,4,2026-04-02,Morning,924,63,8
3326,4,2026-04-02,Afternoon,919,51,8
3327,4,2026-04-02,Night,917,61,8
3328,5,2026-04-02,Morning,973,12,8
3329,5,2026-04-02,Afternoon,931,35,8
3330,5,2026-04-02,Night,973,43,8
3331,1,2026-04-03,Morning,943,32,8
3332,1,2026-04-03,Afternoon,992,19,8
3333,1,2026-04-03,Night,942,36,8
3334,2,2026-04-03,Morning,784,45,8
3335,2,2026-04-03,Afternoon,920,47,8
3336,2,2026-04-03,Night,896,59,8
3337,3,2026-04-03,Morning,790,26,8
3338,3,2026-04-03,Afternoon,764,38,8
3339,3,2026-04-03,Night,825,39,8
3340,4,2026-04-03,Morning,936,63,8
3341,4,2026-04-03,Afternoon,1005,39,8
3342,4,2026-04-03,Night,983,32,8
3343,5,2026-04-03,Morning,956,65,8
3344,5,2026-04-03,Afternoon,936,74,8
3345,5,2026-04-03,Night,977,29,8
3346,1,2026-04-04,Morning,966,25,8
3347,1,2026-04-04,Afternoon,954,46,8
3348,1,2026-04-04,Night,857,52,8
3349,2,2026-04-04,Morning,949,48,8
3350,2,2026-04-04,Afternoon,836,40,8
3351,2,2026-04-04,Night,847,13,8
3352,3,2026-04-04,Morning,830,15,8
3353,3,2026-04-04,Afternoon,800,55,8
3354,3,2026-04-04,Night,738,43,8
3355,4,2026-04-04,Morning,955,36,8
3356,4,2026-04-04,Afternoon,1026,38,8
3357,4,2026-04-04,Night,985,21,8
3358,5,2026-04-04,Morning,931,12,8
3359,5,2026-04-04,Afternoon,901,61,8
3360,5,2026-04-04,Night,962,57,8
3361,1,2026-04-05,Morning,945,53,8
3362,1,2026-04-05,Afternoon,974,41,8
3363,1,2026-04-05,Night,917,21,8
3364,2,2026-04-05,Morning,984,44,8
3365,2,2026-04-05,Afternoon,954,58,8
3366,2,2026-04-05,Night,905,51,8
3367,3,2026-04-05,Morning,813,36,8
3368,3,2026-04-05,Afternoon,776,56,8
3369,3,2026-04-05,Night,827,16,8
3370,4,2026-04-05,Morning,893,55,8
3371,4,2026-04-05,Afternoon,1046,77,8
3372,4,2026-04-05,Night,1004,59,8
3373,5,2026-04-05,Morning,890,8,8
3374,5,2026-04-05,Afternoon,994,18,8
3375,5,2026-04-05,Night,1009,39,8
3376,1,2026-04-06,Morning,965,59,8
3377,1,2026-04-06,Afternoon,918,21,8
3378,1,2026-04-06,Night,951,65,8
3379,2,2026-04-06,Morning,921,16,8
3380,2,2026-04-06,Afternoon,912,72,8
3381,2,2026-04-06,Night,860,43,8
3382,3,2026-04-06,Morning,820,60,8
3383,3,2026-04-06,Afternoon,846,19,8
3384,3,2026-04-06,Night,751,40,8
3385,4,2026-04-06,Morning,935,29,8
3386,4,2026-04-06,Afternoon,954,21,8
3387,4,2026-04-06,Night,971,26,8
3388,5,2026-04-06,Morning,963,39,8
3389,5,2026-04-06,Afternoon,975,76,8
3390,5,2026-04-06,Night,896,36,8
3391,1,2026-04-07,Morning,957,20,8
3392,1,2026-04-07,Afternoon,993,57,8
3393,1,2026-04-07,Night,1037,74,8
3394,2,2026-04-07,Morning,907,37,8
3395,2,2026-04-07,Afternoon,909,40,8
3396,2,2026-04-07,Night,915,47,8
3397,3,2026-04-07,Morning,787,25,8
3398,3,2026-04-07,Afternoon,804,43,8
3399,3,2026-04-07,Night,721,29,8
3400,4,2026-04-07,Morning,956,27,8
3401,4,2026-04-07,Afternoon,1000,46,8
3402,4,2026-04-07,Night,944,22,8
3403,5,2026-04-07,Morning,964,14,8
3404,5,2026-04-07,Afternoon,862,17,8
3405,5,2026-04-07,Night,962,57,8
3406,1,2026-04-08,Morning,982,55,8
3407,1,2026-04-08,Afternoon,1038,13,8
3408,1,2026-04-08,Night,935,50,8
3409,2,2026-04-08,Morning,900,31,8
3410,2,2026-04-08,Afternoon,961,28,8
3411,2,2026-04-08,Night,955,67,8
3412,3,2026-04-08,Morning,840,28,8
3413,3,2026-04-08,Afternoon,813,58,8
3414,3,2026-04-08,Night,860,40,8
3415,4,2026-04-08,Morning,1085,67,8
3416,4,2026-04-08,Afternoon,1003,77,8
3417,4,2026-04-08,Night,981,52,8
3418,5,2026-04-08,Morning,958,41,8
3419,5,2026-04-08,Afternoon,937,58,8
3420,5,2026-04-08,Night,919,29,8
3421,1,2026-04-09,Morning,984,14,8
3422,1,2026-04-09,Afternoon,930,66,8
3423,1,2026-04-09,Night,973,73,8
3424,2,2026-04-09,Morning,839,48,8
3425,2,2026-04-09,Afternoon,968,32,8
3426,2,2026-04-09,Night,869,25,8
3427,3,2026-04-09,Morning,746,10,8
3428,3,2026-04-09,Afternoon,853,10,8
3429,3,2026-04-09,Night,861,40,8
3430,4,2026-04-09,Morning,992,68,8
3431,4,2026-04-09,Afternoon,976,25,8
3432,4,2026-04-09,Night,966,39,8
3433,5,2026-04-09,Morning,940,45,8
3434,5,2026-04-09,Afternoon,928,69,8
3435,5,2026-04-09,Night,923,69,8
3436,1,2026-04-10,Morning,915,43,8
3437,1,2026-04-10,Afternoon,904,9,8
3438,1,2026-04-10,Night,953,63,8
3439,2,2026-04-10,Morning,909,67,8
3440,2,2026-04-10,Afternoon,871,21,8
3441,2,2026-04-10,Night,876,45,8
3442,3,2026-04-10,Morning,809,17,8
3443,3,2026-04-10,Afternoon,764,32,8
3444,3,2026-04-10,Night,842,43,8
3445,4,2026-04-10,Morning,1001,31,8
3446,4,2026-04-10,Afternoon,950,53,8
3447,4,2026-04-10,Night,999,18,8
3448,5,2026-04-10,Morning,895,35,8
3449,5,2026-04-10,Afternoon,962,27,8
3450,5,2026-04-10,Night,896,64,8
3451,1,2026-04-11,Morning,945,50,8
3452,1,2026-04-11,Afternoon,955,15,8
3453,1,2026-04-11,Night,1011,56,8
3454,2,2026-04-11,Morning,868,46,8
3455,2,2026-04-11,Afternoon,867,14,8
3456,2,2026-04-11,Night,841,50,8
3457,3,2026-04-11,Morning,874,23,8
3458,3,2026-04-11,Afternoon,801,26,8
3459,3,2026-04-11,Night,843,61,8
3460,4,2026-04-11,Morning,957,44,8
3461,4,2026-04-11,Afternoon,960,68,8
3462,4,2026-04-11,Night,978,10,8
3463,5,2026-04-11,Morning,929,31,8
3464,5,2026-04-11,Afternoon,957,71,8
3465,5,2026-04-11,Night,932,45,8
3466,1,2026-04-12,Morning,935,23,8
3467,1,2026-04-12,Afternoon,1025,62,8
3468,1,2026-04-12,Night,914,9,8
3469,2,2026-04-12,Morning,869,10,8
3470,2,2026-04-12,Afternoon,865,16,8
3471,2,2026-04-12,Night,928,25,8
3472,3,2026-04-12,Morning,817,9,8
3473,3,2026-04-12,Afternoon,793,20,8
3474,3,2026-04-12,Night,763,35,8
3475,4,2026-04-12,Morning,985,34,8
3476,4,2026-04-12,Afternoon,1014,37,8
3477,4,2026-04-12,Night,1043,43,8
3478,5,2026-04-12,Morning,905,63,8
3479,5,2026-04-12,Afternoon,923,45,8
3480,5,2026-04-12,Night,947,15,8
3481,1,2026-04-13,Morning,934,22,8
3482,1,2026-04-13,Afternoon,897,64,8
3483,1,2026-04-13,Night,943,49,8
3484,2,2026-04-13,Morning,851,49,8
3485,2,2026-04-13,Afternoon,938,46,8
3486,2,2026-04-13,Night,887,36,8
3487,3,2026-04-13,Morning,797,53,8
3488,3,2026-04-13,Afternoon,770,40,8
3489,3,2026-04-13,Night,799,14,8
3490,4,2026-04-13,Morning,1031,11,8
3491,4,2026-04-13,Afternoon,1023,66,8
3492,4,2026-04-13,Night,936,28,8
3493,5,2026-04-13,Morning,821,31,8
3494,5,2026-04-13,Afternoon,924,24,8
3495,5,2026-04-13,Night,918,12,8
3496,1,2026-04-14,Morning,935,22,8
3497,1,2026-04-14,Afternoon,927,32,8
3498,1,2026-04-14,Night,906,9,8
3499,2,2026-04-14,Morning,991,55,8
3500,2,2026-04-14,Afternoon,974,36,8
3501,2,2026-04-14,Night,884,12,8
3502,3,2026-04-14,Morning,805,33,8
3503,3,2026-04-14,Afternoon,839,14,8
3504,3,2026-04-14,Night,805,54,8
3505,4,2026-04-14,Morning,960,30,8
3506,4,2026-04-14,Afternoon,927,35,8
3507,4,2026-04-14,Night,980,64,8
3508,5,2026-04-14,Morning,882,36,8
3509,5,2026-04-14,Afternoon,977,58,8
3510,5,2026-04-14,Night,928,41,8
3511,1,2026-04-15,Morning,970,48,8
3512,1,2026-04-15,Afternoon,936,23,8
3513,1,2026-04-15,Night,983,12,8
3514,2,2026-04-15,Morning,874,69,8
3515,2,2026-04-15,Afternoon,911,34,8
3516,2,2026-04-15,Night,885,39,8
3517,3,2026-04-15,Morning,791,37,8
3518,3,2026-04-15,Afternoon,838,11,8
3519,3,2026-04-15,Night,769,13,8
3520,4,2026-04-15,Morning,994,38,8
3521,4,2026-04-15,Afternoon,1033,23,8
3522,4,2026-04-15,Night,1017,15,8
3523,5,2026-04-15,Morning,905,61,8
3524,5,2026-04-15,Afternoon,949,60,8
3525,5,2026-04-15,Night,862,24,8
3526,1,2026-04-16,Morning,990,18,8
3527,1,2026-04-16,Afternoon,1055,37,8
3528,1,2026-04-16,Night,962,41,8
3529,2,2026-04-16,Morning,955,69,8
3530,2,2026-04-16,Afternoon,846,18,8
3531,2,2026-04-16,Night,859,46,8
3532,3,2026-04-16,Morning,786,47,8
3533,3,2026-04-16,Afternoon,793,60,8
3534,3,2026-04-16,Night,812,11,8
3535,4,2026-04-16,Morning,955,69,8
3536,4,2026-04-16,Afternoon,985,46,8
3537,4,2026-04-16,Night,1018,20,8
3538,5,2026-04-16,Morning,949,12,8
3539,5,2026-04-16,Afternoon,915,17,8
3540,5,2026-04-16,Night,959,41,8
3541,1,2026-04-17,Morning,933,27,8
3542,1,2026-04-17,Afternoon,953,11,8
3543,1,2026-04-17,Night,986,77,8
3544,2,2026-04-17,Morning,892,48,8
3545,2,2026-04-17,Afternoon,851,63,8
3546,2,2026-04-17,Night,902,56,8
3547,3,2026-04-17,Morning,836,20,8
3548,3,2026-04-17,Afternoon,840,20,8
3549,3,2026-04-17,Night,758,30,8
3550,4,2026-04-17,Morning,1007,65,8
3551,4,2026-04-17,Afternoon,970,63,8
3552,4,2026-04-17,Night,1038,71,8
3553,5,2026-04-17,Morning,882,25,8
3554,5,2026-04-17,Afternoon,957,30,8
3555,5,2026-04-17,Night,916,22,8
3556,1,2026-04-18,Morning,926,38,8
3557,1,2026-04-18,Afternoon,988,16,8
3558,1,2026-04-18,Night,995,74,8
3559,2,2026-04-18,Morning,822,51,8
3560,2,2026-04-18,Afternoon,939,26,8
3561,2,2026-04-18,Night,897,61,8
3562,3,2026-04-18,Morning,801,33,8
3563,3,2026-04-18,Afternoon,750,43,8
3564,3,2026-04-18,Night,824,52,8
3565,4,2026-04-18,Morning,1072,44,8
3566,4,2026-04-18,Afternoon,958,69,8
3567,4,2026-04-18,Night,1029,68,8
3568,5,2026-04-18,Morning,929,35,8
3569,5,2026-04-18,Afternoon,910,61,8
3570,5,2026-04-18,Night,873,22,8
3571,1,2026-04-19,Morning,1005,34,8
3572,1,2026-04-19,Afternoon,954,52,8
3573,1,2026-04-19,Night,932,61,8
3574,2,2026-04-19,Morning,888,15,8
3575,2,2026-04-19,Afternoon,927,31,8
3576,2,2026-04-19,Night,882,68,8
3577,3,2026-04-19,Morning,762,45,8
3578,3,2026-04-19,Afternoon,795,9,8
3579,3,2026-04-19,Night,794,61,8
3580,4,2026-04-19,Morning,973,56,8
3581,4,2026-04-19,Afternoon,962,32,8
3582,4,2026-04-19,Night,1030,27,8
3583,5,2026-04-19,Morning,1041,56,8
3584,5,2026-04-19,Afternoon,888,24,8
3585,5,2026-04-19,Night,846,35,8
3586,1,2026-04-20,Morning,940,46,8
3587,1,2026-04-20,Afternoon,870,53,8
3588,1,2026-04-20,Night,890,51,8
3589,2,2026-04-20,Morning,879,46,8
3590,2,2026-04-20,Afternoon,927,47,8
3591,2,2026-04-20,Night,890,28,8
3592,3,2026-04-20,Morning,707,14,8
3593,3,2026-04-20,Afternoon,789,45,8
3594,3,2026-04-20,Night,792,44,8
3595,4,2026-04-20,Morning,973,49,8
3596,4,2026-04-20,Afternoon,1023,80,8
3597,4,2026-04-20,Night,1016,16,8
3598,5,2026-04-20,Morning,932,21,8
3599,5,2026-04-20,Afternoon,1012,67,8
3600,5,2026-04-20,Night,872,69,8
3601,1,2026-04-21,Morning,929,61,8
3602,1,2026-04-21,Afternoon,944,49,8
3603,1,2026-04-21,Night,949,58,8
3604,2,2026-04-21,Morning,843,53,8
3605,2,2026-04-21,Afternoon,822,64,8
3606,2,2026-04-21,Night,899,50,8
3607,3,2026-04-21,Morning,736,45,8
3608,3,2026-04-21,Afternoon,773,20,8
3609,3,2026-04-21,Night,804,24,8
3610,4,2026-04-21,Morning,928,50,8
3611,4,2026-04-21,Afternoon,993,29,8
3612,4,2026-04-21,Night,947,9,8
3613,5,2026-04-21,Morning,915,59,8
3614,5,2026-04-21,Afternoon,950,49,8
3615,5,2026-04-21,Night,926,53,8
3616,1,2026-04-22,Morning,962,13,8
3617,1,2026-04-22,Afternoon,967,46,8
3618,1,2026-04-22,Night,946,28,8
3619,2,2026-04-22,Morning,914,50,8
3620,2,2026-04-22,Afternoon,872,31,8
3621,2,2026-04-22,Night,919,29,8
3622,3,2026-04-22,Morning,790,21,8
3623,3,2026-04-22,Afternoon,852,14,8
3624,3,2026-04-22,Night,805,61,8
3625,4,2026-04-22,Morning,957,57,8
3626,4,2026-04-22,Afternoon,1000,36,8
3627,4,2026-04-22,Night,1034,80,8
3628,5,2026-04-22,Morning,911,17,8
3629,5,2026-04-22,Afternoon,904,32,8
3630,5,2026-04-22,Night,825,29,8
3631,1,2026-04-23,Morning,955,38,8
3632,1,2026-04-23,Afternoon,936,22,8
3633,1,2026-04-23,Night,970,42,8
3634,2,2026-04-23,Morning,921,28,8
3635,2,2026-04-23,Afternoon,844,22,8
3636,2,2026-04-23,Night,936,57,8
3637,3,2026-04-23,Morning,769,20,8
3638,3,2026-04-23,Afternoon,781,58,8
3639,3,2026-04-23,Night,709,50,8
3640,4,2026-04-23,Morning,993,37,8
3641,4,2026-04-23,Afternoon,936,34,8
3642,4,2026-04-23,Night,955,30,8
3643,5,2026-04-23,Morning,882,44,8
3644,5,2026-04-23,Afternoon,969,14,8
3645,5,2026-04-23,Night,914,69,8
3646,1,2026-04-24,Morning,899,32,8
3647,1,2026-04-24,Afternoon,901,17,8
3648,1,2026-04-24,Night,982,13,8
3649,2,2026-04-24,Morning,866,19,8
3650,2,2026-04-24,Afternoon,880,55,8
3651,2,2026-04-24,Night,901,32,8
3652,3,2026-04-24,Morning,787,35,8
3653,3,2026-04-24,Afternoon,726,22,8
3654,3,2026-04-24,Night,824,50,8
3655,4,2026-04-24,Morning,970,16,8
3656,4,2026-04-24,Afternoon,991,72,8
3657,4,2026-04-24,Night,1007,35,8
3658,5,2026-04-24,Morning,848,15,8
3659,5,2026-04-24,Afternoon,958,23,8
3660,5,2026-04-24,Night,1029,42,8
3661,1,2026-04-25,Morning,966,16,8
3662,1,2026-04-25,Afternoon,1002,48,8
3663,1,2026-04-25,Night,988,53,8
3664,2,2026-04-25,Morning,926,19,8
3665,2,2026-04-25,Afternoon,939,10,8
3666,2,2026-04-25,Night,947,36,8
3667,3,2026-04-25,Morning,849,21,8
3668,3,2026-04-25,Afternoon,751,38,8
3669,3,2026-04-25,Night,842,23,8
3670,4,2026-04-25,Morning,969,76,8
3671,4,2026-04-25,Afternoon,1030,16,8
3672,4,2026-04-25,Night,999,22,8
3673,5,2026-04-25,Morning,881,46,8
3674,5,2026-04-25,Afternoon,986,57,8
3675,5,2026-04-25,Night,899,13,8
3676,1,2026-04-26,Morning,937,47,8
3677,1,2026-04-26,Afternoon,1017,46,8
3678,1,2026-04-26,Night,955,37,8
3679,2,2026-04-26,Morning,886,29,8
3680,2,2026-04-26,Afternoon,897,70,8
3681,2,2026-04-26,Night,885,45,8
3682,3,2026-04-26,Morning,832,57,8
3683,3,2026-04-26,Afternoon,786,11,8
3684,3,2026-04-26,Night,798,36,8
3685,4,2026-04-26,Morning,1003,53,8
3686,4,2026-04-26,Afternoon,998,54,8
3687,4,2026-04-26,Night,952,56,8
3688,5,2026-04-26,Morning,962,24,8
3689,5,2026-04-26,Afternoon,909,35,8
3690,5,2026-04-26,Night,889,40,8
3691,1,2026-04-27,Morning,879,10,8
3692,1,2026-04-27,Afternoon,942,49,8
3693,1,2026-04-27,Night,886,62,8
3694,2,2026-04-27,Morning,867,53,8
3695,2,2026-04-27,Afternoon,899,17,8
3696,2,2026-04-27,Night,946,55,8
3697,3,2026-04-27,Morning,788,11,8
3698,3,2026-04-27,Afternoon,743,50,8
3699,3,2026-04-27,Night,795,49,8
3700,4,2026-04-27,Morning,1024,54,8
3701,4,2026-04-27,Afternoon,967,62,8
3702,4,2026-04-27,Night,1033,43,8
3703,5,2026-04-27,Morning,929,39,8
3704,5,2026-04-27,Afternoon,958,62,8
3705,5,2026-04-27,Night,938,21,8
3706,1,2026-04-28,Morning,1001,42,8
3707,1,2026-04-28,Afternoon,1035,70,8
3708,1,2026-04-28,Night,931,12,8
3709,2,2026-04-28,Morning,906,21,8
3710,2,2026-04-28,Afternoon,946,30,8
3711,2,2026-04-28,Night,910,12,8
3712,3,2026-04-28,Morning,728,15,8
3713,3,2026-04-28,Afternoon,788,20,8
3714,3,2026-04-28,Night,809,33,8
3715,4,2026-04-28,Morning,1043,43,8
3716,4,2026-04-28,Afternoon,984,64,8
3717,4,2026-04-28,Night,944,19,8
3718,5,2026-04-28,Morning,940,38,8
3719,5,2026-04-28,Afternoon,988,50,8
3720,5,2026-04-28,Night,905,33,8
3721,1,2026-04-29,Morning,929,46,8
3722,1,2026-04-29,Afternoon,925,36,8
3723,1,2026-04-29,Night,898,50,8
3724,2,2026-04-29,Morning,902,62,8
3725,2,2026-04-29,Afternoon,897,70,8
3726,2,2026-04-29,Night,831,27,8
3727,3,2026-04-29,Morning,767,40,8
3728,3,2026-04-29,Afternoon,807,13,8
3729,3,2026-04-29,Night,827,42,8
3730,4,2026-04-29,Morning,1018,42,8
3731,4,2026-04-29,Afternoon,1010,51,8
3732,4,2026-04-29,Night,979,46,8
3733,5,2026-04-29,Morning,872,8,8
3734,5,2026-04-29,Afternoon,920,24,8
3735,5,2026-04-29,Night,834,34,8
3736,1,2026-04-30,Morning,957,75,8
3737,1,2026-04-30,Afternoon,923,17,8
3738,1,2026-04-30,Night,868,11,8
3739,2,2026-04-30,Morning,914,57,8
3740,2,2026-04-30,Afternoon,958,19,8
3741,2,2026-04-30,Night,837,21,8
3742,3,2026-04-30,Morning,818,8,8
3743,3,2026-04-30,Afternoon,784,14,8
3744,3,2026-04-30,Night,769,60,8
3745,4,2026-04-30,Morning,949,22,8
3746,4,2026-04-30,Afternoon,964,49,8
3747,4,2026-04-30,Night,964,52,8
3748,5,2026-04-30,Morning,928,36,8
3749,5,2026-04-30,Afternoon,895,49,8
3750,5,2026-04-30,Night,903,35,8
3751,1,2026-05-01,Morning,972,48,8
3752,1,2026-05-01,Afternoon,912,63,8
3753,1,2026-05-01,Night,960,54,8
3754,2,2026-05-01,Morning,886,15,8
3755,2,2026-05-01,Afternoon,878,66,8
3756,2,2026-05-01,Night,972,19,8
3757,3,2026-05-01,Morning,749,57,8
3758,3,2026-05-01,Afternoon,861,28,8
3759,3,2026-05-01,Night,833,66,8
3760,4,2026-05-01,Morning,954,26,8
3761,4,2026-05-01,Afternoon,1014,31,8
3762,4,2026-05-01,Night,871,9,8
3763,5,2026-05-01,Morning,901,36,8
3764,5,2026-05-01,Afternoon,893,19,8
3765,5,2026-05-01,Night,945,15,8
3766,1,2026-05-02,Morning,978,54,8
3767,1,2026-05-02,Afternoon,964,9,8
3768,1,2026-05-02,Night,954,26,8
3769,2,2026-05-02,Morning,937,15,8
3770,2,2026-05-02,Afternoon,931,42,8
3771,2,2026-05-02,Night,873,58,8
3772,3,2026-05-02,Morning,778,15,8
3773,3,2026-05-02,Afternoon,828,19,8
3774,3,2026-05-02,Night,797,62,8
3775,4,2026-05-02,Morning,980,21,8
3776,4,2026-05-02,Afternoon,985,31,8
3777,4,2026-05-02,Night,909,26,8
3778,5,2026-05-02,Morning,902,70,8
3779,5,2026-05-02,Afternoon,948,9,8
3780,5,2026-05-02,Night,901,46,8
3781,1,2026-05-03,Morning,940,21,8
3782,1,2026-05-03,Afternoon,968,53,8
3783,1,2026-05-03,Night,989,31,8
3784,2,2026-05-03,Morning,945,26,8
3785,2,2026-05-03,Afternoon,947,39,8
3786,2,2026-05-03,Night,894,35,8
3787,3,2026-05-03,Morning,790,37,8
3788,3,2026-05-03,Afternoon,753,8,8
3789,3,2026-05-03,Night,858,49,8
3790,4,2026-05-03,Morning,968,52,8
3791,4,2026-05-03,Afternoon,1037,49,8
3792,4,2026-05-03,Night,991,32,8
3793,5,2026-05-03,Morning,971,49,8
3794,5,2026-05-03,Afternoon,926,52,8
3795,5,2026-05-03,Night,952,36,8
3796,1,2026-05-04,Morning,993,45,8
3797,1,2026-05-04,Afternoon,930,34,8
3798,1,2026-05-04,Night,997,16,8
3799,2,2026-05-04,Morning,858,32,8
3800,2,2026-05-04,Afternoon,971,55,8
3801,2,2026-05-04,Night,905,57,8
3802,3,2026-05-04,Morning,772,52,8
3803,3,2026-05-04,Afternoon,832,36,8
3804,3,2026-05-04,Night,813,38,8
3805,4,2026-05-04,Morning,911,34,8
3806,4,2026-05-04,Afternoon,964,35,8
3807,4,2026-05-04,Night,939,65,8
3808,5,2026-05-04,Morning,893,13,8
3809,5,2026-05-04,Afternoon,891,30,8
3810,5,2026-05-04,Night,950,13,8
3811,1,2026-05-05,Morning,985,70,8
3812,1,2026-05-05,Afternoon,919,23,8
3813,1,2026-05-05,Night,872,62,8
3814,2,2026-05-05,Morning,804,50,8
3815,2,2026-05-05,Afternoon,982,68,8
3816,2,2026-05-05,Night,906,9,8
3817,3,2026-05-05,Morning,832,51,8
3818,3,2026-05-05,Afternoon,792,38,8
3819,3,2026-05-05,Night,715,33,8
3820,4,2026-05-05,Morning,996,55,8
3821,4,2026-05-05,Afternoon,1046,73,8
3822,4,2026-05-05,Night,954,19,8
3823,5,2026-05-05,Morning,841,48,8
3824,5,2026-05-05,Afternoon,883,24,8
3825,5,2026-05-05,Night,964,37,8
3826,1,2026-05-06,Morning,962,70,8
3827,1,2026-05-06,Afternoon,998,11,8
3828,1,2026-05-06,Night,950,49,8
3829,2,2026-05-06,Morning,927,27,8
3830,2,2026-05-06,Afternoon,883,51,8
3831,2,2026-05-06,Night,856,10,8
3832,3,2026-05-06,Morning,827,31,8
3833,3,2026-05-06,Afternoon,835,55,8
3834,3,2026-05-06,Night,775,32,8
3835,4,2026-05-06,Morning,1041,70,8
3836,4,2026-05-06,Afternoon,1042,41,8
3837,4,2026-05-06,Night,942,44,8
3838,5,2026-05-06,Morning,893,37,8
3839,5,2026-05-06,Afternoon,895,53,8
3840,5,2026-05-06,Night,924,23,8
3841,1,2026-05-07,Morning,934,24,8
3842,1,2026-05-07,Afternoon,897,45,8
3843,1,2026-05-07,Night,916,43,8
3844,2,2026-05-07,Morning,815,19,8
3845,2,2026-05-07,Afternoon,821,10,8
3846,2,2026-05-07,Night,840,37,8
3847,3,2026-05-07,Morning,879,52,8
3848,3,2026-05-07,Afternoon,873,19,8
3849,3,2026-05-07,Night,829,63,8
3850,4,2026-05-07,Morning,956,18,8
3851,4,2026-05-07,Afternoon,920,13,8
3852,4,2026-05-07,Night,979,32,8
3853,5,2026-05-07,Morning,947,44,8
3854,5,2026-05-07,Afternoon,899,18,8
3855,5,2026-05-07,Night,945,31,8
3856,1,2026-05-08,Morning,902,45,8
3857,1,2026-05-08,Afternoon,926,23,8
3858,1,2026-05-08,Night,939,21,8
3859,2,2026-05-08,Morning,974,27,8
3860,2,2026-05-08,Afternoon,865,9,8
3861,2,2026-05-08,Night,997,77,8
3862,3,2026-05-08,Morning,817,41,8
3863,3,2026-05-08,Afternoon,901,67,8
3864,3,2026-05-08,Night,760,51,8
3865,4,2026-05-08,Morning,935,26,8
3866,4,2026-05-08,Afternoon,949,42,8
3867,4,2026-05-08,Night,980,14,8
3868,5,2026-05-08,Morning,997,60,8
3869,5,2026-05-08,Afternoon,905,51,8
3870,5,2026-05-08,Night,965,38,8
3871,1,2026-05-09,Morning,1027,73,8
3872,1,2026-05-09,Afternoon,960,42,8
3873,1,2026-05-09,Night,993,25,8
3874,2,2026-05-09,Morning,867,32,8
3875,2,2026-05-09,Afternoon,916,35,8
3876,2,2026-05-09,Night,926,23,8
3877,3,2026-05-09,Morning,746,16,8
3878,3,2026-05-09,Afternoon,764,47,8
3879,3,2026-05-09,Night,787,29,8
3880,4,2026-05-09,Morning,914,71,8
3881,4,2026-05-09,Afternoon,950,15,8
3882,4,2026-05-09,Night,972,49,8
3883,5,2026-05-09,Morning,870,34,8
3884,5,2026-05-09,Afternoon,1002,13,8
3885,5,2026-05-09,Night,970,19,8
3886,1,2026-05-10,Morning,1091,18,8
3887,1,2026-05-10,Afternoon,900,24,8
3888,1,2026-05-10,Night,967,21,8
3889,2,2026-05-10,Morning,871,21,8
3890,2,2026-05-10,Afternoon,854,37,8
3891,2,2026-05-10,Night,937,20,8
3892,3,2026-05-10,Morning,802,53,8
3893,3,2026-05-10,Afternoon,785,29,8
3894,3,2026-05-10,Night,811,17,8
3895,4,2026-05-10,Morning,945,46,8
3896,4,2026-05-10,Afternoon,944,36,8
3897,4,2026-05-10,Night,952,19,8
3898,5,2026-05-10,Morning,976,68,8
3899,5,2026-05-10,Afternoon,972,48,8
3900,5,2026-05-10,Night,878,37,8
3901,1,2026-05-11,Morning,1020,16,8
3902,1,2026-05-11,Afternoon,948,53,8
3903,1,2026-05-11,Night,967,39,8
3904,2,2026-05-11,Morning,871,33,8
3905,2,2026-05-11,Afternoon,900,16,8
3906,2,2026-05-11,Night,854,37,8
3907,3,2026-05-11,Morning,768,33,8
3908,3,2026-05-11,Afternoon,834,66,8
3909,3,2026-05-11,Night,835,32,8
3910,4,2026-05-11,Morning,999,63,8
3911,4,2026-05-11,Afternoon,962,66,8
3912,4,2026-05-11,Night,927,31,8
3913,5,2026-05-11,Morning,981,50,8
3914,5,2026-05-11,Afternoon,968,33,8
3915,5,2026-05-11,Night,856,13,8
3916,1,2026-05-12,Morning,985,78,8
3917,1,2026-05-12,Afternoon,935,51,8
3918,1,2026-05-12,Night,978,32,8
3919,2,2026-05-12,Morning,841,28,8
3920,2,2026-05-12,Afternoon,873,33,8
3921,2,2026-05-12,Night,903,68,8
3922,3,2026-05-12,Morning,872,11,8
3923,3,2026-05-12,Afternoon,906,67,8
3924,3,2026-05-12,Night,803,10,8
3925,4,2026-05-12,Morning,1024,27,8
3926,4,2026-05-12,Afternoon,989,70,8
3927,4,2026-05-12,Night,987,40,8
3928,5,2026-05-12,Morning,951,12,8
3929,5,2026-05-12,Afternoon,927,11,8
3930,5,2026-05-12,Night,963,56,8
3931,1,2026-05-13,Morning,907,22,8
3932,1,2026-05-13,Afternoon,947,13,8
3933,1,2026-05-13,Night,1026,46,8
3934,2,2026-05-13,Morning,946,63,8
3935,2,2026-05-13,Afternoon,912,9,8
3936,2,2026-05-13,Night,940,55,8
3937,3,2026-05-13,Morning,862,47,8
3938,3,2026-05-13,Afternoon,721,24,8
3939,3,2026-05-13,Night,788,28,8
3940,4,2026-05-13,Morning,953,23,8
3941,4,2026-05-13,Afternoon,923,11,8
3942,4,2026-05-13,Night,1063,34,8
3943,5,2026-05-13,Morning,953,57,8
3944,5,2026-05-13,Afternoon,968,56,8
3945,5,2026-05-13,Night,904,26,8
3946,1,2026-05-14,Morning,938,63,8
3947,1,2026-05-14,Afternoon,949,10,8
3948,1,2026-05-14,Night,965,19,8
3949,2,2026-05-14,Morning,931,14,8
3950,2,2026-05-14,Afternoon,828,62,8
3951,2,2026-05-14,Night,928,59,8
3952,3,2026-05-14,Morning,790,49,8
3953,3,2026-05-14,Afternoon,864,47,8
3954,3,2026-05-14,Night,854,46,8
3955,4,2026-05-14,Morning,991,60,8
3956,4,2026-05-14,Afternoon,981,63,8
3957,4,2026-05-14,Night,967,15,8
3958,5,2026-05-14,Morning,946,41,8
3959,5,2026-05-14,Afternoon,981,40,8
3960,5,2026-05-14,Night,932,46,8
3961,1,2026-05-15,Morning,927,49,8
3962,1,2026-05-15,Afternoon,951,64,8
3963,1,2026-05-15,Night,962,49,8
3964,2,2026-05-15,Morning,854,18,8
3965,2,2026-05-15,Afternoon,845,18,8
3966,2,2026-05-15,Night,878,49,8
3967,3,2026-05-15,Morning,864,13,8
3968,3,2026-05-15,Afternoon,848,61,8
3969,3,2026-05-15,Night,737,31,8
3970,4,2026-05-15,Morning,942,35,8
3971,4,2026-05-15,Afternoon,1010,65,8
3972,4,2026-05-15,Night,963,72,8
3973,5,2026-05-15,Morning,948,27,8
3974,5,2026-05-15,Afternoon,869,58,8
3975,5,2026-05-15,Night,930,31,8
3976,1,2026-05-16,Morning,946,30,8
3977,1,2026-05-16,Afternoon,988,52,8
3978,1,2026-05-16,Night,965,67,8
3979,2,2026-05-16,Morning,905,37,8
3980,2,2026-05-16,Afternoon,830,8,8
3981,2,2026-05-16,Night,978,50,8
3982,3,2026-05-16,Morning,827,50,8
3983,3,2026-05-16,Afternoon,771,13,8
3984,3,2026-05-16,Night,804,41,8
3985,4,2026-05-16,Morning,964,38,8
3986,4,2026-05-16,Afternoon,971,47,8
3987,4,2026-05-16,Night,1028,56,8
3988,5,2026-05-16,Morning,892,29,8
3989,5,2026-05-16,Afternoon,959,52,8
3990,5,2026-05-16,Night,980,47,8
3991,1,2026-05-17,Morning,972,65,8
3992,1,2026-05-17,Afternoon,943,48,8
3993,1,2026-05-17,Night,918,31,8
3994,2,2026-05-17,Morning,873,37,8
3995,2,2026-05-17,Afternoon,905,19,8
3996,2,2026-05-17,Night,824,64,8
3997,3,2026-05-17,Morning,802,48,8
3998,3,2026-05-17,Afternoon,834,33,8
3999,3,2026-05-17,Night,741,23,8
4000,4,2026-05-17,Morning,1027,51,8
4001,4,2026-05-17,Afternoon,1088,32,8
4002,4,2026-05-17,Night,977,34,8
4003,5,2026-05-17,Morning,921,15,8
4004,5,2026-05-17,Afternoon,924,61,8
4005,5,2026-05-17,Night,934,27,8
4006,1,2026-05-18,Morning,938,66,8
4007,1,2026-05-18,Afternoon,872,40,8
4008,1,2026-05-18,Night,944,34,8
4009,2,2026-05-18,Morning,860,68,8
4010,2,2026-05-18,Afternoon,906,36,8
4011,2,2026-05-18,Night,952,33,8
4012,3,2026-05-18,Morning,762,52,8
4013,3,2026-05-18,Afternoon,870,15,8
4014,3,2026-05-18,Night,785,54,8
4015,4,2026-05-18,Morning,946,19,8
4016,4,2026-05-18,Afternoon,1007,32,8
4017,4,2026-05-18,Night,960,36,8
4018,5,2026-05-18,Morning,928,46,8
4019,5,2026-05-18,Afternoon,930,62,8
4020,5,2026-05-18,Night,954,46,8
4021,1,2026-05-19,Morning,947,47,8
4022,1,2026-05-19,Afternoon,942,72,8
4023,1,2026-05-19,Night,934,23,8
4024,2,2026-05-19,Morning,920,22,8
4025,2,2026-05-19,Afternoon,878,39,8
4026,2,2026-05-19,Night,954,40,8
4027,3,2026-05-19,Morning,801,9,8
4028,3,2026-05-19,Afternoon,732,14,8
4029,3,2026-05-19,Night,812,32,8
4030,4,2026-05-19,Morning,999,46,8
4031,4,2026-05-19,Afternoon,1034,67,8
4032,4,2026-05-19,Night,950,60,8
4033,5,2026-05-19,Morning,894,30,8
4034,5,2026-05-19,Afternoon,956,41,8
4035,5,2026-05-19,Night,976,32,8
4036,1,2026-05-20,Morning,918,18,8
4037,1,2026-05-20,Afternoon,960,24,8
4038,1,2026-05-20,Night,947,50,8
4039,2,2026-05-20,Morning,870,38,8
4040,2,2026-05-20,Afternoon,895,52,8
4041,2,2026-05-20,Night,943,28,8
4042,3,2026-05-20,Morning,801,12,8
4043,3,2026-05-20,Afternoon,793,39,8
4044,3,2026-05-20,Night,824,53,8
4045,4,2026-05-20,Morning,1027,20,8
4046,4,2026-05-20,Afternoon,941,28,8
4047,4,2026-05-20,Night,992,25,8
4048,5,2026-05-20,Morning,915,55,8
4049,5,2026-05-20,Afternoon,931,44,8
4050,5,2026-05-20,Night,957,40,8
4051,1,2026-05-21,Morning,938,48,8
4052,1,2026-05-21,Afternoon,868,68,8
4053,1,2026-05-21,Night,946,52,8
4054,2,2026-05-21,Morning,939,68,8
4055,2,2026-05-21,Afternoon,918,35,8
4056,2,2026-05-21,Night,895,46,8
4057,3,2026-05-21,Morning,805,21,8
4058,3,2026-05-21,Afternoon,802,49,8
4059,3,2026-05-21,Night,730,46,8
4060,4,2026-05-21,Morning,986,47,8
4061,4,2026-05-21,Afternoon,929,40,8
4062,4,2026-05-21,Night,1026,54,8
4063,5,2026-05-21,Morning,878,67,8
4064,5,2026-05-21,Afternoon,913,41,8
4065,5,2026-05-21,Night,906,31,8
4066,1,2026-05-22,Morning,1012,38,8
4067,1,2026-05-22,Afternoon,994,47,8
4068,1,2026-05-22,Night,859,38,8
4069,2,2026-05-22,Morning,899,19,8
4070,2,2026-05-22,Afternoon,855,16,8
4071,2,2026-05-22,Night,906,50,8
4072,3,2026-05-22,Morning,826,31,8
4073,3,2026-05-22,Afternoon,809,51,8
4074,3,2026-05-22,Night,829,29,8
4075,4,2026-05-22,Morning,969,28,8
4076,4,2026-05-22,Afternoon,991,29,8
4077,4,2026-05-22,Night,1007,12,8
4078,5,2026-05-22,Morning,912,13,8
4079,5,2026-05-22,Afternoon,895,23,8
4080,5,2026-05-22,Night,904,59,8
4081,1,2026-05-23,Morning,945,37,8
4082,1,2026-05-23,Afternoon,950,36,8
4083,1,2026-05-23,Night,963,56,8
4084,2,2026-05-23,Morning,870,52,8
4085,2,2026-05-23,Afternoon,928,70,8
4086,2,2026-05-23,Night,972,39,8
4087,3,2026-05-23,Morning,776,58,8
4088,3,2026-05-23,Afternoon,898,13,8
4089,3,2026-05-23,Night,879,57,8
4090,4,2026-05-23,Morning,980,49,8
4091,4,2026-05-23,Afternoon,974,11,8
4092,4,2026-05-23,Night,953,31,8
4093,5,2026-05-23,Morning,964,66,8
4094,5,2026-05-23,Afternoon,933,17,8
4095,5,2026-05-23,Night,937,44,8
4096,1,2026-05-24,Morning,916,26,8
4097,1,2026-05-24,Afternoon,986,36,8
4098,1,2026-05-24,Night,940,57,8
4099,2,2026-05-24,Morning,857,64,8
4100,2,2026-05-24,Afternoon,897,37,8
4101,2,2026-05-24,Night,869,9,8
4102,3,2026-05-24,Morning,854,14,8
4103,3,2026-05-24,Afternoon,878,29,8
4104,3,2026-05-24,Night,798,46,8
4105,4,2026-05-24,Morning,1023,45,8
4106,4,2026-05-24,Afternoon,1021,75,8
4107,4,2026-05-24,Night,861,20,8
4108,5,2026-05-24,Morning,904,28,8
4109,5,2026-05-24,Afternoon,934,25,8
4110,5,2026-05-24,Night,913,28,8
4111,1,2026-05-25,Morning,921,24,8
4112,1,2026-05-25,Afternoon,994,21,8
4113,1,2026-05-25,Night,931,38,8
4114,2,2026-05-25,Morning,913,41,8
4115,2,2026-05-25,Afternoon,940,62,8
4116,2,2026-05-25,Night,957,12,8
4117,3,2026-05-25,Morning,757,15,8
4118,3,2026-05-25,Afternoon,761,23,8
4119,3,2026-05-25,Night,808,45,8
4120,4,2026-05-25,Morning,902,33,8
4121,4,2026-05-25,Afternoon,942,28,8
4122,4,2026-05-25,Night,1029,49,8
4123,5,2026-05-25,Morning,955,57,8
4124,5,2026-05-25,Afternoon,925,14,8
4125,5,2026-05-25,Night,948,50,8
4126,1,2026-05-26,Morning,978,65,8
4127,1,2026-05-26,Afternoon,894,40,8
4128,1,2026-05-26,Night,931,45,8
4129,2,2026-05-26,Morning,994,75,8
4130,2,2026-05-26,Afternoon,955,69,8
4131,2,2026-05-26,Night,909,69,8
4132,3,2026-05-26,Morning,812,13,8
4133,3,2026-05-26,Afternoon,798,55,8
4134,3,2026-05-26,Night,730,33,8
4135,4,2026-05-26,Morning,956,26,8
4136,4,2026-05-26,Afternoon,996,60,8
4137,4,2026-05-26,Night,961,27,8
4138,5,2026-05-26,Morning,889,30,8
4139,5,2026-05-26,Afternoon,893,43,8
4140,5,2026-05-26,Night,986,16,8
4141,1,2026-05-27,Morning,929,51,8
4142,1,2026-05-27,Afternoon,997,60,8
4143,1,2026-05-27,Night,962,51,8
4144,2,2026-05-27,Morning,890,35,8
4145,2,2026-05-27,Afternoon,869,29,8
4146,2,2026-05-27,Night,926,61,8
4147,3,2026-05-27,Morning,841,34,8
4148,3,2026-05-27,Afternoon,830,49,8
4149,3,2026-05-27,Night,748,40,8
4150,4,2026-05-27,Morning,959,75,8
4151,4,2026-05-27,Afternoon,964,55,8
4152,4,2026-05-27,Night,903,43,8
4153,5,2026-05-27,Morning,948,13,8
4154,5,2026-05-27,Afternoon,954,76,8
4155,5,2026-05-27,Night,952,52,8
4156,1,2026-05-28,Morning,965,67,8
4157,1,2026-05-28,Afternoon,937,66,8
4158,1,2026-05-28,Night,918,22,8
4159,2,2026-05-28,Morning,887,61,8
4160,2,2026-05-28,Afternoon,912,52,8
4161,2,2026-05-28,Night,951,37,8
4162,3,2026-05-28,Morning,803,18,8
4163,3,2026-05-28,Afternoon,801,37,8
4164,3,2026-05-28,Night,726,48,8
4165,4,2026-05-28,Morning,995,64,8
4166,4,2026-05-28,Afternoon,1034,24,8
4167,4,2026-05-28,Night,975,57,8
4168,5,2026-05-28,Morning,922,35,8
4169,5,2026-05-28,Afternoon,914,9,8
4170,5,2026-05-28,Night,957,29,8
4171,1,2026-05-29,Morning,874,41,8
4172,1,2026-05-29,Afternoon,997,71,8
4173,1,2026-05-29,Night,940,39,8
4174,2,2026-05-29,Morning,916,44,8
4175,2,2026-05-29,Afternoon,931,33,8
4176,2,2026-05-29,Night,863,9,8
4177,3,2026-05-29,Morning,799,35,8
4178,3,2026-05-29,Afternoon,790,9,8
4179,3,2026-05-29,Night,754,37,8
4180,4,2026-05-29,Morning,1021,31,8
4181,4,2026-05-29,Afternoon,966,25,8
4182,4,2026-05-29,Night,933,44,8
4183,5,2026-05-29,Morning,931,19,8
4184,5,2026-05-29,Afternoon,873,49,8
4185,5,2026-05-29,Night,911,38,8
4186,1,2026-05-30,Morning,961,14,8
4187,1,2026-05-30,Afternoon,889,41,8
4188,1,2026-05-30,Night,975,45,8
4189,2,2026-05-30,Morning,903,45,8
4190,2,2026-05-30,Afternoon,931,35,8
4191,2,2026-05-30,Night,931,37,8
4192,3,2026-05-30,Morning,780,53,8
4193,3,2026-05-30,Afternoon,781,46,8
4194,3,2026-05-30,Night,819,24,8
4195,4,2026-05-30,Morning,937,56,8
4196,4,2026-05-30,Afternoon,937,24,8
4197,4,2026-05-30,Night,955,41,8
4198,5,2026-05-30,Morning,876,11,8
4199,5,2026-05-30,Afternoon,882,36,8
4200,5,2026-05-30,Night,883,47,8
4201,1,2026-05-31,Morning,937,65,8
4202,1,2026-05-31,Afternoon,935,26,8
4203,1,2026-05-31,Night,987,55,8
4204,2,2026-05-31,Morning,887,30,8
4205,2,2026-05-31,Afternoon,896,59,8
4206,2,2026-05-31,Night,969,74,8
4207,3,2026-05-31,Morning,710,30,8
4208,3,2026-05-31,Afternoon,807,47,8
4209,3,2026-05-31,Night,790,58,8
4210,4,2026-05-31,Morning,991,66,8
4211,4,2026-05-31,Afternoon,957,17,8
4212,4,2026-05-31,Night,967,29,8
4213,5,2026-05-31,Morning,979,71,8
4214,5,2026-05-31,Afternoon,948,50,8
4215,5,2026-05-31,Night,919,41,8
4216,1,2026-06-01,Morning,919,11,8
4217,1,2026-06-01,Afternoon,907,50,8
4218,1,2026-06-01,Night,929,39,8
4219,2,2026-06-01,Morning,789,60,8
4220,2,2026-06-01,Afternoon,892,22,8
4221,2,2026-06-01,Night,969,47,8
4222,3,2026-06-01,Morning,804,60,8
4223,3,2026-06-01,Afternoon,773,12,8
4224,3,2026-06-01,Night,710,37,8
4225,4,2026-06-01,Morning,947,45,8
4226,4,2026-06-01,Afternoon,960,45,8
4227,4,2026-06-01,Night,988,53,8
4228,5,2026-06-01,Morning,911,21,8
4229,5,2026-06-01,Afternoon,1001,47,8
4230,5,2026-06-01,Night,920,34,8
4231,1,2026-06-02,Morning,989,74,8
4232,1,2026-06-02,Afternoon,886,50,8
4233,1,2026-06-02,Night,947,68,8
4234,2,2026-06-02,Morning,868,14,8
4235,2,2026-06-02,Afternoon,940,36,8
4236,2,2026-06-02,Night,883,36,8
4237,3,2026-06-02,Morning,850,10,8
4238,3,2026-06-02,Afternoon,824,42,8
4239,3,2026-06-02,Night,778,26,8
4240,4,2026-06-02,Morning,936,40,8
4241,4,2026-06-02,Afternoon,950,19,8
4242,4,2026-06-02,Night,967,11,8
4243,5,2026-06-02,Morning,954,17,8
4244,5,2026-06-02,Afternoon,928,70,8
4245,5,2026-06-02,Night,961,53,8
4246,1,2026-06-03,Morning,1003,68,8
4247,1,2026-06-03,Afternoon,950,55,8
4248,1,2026-06-03,Night,910,46,8
4249,2,2026-06-03,Morning,913,33,8
4250,2,2026-06-03,Afternoon,976,33,8
4251,2,2026-06-03,Night,934,41,8
4252,3,2026-06-03,Morning,810,54,8
4253,3,2026-06-03,Afternoon,765,10,8
4254,3,2026-06-03,Night,791,10,8
4255,4,2026-06-03,Morning,918,55,8
4256,4,2026-06-03,Afternoon,934,57,8
4257,4,2026-06-03,Night,994,19,8
4258,5,2026-06-03,Morning,861,16,8
4259,5,2026-06-03,Afternoon,915,31,8
4260,5,2026-06-03,Night,881,57,8
4261,1,2026-06-04,Morning,906,55,8
4262,1,2026-06-04,Afternoon,951,35,8
4263,1,2026-06-04,Night,920,41,8
4264,2,2026-06-04,Morning,844,28,8
4265,2,2026-06-04,Afternoon,877,9,8
4266,2,2026-06-04,Night,842,53,8
4267,3,2026-06-04,Morning,847,56,8
4268,3,2026-06-04,Afternoon,826,36,8
4269,3,2026-06-04,Night,826,48,8
4270,4,2026-06-04,Morning,947,25,8
4271,4,2026-06-04,Afternoon,995,60,8
4272,4,2026-06-04,Night,986,23,8
4273,5,2026-06-04,Morning,899,33,8
4274,5,2026-06-04,Afternoon,925,57,8
4275,5,2026-06-04,Night,867,44,8
4276,1,2026-06-05,Morning,907,64,8
4277,1,2026-06-05,Afternoon,944,19,8
4278,1,2026-06-05,Night,929,54,8
4279,2,2026-06-05,Morning,912,27,8
4280,2,2026-06-05,Afternoon,870,20,8
4281,2,2026-06-05,Night,884,38,8
4282,3,2026-06-05,Morning,798,35,8
4283,3,2026-06-05,Afternoon,767,27,8
4284,3,2026-06-05,Night,784,44,8
4285,4,2026-06-05,Morning,986,50,8
4286,4,2026-06-05,Afternoon,1039,24,8
4287,4,2026-06-05,Night,947,25,8
4288,5,2026-06-05,Morning,909,23,8
4289,5,2026-06-05,Afternoon,1038,79,8
4290,5,2026-06-05,Night,963,22,8
4291,1,2026-06-06,Morning,994,48,8
4292,1,2026-06-06,Afternoon,969,26,8
4293,1,2026-06-06,Night,992,13,8
4294,2,2026-06-06,Morning,865,21,8
4295,2,2026-06-06,Afternoon,938,39,8
4296,2,2026-06-06,Night,928,54,8
4297,3,2026-06-06,Morning,756,28,8
4298,3,2026-06-06,Afternoon,785,39,8
4299,3,2026-06-06,Night,717,32,8
4300,4,2026-06-06,Morning,983,11,8
4301,4,2026-06-06,Afternoon,1017,49,8
4302,4,2026-06-06,Night,957,39,8
4303,5,2026-06-06,Morning,890,32,8
4304,5,2026-06-06,Afternoon,887,60,8
4305,5,2026-06-06,Night,927,34,8
4306,1,2026-06-07,Morning,969,67,8
4307,1,2026-06-07,Afternoon,1010,26,8
4308,1,2026-06-07,Night,864,53,8
4309,2,2026-06-07,Morning,954,61,8
4310,2,2026-06-07,Afternoon,905,22,8
4311,2,2026-06-07,Night,935,32,8
4312,3,2026-06-07,Morning,825,18,8
4313,3,2026-06-07,Afternoon,799,27,8
4314,3,2026-06-07,Night,798,38,8
4315,4,2026-06-07,Morning,993,27,8
4316,4,2026-06-07,Afternoon,968,25,8
4317,4,2026-06-07,Night,971,24,8
4318,5,2026-06-07,Morning,785,22,8
4319,5,2026-06-07,Afternoon,951,60,8
4320,5,2026-06-07,Night,897,37,8
4321,1,2026-06-08,Morning,989,19,8
4322,1,2026-06-08,Afternoon,986,76,8
4323,1,2026-06-08,Night,930,21,8
4324,2,2026-06-08,Morning,921,17,8
4325,2,2026-06-08,Afternoon,916,39,8
4326,2,2026-06-08,Night,876,56,8
4327,3,2026-06-08,Morning,824,47,8
4328,3,2026-06-08,Afternoon,858,9,8
4329,3,2026-06-08,Night,841,8,8
4330,4,2026-06-08,Morning,923,11,8
4331,4,2026-06-08,Afternoon,997,28,8
4332,4,2026-06-08,Night,1014,58,8
4333,5,2026-06-08,Morning,903,11,8
4334,5,2026-06-08,Afternoon,969,72,8
4335,5,2026-06-08,Night,899,39,8
4336,1,2026-06-09,Morning,938,59,8
4337,1,2026-06-09,Afternoon,920,24,8
4338,1,2026-06-09,Night,914,72,8
4339,2,2026-06-09,Morning,913,68,8
4340,2,2026-06-09,Afternoon,846,17,8
4341,2,2026-06-09,Night,890,48,8
4342,3,2026-06-09,Morning,813,51,8
4343,3,2026-06-09,Afternoon,771,17,8
4344,3,2026-06-09,Night,847,33,8
4345,4,2026-06-09,Morning,973,46,8
4346,4,2026-06-09,Afternoon,1037,82,8
4347,4,2026-06-09,Night,1045,37,8
4348,5,2026-06-09,Morning,872,32,8
4349,5,2026-06-09,Afternoon,944,45,8
4350,5,2026-06-09,Night,936,59,8
4351,1,2026-06-10,Morning,933,25,8
4352,1,2026-06-10,Afternoon,950,43,8
4353,1,2026-06-10,Night,1058,79,8
4354,2,2026-06-10,Morning,920,50,8
4355,2,2026-06-10,Afternoon,928,60,8
4356,2,2026-06-10,Night,894,21,8
4357,3,2026-06-10,Morning,815,40,8
4358,3,2026-06-10,Afternoon,767,50,8
4359,3,2026-06-10,Night,829,65,8
4360,4,2026-06-10,Morning,1035,49,8
4361,4,2026-06-10,Afternoon,1012,77,8
4362,4,2026-06-10,Night,951,55,8
4363,5,2026-06-10,Morning,891,31,8
4364,5,2026-06-10,Afternoon,1022,35,8
4365,5,2026-06-10,Night,982,56,8
4366,1,2026-06-11,Morning,978,23,8
4367,1,2026-06-11,Afternoon,1008,43,8
4368,1,2026-06-11,Night,948,45,8
4369,2,2026-06-11,Morning,927,35,8
4370,2,2026-06-11,Afternoon,946,68,8
4371,2,2026-06-11,Night,888,54,8
4372,3,2026-06-11,Morning,817,54,8
4373,3,2026-06-11,Afternoon,841,15,8
4374,3,2026-06-11,Night,759,29,8
4375,4,2026-06-11,Morning,964,49,8
4376,4,2026-06-11,Afternoon,1020,46,8
4377,4,2026-06-11,Night,987,13,8
4378,5,2026-06-11,Morning,932,46,8
4379,5,2026-06-11,Afternoon,927,14,8
4380,5,2026-06-11,Night,975,48,8
4381,1,2026-06-12,Morning,912,63,8
4382,1,2026-06-12,Afternoon,931,43,8
4383,1,2026-06-12,Night,896,66,8
4384,2,2026-06-12,Morning,887,19,8
4385,2,2026-06-12,Afternoon,905,25,8
4386,2,2026-06-12,Night,826,20,8
4387,3,2026-06-12,Morning,768,10,8
4388,3,2026-06-12,Afternoon,807,29,8
4389,3,2026-06-12,Night,817,32,8
4390,4,2026-06-12,Morning,1048,51,8
4391,4,2026-06-12,Afternoon,1003,13,8
4392,4,2026-06-12,Night,972,55,8
4393,5,2026-06-12,Morning,934,21,8
4394,5,2026-06-12,Afternoon,936,28,8
4395,5,2026-06-12,Night,912,60,8
4396,1,2026-06-13,Morning,959,57,8
4397,1,2026-06-13,Afternoon,930,56,8
4398,1,2026-06-13,Night,961,55,8
4399,2,2026-06-13,Morning,897,18,8
4400,2,2026-06-13,Afternoon,891,43,8
4401,2,2026-06-13,Night,892,61,8
4402,3,2026-06-13,Morning,829,8,8
4403,3,2026-06-13,Afternoon,825,13,8
4404,3,2026-06-13,Night,789,41,8
4405,4,2026-06-13,Morning,1008,18,8
4406,4,2026-06-13,Afternoon,976,24,8
4407,4,2026-06-13,Night,977,28,8
4408,5,2026-06-13,Morning,912,64,8
4409,5,2026-06-13,Afternoon,993,46,8
4410,5,2026-06-13,Night,988,16,8
4411,1,2026-06-14,Morning,923,39,8
4412,1,2026-06-14,Afternoon,936,53,8
4413,1,2026-06-14,Night,964,72,8
4414,2,2026-06-14,Morning,921,12,8
4415,2,2026-06-14,Afternoon,859,28,8
4416,2,2026-06-14,Night,865,24,8
4417,3,2026-06-14,Morning,685,31,8
4418,3,2026-06-14,Afternoon,821,46,8
4419,3,2026-06-14,Night,743,16,8
4420,4,2026-06-14,Morning,954,32,8
4421,4,2026-06-14,Afternoon,1014,57,8
4422,4,2026-06-14,Night,1012,26,8
4423,5,2026-06-14,Morning,991,43,8
4424,5,2026-06-14,Afternoon,1006,48,8
4425,5,2026-06-14,Night,1042,62,8
4426,1,2026-06-15,Morning,935,16,8
4427,1,2026-06-15,Afternoon,926,13,8
4428,1,2026-06-15,Night,965,75,8
4429,2,2026-06-15,Morning,847,37,8
4430,2,2026-06-15,Afternoon,890,60,8
4431,2,2026-06-15,Night,905,31,8
4432,3,2026-06-15,Morning,819,42,8
4433,3,2026-06-15,Afternoon,823,58,8
4434,3,2026-06-15,Night,789,38,8
4435,4,2026-06-15,Morning,932,11,8
4436,4,2026-06-15,Afternoon,939,63,8
4437,4,2026-06-15,Night,902,38,8
4438,5,2026-06-15,Morning,908,61,8
4439,5,2026-06-15,Afternoon,876,31,8
4440,5,2026-06-15,Night,910,30,8
4441,1,2026-06-16,Morning,965,41,8
4442,1,2026-06-16,Afternoon,903,63,8
4443,1,2026-06-16,Night,953,60,8
4444,2,2026-06-16,Morning,888,56,8
4445,2,2026-06-16,Afternoon,913,68,8
4446,2,2026-06-16,Night,922,30,8
4447,3,2026-06-16,Morning,786,8,8
4448,3,2026-06-16,Afternoon,800,21,8
4449,3,2026-06-16,Night,789,17,8
4450,4,2026-06-16,Morning,961,11,8
4451,4,2026-06-16,Afternoon,952,70,8
4452,4,2026-06-16,Night,998,72,8
4453,5,2026-06-16,Morning,982,10,8
4454,5,2026-06-16,Afternoon,976,77,8
4455,5,2026-06-16,Night,879,63,8
4456,1,2026-06-17,Morning,1001,30,8
4457,1,2026-06-17,Afternoon,913,68,8
4458,1,2026-06-17,Night,955,18,8
4459,2,2026-06-17,Morning,912,57,8
4460,2,2026-06-17,Afternoon,840,44,8
4461,2,2026-06-17,Night,893,65,8
4462,3,2026-06-17,Morning,854,33,8
4463,3,2026-06-17,Afternoon,711,29,8
4464,3,2026-06-17,Night,896,57,8
4465,4,2026-06-17,Morning,901,25,8
4466,4,2026-06-17,Afternoon,991,12,8
4467,4,2026-06-17,Night,922,18,8
4468,5,2026-06-17,Morning,947,52,8
4469,5,2026-06-17,Afternoon,974,44,8
4470,5,2026-06-17,Night,962,69,8
4471,1,2026-06-18,Morning,893,70,8
4472,1,2026-06-18,Afternoon,989,28,8
4473,1,2026-06-18,Night,939,13,8
4474,2,2026-06-18,Morning,844,66,8
4475,2,2026-06-18,Afternoon,954,53,8
4476,2,2026-06-18,Night,983,44,8
4477,3,2026-06-18,Morning,803,48,8
4478,3,2026-06-18,Afternoon,784,30,8
4479,3,2026-06-18,Night,768,19,8
4480,4,2026-06-18,Morning,1009,21,8
4481,4,2026-06-18,Afternoon,1021,69,8
4482,4,2026-06-18,Night,964,35,8
4483,5,2026-06-18,Morning,993,26,8
4484,5,2026-06-18,Afternoon,955,20,8
4485,5,2026-06-18,Night,933,73,8
4486,1,2026-06-19,Morning,962,32,8
4487,1,2026-06-19,Afternoon,910,25,8
4488,1,2026-06-19,Night,978,44,8
4489,2,2026-06-19,Morning,862,24,8
4490,2,2026-06-19,Afternoon,879,10,8
4491,2,2026-06-19,Night,897,14,8
4492,3,2026-06-19,Morning,875,19,8
4493,3,2026-06-19,Afternoon,809,13,8
4494,3,2026-06-19,Night,766,48,8
4495,4,2026-06-19,Morning,992,14,8
4496,4,2026-06-19,Afternoon,1003,67,8
4497,4,2026-06-19,Night,1028,53,8
4498,5,2026-06-19,Morning,929,53,8
4499,5,2026-06-19,Afternoon,901,11,8
4500,5,2026-06-19,Night,1018,11,8
4501,1,2026-06-20,Morning,963,47,8
4502,1,2026-06-20,Afternoon,916,44,8
4503,1,2026-06-20,Night,948,70,8
4504,2,2026-06-20,Morning,879,33,8
4505,2,2026-06-20,Afternoon,951,61,8
4506,2,2026-06-20,Night,922,42,8
4507,3,2026-06-20,Morning,787,56,8
4508,3,2026-06-20,Afternoon,841,22,8
4509,3,2026-06-20,Night,795,52,8
4510,4,2026-06-20,Morning,977,38,8
4511,4,2026-06-20,Afternoon,950,69,8
4512,4,2026-06-20,Night,950,64,8
4513,5,2026-06-20,Morning,1014,43,8
4514,5,2026-06-20,Afternoon,969,36,8
4515,5,2026-06-20,Night,857,38,8
4516,1,2026-06-21,Morning,911,38,8
4517,1,2026-06-21,Afternoon,904,41,8
4518,1,2026-06-21,Night,952,25,8
4519,2,2026-06-21,Morning,883,47,8
4520,2,2026-06-21,Afternoon,960,58,8
4521,2,2026-06-21,Night,886,32,8
4522,3,2026-06-21,Morning,879,31,8
4523,3,2026-06-21,Afternoon,796,55,8
4524,3,2026-06-21,Night,890,63,8
4525,4,2026-06-21,Morning,971,52,8
4526,4,2026-06-21,Afternoon,972,30,8
4527,4,2026-06-21,Night,1018,24,8
4528,5,2026-06-21,Morning,961,25,8
4529,5,2026-06-21,Afternoon,878,27,8
4530,5,2026-06-21,Night,933,30,8
4531,1,2026-06-22,Morning,933,60,8
4532,1,2026-06-22,Afternoon,930,20,8
4533,1,2026-06-22,Night,953,74,8
4534,2,2026-06-22,Morning,888,29,8
4535,2,2026-06-22,Afternoon,907,66,8
4536,2,2026-06-22,Night,860,55,8
4537,3,2026-06-22,Morning,739,35,8
4538,3,2026-06-22,Afternoon,839,13,8
4539,3,2026-06-22,Night,846,65,8
4540,4,2026-06-22,Morning,1017,28,8
4541,4,2026-06-22,Afternoon,981,58,8
4542,4,2026-06-22,Night,965,63,8
4543,5,2026-06-22,Morning,905,41,8
4544,5,2026-06-22,Afternoon,898,29,8
4545,5,2026-06-22,Night,926,61,8
4546,1,2026-06-23,Morning,995,50,8
4547,1,2026-06-23,Afternoon,922,62,8
4548,1,2026-06-23,Night,995,29,8
4549,2,2026-06-23,Morning,841,36,8
4550,2,2026-06-23,Afternoon,909,29,8
4551,2,2026-06-23,Night,917,72,8
4552,3,2026-06-23,Morning,779,8,8
4553,3,2026-06-23,Afternoon,757,9,8
4554,3,2026-06-23,Night,833,31,8
4555,4,2026-06-23,Morning,981,69,8
4556,4,2026-06-23,Afternoon,1085,17,8
4557,4,2026-06-23,Night,1026,58,8
4558,5,2026-06-23,Morning,976,74,8
4559,5,2026-06-23,Afternoon,834,26,8
4560,5,2026-06-23,Night,902,37,8
4561,1,2026-06-24,Morning,903,70,8
4562,1,2026-06-24,Afternoon,870,14,8
4563,1,2026-06-24,Night,948,50,8
4564,2,2026-06-24,Morning,932,63,8
4565,2,2026-06-24,Afternoon,861,33,8
4566,2,2026-06-24,Night,822,29,8
4567,3,2026-06-24,Morning,764,40,8
4568,3,2026-06-24,Afternoon,793,15,8
4569,3,2026-06-24,Night,790,25,8
4570,4,2026-06-24,Morning,980,56,8
4571,4,2026-06-24,Afternoon,996,70,8
4572,4,2026-06-24,Night,979,34,8
4573,5,2026-06-24,Morning,965,70,8
4574,5,2026-06-24,Afternoon,892,23,8
4575,5,2026-06-24,Night,919,72,8
4576,1,2026-06-25,Morning,973,28,8
4577,1,2026-06-25,Afternoon,961,41,8
4578,1,2026-06-25,Night,1023,26,8
4579,2,2026-06-25,Morning,863,42,8
4580,2,2026-06-25,Afternoon,924,25,8
4581,2,2026-06-25,Night,874,34,8
4582,3,2026-06-25,Morning,770,20,8
4583,3,2026-06-25,Afternoon,843,50,8
4584,3,2026-06-25,Night,798,40,8
4585,4,2026-06-25,Morning,990,21,8
4586,4,2026-06-25,Afternoon,957,62,8
4587,4,2026-06-25,Night,959,33,8
4588,5,2026-06-25,Morning,869,60,8
4589,5,2026-06-25,Afternoon,937,18,8
4590,5,2026-06-25,Night,888,52,8
4591,1,2026-06-26,Morning,944,41,8
4592,1,2026-06-26,Afternoon,985,73,8
4593,1,2026-06-26,Night,879,44,8
4594,2,2026-06-26,Morning,1019,59,8
4595,2,2026-06-26,Afternoon,869,56,8
4596,2,2026-06-26,Night,895,32,8
4597,3,2026-06-26,Morning,810,58,8
4598,3,2026-06-26,Afternoon,768,55,8
4599,3,2026-06-26,Night,781,40,8
4600,4,2026-06-26,Morning,1024,53,8
4601,4,2026-06-26,Afternoon,1010,45,8
4602,4,2026-06-26,Night,969,41,8
4603,5,2026-06-26,Morning,929,20,8
4604,5,2026-06-26,Afternoon,935,42,8
4605,5,2026-06-26,Night,952,62,8
4606,1,2026-06-27,Morning,975,58,8
4607,1,2026-06-27,Afternoon,974,70,8
4608,1,2026-06-27,Night,933,22,8
4609,2,2026-06-27,Morning,904,49,8
4610,2,2026-06-27,Afternoon,939,45,8
4611,2,2026-06-27,Night,988,44,8
4612,3,2026-06-27,Morning,803,35,8
4613,3,2026-06-27,Afternoon,778,16,8
4614,3,2026-06-27,Night,767,18,8
4615,4,2026-06-27,Morning,1004,52,8
4616,4,2026-06-27,Afternoon,917,19,8
4617,4,2026-06-27,Night,1004,26,8
4618,5,2026-06-27,Morning,955,28,8
4619,5,2026-06-27,Afternoon,909,35,8
4620,5,2026-06-27,Night,939,46,8
4621,1,2026-06-28,Morning,941,48,8
4622,1,2026-06-28,Afternoon,896,29,8
4623,1,2026-06-28,Night,971,31,8
4624,2,2026-06-28,Morning,917,63,8
4625,2,2026-06-28,Afternoon,882,64,8
4626,2,2026-06-28,Night,987,34,8
4627,3,2026-06-28,Morning,800,33,8
4628,3,2026-06-28,Afternoon,726,24,8
4629,3,2026-06-28,Night,842,58,8
4630,4,2026-06-28,Morning,1011,78,8
4631,4,2026-06-28,Afternoon,1016,38,8
4632,4,2026-06-28,Night,940,53,8
4633,5,2026-06-28,Morning,938,57,8
4634,5,2026-06-28,Afternoon,929,71,8
4635,5,2026-06-28,Night,923,25,8
4636,1,2026-06-29,Morning,1003,36,8
4637,1,2026-06-29,Afternoon,950,43,8
4638,1,2026-06-29,Night,934,43,8
4639,2,2026-06-29,Morning,883,35,8
4640,2,2026-06-29,Afternoon,857,30,8
4641,2,2026-06-29,Night,904,45,8
4642,3,2026-06-29,Morning,857,59,8
4643,3,2026-06-29,Afternoon,787,47,8
4644,3,2026-06-29,Night,810,32,8
4645,4,2026-06-29,Morning,972,42,8
4646,4,2026-06-29,Afternoon,976,34,8
4647,4,2026-06-29,Night,1013,64,8
4648,5,2026-06-29,Morning,887,24,8
4649,5,2026-06-29,Afternoon,870,23,8
4650,5,2026-06-29,Night,972,10,8
4651,1,2026-06-30,Morning,928,49,8
4652,1,2026-06-30,Afternoon,934,20,8
4653,1,2026-06-30,Night,1048,32,8
4654,2,2026-06-30,Morning,931,11,8
4655,2,2026-06-30,Afternoon,865,56,8
4656,2,2026-06-30,Night,945,38,8
4657,3,2026-06-30,Morning,832,49,8
4658,3,2026-06-30,Afternoon,682,19,8
4659,3,2026-06-30,Night,806,26,8
4660,4,2026-06-30,Morning,939,38,8
4661,4,2026-06-30,Afternoon,976,52,8
4662,4,2026-06-30,Night,1068,51,8
4663,5,2026-06-30,Morning,965,45,8
4664,5,2026-06-30,Afternoon,971,55,8
4665,5,2026-06-30,Night,922,35,8
4666,1,2026-07-01,Morning,991,62,8
4667,1,2026-07-01,Afternoon,921,66,8
4668,1,2026-07-01,Night,955,11,8
4669,2,2026-07-01,Morning,933,71,8
4670,2,2026-07-01,Afternoon,931,12,8
4671,2,2026-07-01,Night,843,27,8
4672,3,2026-07-01,Morning,876,14,8
4673,3,2026-07-01,Afternoon,763,13,8
4674,3,2026-07-01,Night,907,47,8
4675,4,2026-07-01,Morning,1014,74,8
4676,4,2026-07-01,Afternoon,1010,39,8
4677,4,2026-07-01,Night,946,38,8
4678,5,2026-07-01,Morning,910,34,8
4679,5,2026-07-01,Afternoon,1002,62,8
4680,5,2026-07-01,Night,995,45,8
4681,1,2026-07-02,Morning,943,12,8
4682,1,2026-07-02,Afternoon,940,55,8
4683,1,2026-07-02,Night,941,70,8
4684,2,2026-07-02,Morning,945,48,8
4685,2,2026-07-02,Afternoon,941,28,8
4686,2,2026-07-02,Night,915,31,8
4687,3,2026-07-02,Morning,805,31,8
4688,3,2026-07-02,Afternoon,793,62,8
4689,3,2026-07-02,Night,903,42,8
4690,4,2026-07-02,Morning,926,30,8
4691,4,2026-07-02,Afternoon,964,62,8
4692,4,2026-07-02,Night,992,53,8
4693,5,2026-07-02,Morning,869,60,8
4694,5,2026-07-02,Afternoon,907,53,8
4695,5,2026-07-02,Night,1017,16,8
4696,1,2026-07-03,Morning,988,42,8
4697,1,2026-07-03,Afternoon,927,52,8
4698,1,2026-07-03,Night,926,68,8
4699,2,2026-07-03,Morning,847,46,8
4700,2,2026-07-03,Afternoon,882,62,8
4701,2,2026-07-03,Night,922,43,8
4702,3,2026-07-03,Morning,815,51,8
4703,3,2026-07-03,Afternoon,784,29,8
4704,3,2026-07-03,Night,763,34,8
4705,4,2026-07-03,Morning,972,34,8
4706,4,2026-07-03,Afternoon,971,29,8
4707,4,2026-07-03,Night,1012,78,8
4708,5,2026-07-03,Morning,939,52,8
4709,5,2026-07-03,Afternoon,933,22,8
4710,5,2026-07-03,Night,979,45,8
4711,1,2026-07-04,Morning,1015,25,8
4712,1,2026-07-04,Afternoon,964,34,8
4713,1,2026-07-04,Night,965,39,8
4714,2,2026-07-04,Morning,895,56,8
4715,2,2026-07-04,Afternoon,866,43,8
4716,2,2026-07-04,Night,935,67,8
4717,3,2026-07-04,Morning,827,20,8
4718,3,2026-07-04,Afternoon,798,12,8
4719,3,2026-07-04,Night,809,29,8
4720,4,2026-07-04,Morning,1026,77,8
4721,4,2026-07-04,Afternoon,1034,42,8
4722,4,2026-07-04,Night,885,43,8
4723,5,2026-07-04,Morning,904,64,8
4724,5,2026-07-04,Afternoon,928,38,8
4725,5,2026-07-04,Night,887,9,8
4726,1,2026-07-05,Morning,960,26,8
4727,1,2026-07-05,Afternoon,926,68,8
4728,1,2026-07-05,Night,961,24,8
4729,2,2026-07-05,Morning,878,9,8
4730,2,2026-07-05,Afternoon,879,56,8
4731,2,2026-07-05,Night,911,21,8
4732,3,2026-07-05,Morning,837,25,8
4733,3,2026-07-05,Afternoon,824,22,8
4734,3,2026-07-05,Night,798,48,8
4735,4,2026-07-05,Morning,908,38,8
4736,4,2026-07-05,Afternoon,958,14,8
4737,4,2026-07-05,Night,954,57,8
4738,5,2026-07-05,Morning,959,14,8
4739,5,2026-07-05,Afternoon,936,72,8
4740,5,2026-07-05,Night,937,40,8
4741,1,2026-07-06,Morning,918,21,8
4742,1,2026-07-06,Afternoon,1005,41,8
4743,1,2026-07-06,Night,957,51,8
4744,2,2026-07-06,Morning,865,41,8
4745,2,2026-07-06,Afternoon,868,42,8
4746,2,2026-07-06,Night,913,27,8
4747,3,2026-07-06,Morning,764,8,8
4748,3,2026-07-06,Afternoon,775,20,8
4749,3,2026-07-06,Night,755,34,8
4750,4,2026-07-06,Morning,1009,72,8
4751,4,2026-07-06,Afternoon,945,34,8
4752,4,2026-07-06,Night,1043,43,8
4753,5,2026-07-06,Morning,948,33,8
4754,5,2026-07-06,Afternoon,885,61,8
4755,5,2026-07-06,Night,954,33,8
4756,1,2026-07-07,Morning,1006,24,8
4757,1,2026-07-07,Afternoon,946,24,8
4758,1,2026-07-07,Night,1011,23,8
4759,2,2026-07-07,Morning,919,23,8
4760,2,2026-07-07,Afternoon,876,41,8
4761,2,2026-07-07,Night,988,70,8
4762,3,2026-07-07,Morning,746,52,8
4763,3,2026-07-07,Afternoon,787,31,8
4764,3,2026-07-07,Night,798,41,8
4765,4,2026-07-07,Morning,1059,22,8
4766,4,2026-07-07,Afternoon,1010,55,8
4767,4,2026-07-07,Night,1002,33,8
4768,5,2026-07-07,Morning,901,53,8
4769,5,2026-07-07,Afternoon,925,54,8
4770,5,2026-07-07,Night,907,23,8
4771,1,2026-07-08,Morning,971,49,8
4772,1,2026-07-08,Afternoon,998,34,8
4773,1,2026-07-08,Night,1050,45,8
4774,2,2026-07-08,Morning,881,51,8
4775,2,2026-07-08,Afternoon,845,21,8
4776,2,2026-07-08,Night,887,9,8
4777,3,2026-07-08,Morning,841,55,8
4778,3,2026-07-08,Afternoon,766,18,8
4779,3,2026-07-08,Night,800,59,8
4780,4,2026-07-08,Morning,1003,59,8
4781,4,2026-07-08,Afternoon,962,24,8
4782,4,2026-07-08,Night,989,10,8
4783,5,2026-07-08,Morning,892,58,8
4784,5,2026-07-08,Afternoon,981,33,8
4785,5,2026-07-08,Night,920,20,8
4786,1,2026-07-09,Morning,958,32,8
4787,1,2026-07-09,Afternoon,880,55,8
4788,1,2026-07-09,Night,907,15,8
4789,2,2026-07-09,Morning,940,13,8
4790,2,2026-07-09,Afternoon,882,67,8
4791,2,2026-07-09,Night,864,55,8
4792,3,2026-07-09,Morning,742,38,8
4793,3,2026-07-09,Afternoon,850,15,8
4794,3,2026-07-09,Night,828,56,8
4795,4,2026-07-09,Morning,1005,72,8
4796,4,2026-07-09,Afternoon,1047,61,8
4797,4,2026-07-09,Night,967,43,8
4798,5,2026-07-09,Morning,875,12,8
4799,5,2026-07-09,Afternoon,932,10,8
4800,5,2026-07-09,Night,1007,75,8
4801,1,2026-07-10,Morning,953,24,8
4802,1,2026-07-10,Afternoon,997,18,8
4803,1,2026-07-10,Night,896,40,8
4804,2,2026-07-10,Morning,870,67,8
4805,2,2026-07-10,Afternoon,937,52,8
4806,2,2026-07-10,Night,907,39,8
4807,3,2026-07-10,Morning,796,56,8
4808,3,2026-07-10,Afternoon,846,25,8
4809,3,2026-07-10,Night,837,63,8
4810,4,2026-07-10,Morning,988,13,8
4811,4,2026-07-10,Afternoon,885,47,8
4812,4,2026-07-10,Night,980,64,8
4813,5,2026-07-10,Morning,947,56,8
4814,5,2026-07-10,Afternoon,861,16,8
4815,5,2026-07-10,Night,946,72,8
4816,1,2026-07-11,Morning,998,33,8
4817,1,2026-07-11,Afternoon,950,15,8
4818,1,2026-07-11,Night,910,70,8
4819,2,2026-07-11,Morning,809,11,8
4820,2,2026-07-11,Afternoon,917,49,8
4821,2,2026-07-11,Night,835,61,8
4822,3,2026-07-11,Morning,825,25,8
4823,3,2026-07-11,Afternoon,874,14,8
4824,3,2026-07-11,Night,714,53,8
4825,4,2026-07-11,Morning,952,35,8
4826,4,2026-07-11,Afternoon,971,50,8
4827,4,2026-07-11,Night,1057,14,8
4828,5,2026-07-11,Morning,935,27,8
4829,5,2026-07-11,Afternoon,912,48,8
4830,5,2026-07-11,Night,971,20,8
4831,1,2026-07-12,Morning,934,42,8
4832,1,2026-07-12,Afternoon,919,47,8
4833,1,2026-07-12,Night,974,51,8
4834,2,2026-07-12,Morning,945,36,8
4835,2,2026-07-12,Afternoon,799,55,8
4836,2,2026-07-12,Night,869,22,8
4837,3,2026-07-12,Morning,808,56,8
4838,3,2026-07-12,Afternoon,793,12,8
4839,3,2026-07-12,Night,799,42,8
4840,4,2026-07-12,Morning,940,27,8
4841,4,2026-07-12,Afternoon,1007,32,8
4842,4,2026-07-12,Night,1043,12,8
4843,5,2026-07-12,Morning,898,61,8
4844,5,2026-07-12,Afternoon,957,37,8
4845,5,2026-07-12,Night,970,68,8
4846,1,2026-07-13,Morning,958,34,8
4847,1,2026-07-13,Afternoon,975,39,8
4848,1,2026-07-13,Night,922,21,8
4849,2,2026-07-13,Morning,960,30,8
4850,2,2026-07-13,Afternoon,945,30,8
4851,2,2026-07-13,Night,950,13,8
4852,3,2026-07-13,Morning,754,56,8
4853,3,2026-07-13,Afternoon,820,21,8
4854,3,2026-07-13,Night,775,12,8
4855,4,2026-07-13,Morning,1044,51,8
4856,4,2026-07-13,Afternoon,949,66,8
4857,4,2026-07-13,Night,990,43,8
4858,5,2026-07-13,Morning,851,29,8
4859,5,2026-07-13,Afternoon,939,52,8
4860,5,2026-07-13,Night,884,20,8
4861,1,2026-07-14,Morning,972,26,8
4862,1,2026-07-14,Afternoon,944,53,8
4863,1,2026-07-14,Night,935,70,8
4864,2,2026-07-14,Morning,965,59,8
4865,2,2026-07-14,Afternoon,992,58,8
4866,2,2026-07-14,Night,844,43,8
4867,3,2026-07-14,Morning,787,24,8
4868,3,2026-07-14,Afternoon,834,20,8
4869,3,2026-07-14,Night,815,45,8
4870,4,2026-07-14,Morning,1011,53,8
4871,4,2026-07-14,Afternoon,977,69,8
4872,4,2026-07-14,Night,1027,36,8
4873,5,2026-07-14,Morning,938,26,8
4874,5,2026-07-14,Afternoon,947,46,8
4875,5,2026-07-14,Night,885,45,8
4876,1,2026-07-15,Morning,954,30,8
4877,1,2026-07-15,Afternoon,984,56,8
4878,1,2026-07-15,Night,963,33,8
4879,2,2026-07-15,Morning,981,75,8
4880,2,2026-07-15,Afternoon,905,25,8
4881,2,2026-07-15,Night,920,34,8
4882,3,2026-07-15,Morning,808,61,8
4883,3,2026-07-15,Afternoon,798,33,8
4884,3,2026-07-15,Night,836,41,8
4885,4,2026-07-15,Morning,975,66,8
4886,4,2026-07-15,Afternoon,932,10,8
4887,4,2026-07-15,Night,1043,68,8
4888,5,2026-07-15,Morning,906,69,8
4889,5,2026-07-15,Afternoon,872,65,8
4890,5,2026-07-15,Night,955,61,8
4891,1,2026-07-16,Morning,1019,76,8
4892,1,2026-07-16,Afternoon,976,58,8
4893,1,2026-07-16,Night,1006,12,8
4894,2,2026-07-16,Morning,865,32,8
4895,2,2026-07-16,Afternoon,853,9,8
4896,2,2026-07-16,Night,886,17,8
4897,3,2026-07-16,Morning,844,66,8
4898,3,2026-07-16,Afternoon,822,28,8
4899,3,2026-07-16,Night,825,17,8
4900,4,2026-07-16,Morning,985,59,8
4901,4,2026-07-16,Afternoon,967,67,8
4902,4,2026-07-16,Night,987,66,8
4903,5,2026-07-16,Morning,924,42,8
4904,5,2026-07-16,Afternoon,914,43,8
4905,5,2026-07-16,Night,946,33,8
4906,1,2026-07-17,Morning,940,12,8
4907,1,2026-07-17,Afternoon,961,37,8
4908,1,2026-07-17,Night,874,25,8
4909,2,2026-07-17,Morning,908,72,8
4910,2,2026-07-17,Afternoon,890,29,8
4911,2,2026-07-17,Night,959,57,8
4912,3,2026-07-17,Morning,740,27,8
4913,3,2026-07-17,Afternoon,805,33,8
4914,3,2026-07-17,Night,835,46,8
4915,4,2026-07-17,Morning,976,41,8
4916,4,2026-07-17,Afternoon,969,31,8
4917,4,2026-07-17,Night,1015,62,8
4918,5,2026-07-17,Morning,951,75,8
4919,5,2026-07-17,Afternoon,954,60,8
4920,5,2026-07-17,Night,914,32,8
4921,1,2026-07-18,Morning,930,60,8
4922,1,2026-07-18,Afternoon,961,45,8
4923,1,2026-07-18,Night,988,54,8
4924,2,2026-07-18,Morning,848,20,8
4925,2,2026-07-18,Afternoon,897,44,8
4926,2,2026-07-18,Night,881,62,8
4927,3,2026-07-18,Morning,802,50,8
4928,3,2026-07-18,Afternoon,831,33,8
4929,3,2026-07-18,Night,768,27,8
4930,4,2026-07-18,Morning,1006,54,8
4931,4,2026-07-18,Afternoon,966,39,8
4932,4,2026-07-18,Night,1025,71,8
4933,5,2026-07-18,Morning,900,29,8
4934,5,2026-07-18,Afternoon,968,55,8
4935,5,2026-07-18,Night,881,27,8
4936,1,2026-07-19,Morning,959,70,8
4937,1,2026-07-19,Afternoon,977,11,8
4938,1,2026-07-19,Night,921,52,8
4939,2,2026-07-19,Morning,815,57,8
4940,2,2026-07-19,Afternoon,883,61,8
4941,2,2026-07-19,Night,902,32,8
4942,3,2026-07-19,Morning,788,30,8
4943,3,2026-07-19,Afternoon,779,59,8
4944,3,2026-07-19,Night,835,18,8
4945,4,2026-07-19,Morning,1030,28,8
4946,4,2026-07-19,Afternoon,1027,33,8
4947,4,2026-07-19,Night,999,33,8
4948,5,2026-07-19,Morning,955,45,8
4949,5,2026-07-19,Afternoon,895,61,8
4950,5,2026-07-19,Night,928,55,8
4951,1,2026-07-20,Morning,955,72,8
4952,1,2026-07-20,Afternoon,963,47,8
4953,1,2026-07-20,Night,962,52,8
4954,2,2026-07-20,Morning,902,10,8
4955,2,2026-07-20,Afternoon,919,60,8
4956,2,2026-07-20,Night,910,46,8
4957,3,2026-07-20,Morning,810,24,8
4958,3,2026-07-20,Afternoon,774,42,8
4959,3,2026-07-20,Night,756,18,8
4960,4,2026-07-20,Morning,993,53,8
4961,4,2026-07-20,Afternoon,964,66,8
4962,4,2026-07-20,Night,955,31,8
4963,5,2026-07-20,Morning,958,24,8
4964,5,2026-07-20,Afternoon,929,34,8
4965,5,2026-07-20,Night,986,72,8
4966,1,2026-07-21,Morning,973,72,8
4967,1,2026-07-21,Afternoon,921,10,8
4968,1,2026-07-21,Night,978,36,8
4969,2,2026-07-21,Morning,917,51,8
4970,2,2026-07-21,Afternoon,870,11,8
4971,2,2026-07-21,Night,880,35,8
4972,3,2026-07-21,Morning,826,46,8
4973,3,2026-07-21,Afternoon,733,10,8
4974,3,2026-07-21,Night,719,27,8
4975,4,2026-07-21,Morning,988,38,8
4976,4,2026-07-21,Afternoon,985,39,8
4977,4,2026-07-21,Night,991,28,8
4978,5,2026-07-21,Morning,935,38,8
4979,5,2026-07-21,Afternoon,948,16,8
4980,5,2026-07-21,Night,980,52,8
4981,1,2026-07-22,Morning,951,44,8
4982,1,2026-07-22,Afternoon,895,63,8
4983,1,2026-07-22,Night,879,23,8
4984,2,2026-07-22,Morning,887,63,8
4985,2,2026-07-22,Afternoon,888,20,8
4986,2,2026-07-22,Night,851,54,8
4987,3,2026-07-22,Morning,713,25,8
4988,3,2026-07-22,Afternoon,785,54,8
4989,3,2026-07-22,Night,869,63,8
4990,4,2026-07-22,Morning,997,72,8
4991,4,2026-07-22,Afternoon,993,11,8
4992,4,2026-07-22,Night,974,35,8
4993,5,2026-07-22,Morning,917,26,8
4994,5,2026-07-22,Afternoon,951,29,8
4995,5,2026-07-22,Night,885,53,8
4996,1,2026-07-23,Morning,1031,74,8
4997,1,2026-07-23,Afternoon,907,68,8
4998,1,2026-07-23,Night,974,27,8
4999,2,2026-07-23,Morning,860,16,8
5000,2,2026-07-23,Afternoon,906,28,8
5001,2,2026-07-23,Night,929,62,8
5002,3,2026-07-23,Morning,738,46,8
5003,3,2026-07-23,Afternoon,764,59,8
5004,3,2026-07-23,Night,767,8,8
5005,4,2026-07-23,Morning,971,74,8
5006,4,2026-07-23,Afternoon,991,33,8
5007,4,2026-07-23,Night,1050,53,8
5008,5,2026-07-23,Morning,909,29,8
5009,5,2026-07-23,Afternoon,997,12,8
5010,5,2026-07-23,Night,945,10,8
5011,1,2026-07-24,Morning,906,51,8
5012,1,2026-07-24,Afternoon,945,23,8
5013,1,2026-07-24,Night,895,43,8
5014,2,2026-07-24,Morning,887,16,8
5015,2,2026-07-24,Afternoon,885,15,8
5016,2,2026-07-24,Night,907,41,8
5017,3,2026-07-24,Morning,825,62,8
5018,3,2026-07-24,Afternoon,798,51,8
5019,3,2026-07-24,Night,760,26,8
5020,4,2026-07-24,Morning,1069,81,8
5021,4,2026-07-24,Afternoon,1036,27,8
5022,4,2026-07-24,Night,1053,13,8
5023,5,2026-07-24,Morning,924,37,8
5024,5,2026-07-24,Afternoon,943,16,8
5025,5,2026-07-24,Night,922,66,8
5026,1,2026-07-25,Morning,957,58,8
5027,1,2026-07-25,Afternoon,959,30,8
5028,1,2026-07-25,Night,901,20,8
5029,2,2026-07-25,Morning,888,33,8
5030,2,2026-07-25,Afternoon,942,20,8
5031,2,2026-07-25,Night,938,33,8
5032,3,2026-07-25,Morning,788,60,8
5033,3,2026-07-25,Afternoon,810,30,8
5034,3,2026-07-25,Night,790,8,8
5035,4,2026-07-25,Morning,1006,66,8
5036,4,2026-07-25,Afternoon,918,17,8
5037,4,2026-07-25,Night,1001,63,8
5038,5,2026-07-25,Morning,989,39,8
5039,5,2026-07-25,Afternoon,903,24,8
5040,5,2026-07-25,Night,983,59,8
5041,1,2026-07-26,Morning,962,33,8
5042,1,2026-07-26,Afternoon,947,70,8
5043,1,2026-07-26,Night,937,69,8
5044,2,2026-07-26,Morning,954,39,8
5045,2,2026-07-26,Afternoon,890,23,8
5046,2,2026-07-26,Night,966,23,8
5047,3,2026-07-26,Morning,860,45,8
5048,3,2026-07-26,Afternoon,782,45,8
5049,3,2026-07-26,Night,793,10,8
5050,4,2026-07-26,Morning,907,60,8
5051,4,2026-07-26,Afternoon,979,10,8
5052,4,2026-07-26,Night,984,21,8
5053,5,2026-07-26,Morning,976,63,8
5054,5,2026-07-26,Afternoon,993,27,8
5055,5,2026-07-26,Night,960,31,8
5056,1,2026-07-27,Morning,992,47,8
5057,1,2026-07-27,Afternoon,943,67,8
5058,1,2026-07-27,Night,903,35,8
5059,2,2026-07-27,Morning,912,21,8
5060,2,2026-07-27,Afternoon,945,47,8
5061,2,2026-07-27,Night,799,14,8
5062,3,2026-07-27,Morning,805,31,8
5063,3,2026-07-27,Afternoon,731,54,8
5064,3,2026-07-27,Night,770,27,8
5065,4,2026-07-27,Morning,987,58,8
5066,4,2026-07-27,Afternoon,1044,29,8
5067,4,2026-07-27,Night,981,66,8
5068,5,2026-07-27,Morning,957,34,8
5069,5,2026-07-27,Afternoon,941,9,8
5070,5,2026-07-27,Night,902,39,8
5071,1,2026-07-28,Morning,969,76,8
5072,1,2026-07-28,Afternoon,902,38,8
5073,1,2026-07-28,Night,951,42,8
5074,2,2026-07-28,Morning,953,71,8
5075,2,2026-07-28,Afternoon,908,27,8
5076,2,2026-07-28,Night,911,43,8
5077,3,2026-07-28,Morning,787,34,8
5078,3,2026-07-28,Afternoon,740,50,8
5079,3,2026-07-28,Night,792,8,8
5080,4,2026-07-28,Morning,1015,71,8
5081,4,2026-07-28,Afternoon,996,11,8
5082,4,2026-07-28,Night,934,35,8
5083,5,2026-07-28,Morning,860,63,8
5084,5,2026-07-28,Afternoon,902,63,8
5085,5,2026-07-28,Night,922,49,8
5086,1,2026-07-29,Morning,945,31,8
5087,1,2026-07-29,Afternoon,945,18,8
5088,1,2026-07-29,Night,951,55,8
5089,2,2026-07-29,Morning,918,12,8
5090,2,2026-07-29,Afternoon,885,22,8
5091,2,2026-07-29,Night,864,45,8
5092,3,2026-07-29,Morning,822,50,8
5093,3,2026-07-29,Afternoon,836,43,8
5094,3,2026-07-29,Night,779,29,8
5095,4,2026-07-29,Morning,1062,22,8
5096,4,2026-07-29,Afternoon,1041,39,8
5097,4,2026-07-29,Night,937,59,8
5098,5,2026-07-29,Morning,862,37,8
5099,5,2026-07-29,Afternoon,924,36,8
5100,5,2026-07-29,Night,942,61,8
5101,1,2026-07-30,Morning,1031,14,8
5102,1,2026-07-30,Afternoon,1029,39,8
5103,1,2026-07-30,Night,977,56,8
5104,2,2026-07-30,Morning,886,30,8
5105,2,2026-07-30,Afternoon,948,68,8
5106,2,2026-07-30,Night,906,19,8
5107,3,2026-07-30,Morning,749,9,8
5108,3,2026-07-30,Afternoon,750,38,8
5109,3,2026-07-30,Night,786,48,8
5110,4,2026-07-30,Morning,1020,55,8
5111,4,2026-07-30,Afternoon,940,56,8
5112,4,2026-07-30,Night,966,67,8
5113,5,2026-07-30,Morning,991,17,8
5114,5,2026-07-30,Afternoon,946,64,8
5115,5,2026-07-30,Night,1003,78,8
5116,1,2026-07-31,Morning,971,15,8
5117,1,2026-07-31,Afternoon,992,72,8
5118,1,2026-07-31,Night,937,42,8
5119,2,2026-07-31,Morning,964,65,8
5120,2,2026-07-31,Afternoon,929,17,8
5121,2,2026-07-31,Night,896,37,8
5122,3,2026-07-31,Morning,855,33,8
5123,3,2026-07-31,Afternoon,827,40,8
5124,3,2026-07-31,Night,800,61,8
5125,4,2026-07-31,Morning,1002,66,8
5126,4,2026-07-31,Afternoon,947,54,8
5127,4,2026-07-31,Night,1028,72,8
5128,5,2026-07-31,Morning,1010,68,8
5129,5,2026-07-31,Afternoon,869,61,8
5130,5,2026-07-31,Night,908,36,8
5131,1,2026-08-01,Morning,925,9,8
5132,1,2026-08-01,Afternoon,981,43,8
5133,1,2026-08-01,Night,959,28,8
5134,2,2026-08-01,Morning,884,36,8
5135,2,2026-08-01,Afternoon,890,57,8
5136,2,2026-08-01,Night,880,18,8
5137,3,2026-08-01,Morning,826,47,8
5138,3,2026-08-01,Afternoon,809,54,8
5139,3,2026-08-01,Night,788,57,8
5140,4,2026-08-01,Morning,961,57,8
5141,4,2026-08-01,Afternoon,1035,40,8
5142,4,2026-08-01,Night,1027,13,8
5143,5,2026-08-01,Morning,956,41,8
5144,5,2026-08-01,Afternoon,972,70,8
5145,5,2026-08-01,Night,879,62,8
5146,1,2026-08-02,Morning,910,59,8
5147,1,2026-08-02,Afternoon,906,22,8
5148,1,2026-08-02,Night,951,53,8
5149,2,2026-08-02,Morning,944,72,8
5150,2,2026-08-02,Afternoon,884,58,8
5151,2,2026-08-02,Night,950,32,8
5152,3,2026-08-02,Morning,778,16,8
5153,3,2026-08-02,Afternoon,796,58,8
5154,3,2026-08-02,Night,784,20,8
5155,4,2026-08-02,Morning,973,72,8
5156,4,2026-08-02,Afternoon,977,19,8
5157,4,2026-08-02,Night,911,13,8
5158,5,2026-08-02,Morning,945,12,8
5159,5,2026-08-02,Afternoon,926,31,8
5160,5,2026-08-02,Night,994,39,8
5161,1,2026-08-03,Morning,974,31,8
5162,1,2026-08-03,Afternoon,963,35,8
5163,1,2026-08-03,Night,1011,44,8
5164,2,2026-08-03,Morning,956,36,8
5165,2,2026-08-03,Afternoon,966,27,8
5166,2,2026-08-03,Night,880,14,8
5167,3,2026-08-03,Morning,755,8,8
5168,3,2026-08-03,Afternoon,731,49,8
5169,3,2026-08-03,Night,842,12,8
5170,4,2026-08-03,Morning,906,20,8
5171,4,2026-08-03,Afternoon,989,75,8
5172,4,2026-08-03,Night,1015,81,8
5173,5,2026-08-03,Morning,871,61,8
5174,5,2026-08-03,Afternoon,893,71,8
5175,5,2026-08-03,Night,978,63,8
5176,1,2026-08-04,Morning,971,33,8
5177,1,2026-08-04,Afternoon,998,58,8
5178,1,2026-08-04,Night,960,11,8
5179,2,2026-08-04,Morning,863,22,8
5180,2,2026-08-04,Afternoon,883,64,8
5181,2,2026-08-04,Night,937,44,8
5182,3,2026-08-04,Morning,738,18,8
5183,3,2026-08-04,Afternoon,780,35,8
5184,3,2026-08-04,Night,774,22,8
5185,4,2026-08-04,Morning,977,13,8
5186,4,2026-08-04,Afternoon,1006,61,8
5187,4,2026-08-04,Night,1027,30,8
5188,5,2026-08-04,Morning,877,43,8
5189,5,2026-08-04,Afternoon,896,38,8
5190,5,2026-08-04,Night,881,65,8
5191,1,2026-08-05,Morning,949,16,8
5192,1,2026-08-05,Afternoon,905,30,8
5193,1,2026-08-05,Night,965,73,8
5194,2,2026-08-05,Morning,860,68,8
5195,2,2026-08-05,Afternoon,953,66,8
5196,2,2026-08-05,Night,832,15,8
5197,3,2026-08-05,Morning,767,18,8
5198,3,2026-08-05,Afternoon,867,33,8
5199,3,2026-08-05,Night,808,22,8
5200,4,2026-08-05,Morning,960,30,8
5201,4,2026-08-05,Afternoon,1090,54,8
5202,4,2026-08-05,Night,969,37,8
5203,5,2026-08-05,Morning,954,18,8
5204,5,2026-08-05,Afternoon,899,15,8
5205,5,2026-08-05,Night,892,28,8
5206,1,2026-08-06,Morning,976,42,8
5207,1,2026-08-06,Afternoon,1021,54,8
5208,1,2026-08-06,Night,932,51,8
5209,2,2026-08-06,Morning,859,27,8
5210,2,2026-08-06,Afternoon,941,38,8
5211,2,2026-08-06,Night,883,9,8
5212,3,2026-08-06,Morning,815,10,8
5213,3,2026-08-06,Afternoon,781,36,8
5214,3,2026-08-06,Night,787,55,8
5215,4,2026-08-06,Morning,946,35,8
5216,4,2026-08-06,Afternoon,1008,45,8
5217,4,2026-08-06,Night,997,73,8
5218,5,2026-08-06,Morning,945,43,8
5219,5,2026-08-06,Afternoon,903,44,8
5220,5,2026-08-06,Night,943,25,8
5221,1,2026-08-07,Morning,1028,28,8
5222,1,2026-08-07,Afternoon,910,12,8
5223,1,2026-08-07,Night,919,72,8
5224,2,2026-08-07,Morning,871,27,8
5225,2,2026-08-07,Afternoon,905,63,8
5226,2,2026-08-07,Night,857,49,8
5227,3,2026-08-07,Morning,821,49,8
5228,3,2026-08-07,Afternoon,729,44,8
5229,3,2026-08-07,Night,833,59,8
5230,4,2026-08-07,Morning,994,50,8
5231,4,2026-08-07,Afternoon,1056,71,8
5232,4,2026-08-07,Night,941,9,8
5233,5,2026-08-07,Morning,973,25,8
5234,5,2026-08-07,Afternoon,926,40,8
5235,5,2026-08-07,Night,918,20,8
5236,1,2026-08-08,Morning,910,32,8
5237,1,2026-08-08,Afternoon,932,25,8
5238,1,2026-08-08,Night,933,43,8
5239,2,2026-08-08,Morning,842,53,8
5240,2,2026-08-08,Afternoon,914,28,8
5241,2,2026-08-08,Night,909,36,8
5242,3,2026-08-08,Morning,824,53,8
5243,3,2026-08-08,Afternoon,777,26,8
5244,3,2026-08-08,Night,834,62,8
5245,4,2026-08-08,Morning,1035,66,8
5246,4,2026-08-08,Afternoon,971,72,8
5247,4,2026-08-08,Night,942,48,8
5248,5,2026-08-08,Morning,933,60,8
5249,5,2026-08-08,Afternoon,931,67,8
5250,5,2026-08-08,Night,923,52,8
5251,1,2026-08-09,Morning,974,69,8
5252,1,2026-08-09,Afternoon,936,59,8
5253,1,2026-08-09,Night,909,42,8
5254,2,2026-08-09,Morning,906,31,8
5255,2,2026-08-09,Afternoon,926,68,8
5256,2,2026-08-09,Night,929,10,8
5257,3,2026-08-09,Morning,784,12,8
5258,3,2026-08-09,Afternoon,812,9,8
5259,3,2026-08-09,Night,856,67,8
5260,4,2026-08-09,Morning,1036,39,8
5261,4,2026-08-09,Afternoon,1024,69,8
5262,4,2026-08-09,Night,919,69,8
5263,5,2026-08-09,Morning,917,49,8
5264,5,2026-08-09,Afternoon,983,68,8
5265,5,2026-08-09,Night,869,19,8
5266,1,2026-08-10,Morning,948,9,8
5267,1,2026-08-10,Afternoon,926,25,8
5268,1,2026-08-10,Night,963,29,8
5269,2,2026-08-10,Morning,817,46,8
5270,2,2026-08-10,Afternoon,948,13,8
5271,2,2026-08-10,Night,899,30,8
5272,3,2026-08-10,Morning,757,23,8
5273,3,2026-08-10,Afternoon,771,11,8
5274,3,2026-08-10,Night,814,63,8
5275,4,2026-08-10,Morning,948,56,8
5276,4,2026-08-10,Afternoon,1049,66,8
5277,4,2026-08-10,Night,975,39,8
5278,5,2026-08-10,Morning,990,10,8
5279,5,2026-08-10,Afternoon,936,22,8
5280,5,2026-08-10,Night,958,71,8
5281,1,2026-08-11,Morning,975,65,8
5282,1,2026-08-11,Afternoon,930,24,8
5283,1,2026-08-11,Night,978,10,8
5284,2,2026-08-11,Morning,884,10,8
5285,2,2026-08-11,Afternoon,836,48,8
5286,2,2026-08-11,Night,891,44,8
5287,3,2026-08-11,Morning,752,49,8
5288,3,2026-08-11,Afternoon,782,30,8
5289,3,2026-08-11,Night,798,13,8
5290,4,2026-08-11,Morning,943,17,8
5291,4,2026-08-11,Afternoon,1002,74,8
5292,4,2026-08-11,Night,963,65,8
5293,5,2026-08-11,Morning,881,42,8
5294,5,2026-08-11,Afternoon,894,54,8
5295,5,2026-08-11,Night,934,63,8
5296,1,2026-08-12,Morning,940,65,8
5297,1,2026-08-12,Afternoon,961,43,8
5298,1,2026-08-12,Night,954,70,8
5299,2,2026-08-12,Morning,860,41,8
5300,2,2026-08-12,Afternoon,875,36,8
5301,2,2026-08-12,Night,934,15,8
5302,3,2026-08-12,Morning,766,24,8
5303,3,2026-08-12,Afternoon,861,18,8
5304,3,2026-08-12,Night,743,52,8
5305,4,2026-08-12,Morning,1013,43,8
5306,4,2026-08-12,Afternoon,975,28,8
5307,4,2026-08-12,Night,941,35,8
5308,5,2026-08-12,Morning,933,47,8
5309,5,2026-08-12,Afternoon,897,57,8
5310,5,2026-08-12,Night,907,69,8
5311,1,2026-08-13,Morning,934,70,8
5312,1,2026-08-13,Afternoon,979,31,8
5313,1,2026-08-13,Night,924,24,8
5314,2,2026-08-13,Morning,909,58,8
5315,2,2026-08-13,Afternoon,931,37,8
5316,2,2026-08-13,Night,902,63,8
5317,3,2026-08-13,Morning,815,62,8
5318,3,2026-08-13,Afternoon,798,26,8
5319,3,2026-08-13,Night,821,12,8
5320,4,2026-08-13,Morning,930,63,8
5321,4,2026-08-13,Afternoon,1037,72,8
5322,4,2026-08-13,Night,905,70,8
5323,5,2026-08-13,Morning,902,56,8
5324,5,2026-08-13,Afternoon,926,45,8
5325,5,2026-08-13,Night,855,38,8
5326,1,2026-08-14,Morning,929,31,8
5327,1,2026-08-14,Afternoon,960,68,8
5328,1,2026-08-14,Night,1013,48,8
5329,2,2026-08-14,Morning,923,45,8
5330,2,2026-08-14,Afternoon,882,21,8
5331,2,2026-08-14,Night,840,58,8
5332,3,2026-08-14,Morning,851,35,8
5333,3,2026-08-14,Afternoon,780,29,8
5334,3,2026-08-14,Night,810,63,8
5335,4,2026-08-14,Morning,962,28,8
5336,4,2026-08-14,Afternoon,995,32,8
5337,4,2026-08-14,Night,1029,64,8
5338,5,2026-08-14,Morning,959,43,8
5339,5,2026-08-14,Afternoon,919,17,8
5340,5,2026-08-14,Night,982,48,8
5341,1,2026-08-15,Morning,1023,76,8
5342,1,2026-08-15,Afternoon,989,39,8
5343,1,2026-08-15,Night,933,39,8
5344,2,2026-08-15,Morning,933,36,8
5345,2,2026-08-15,Afternoon,939,21,8
5346,2,2026-08-15,Night,890,43,8
5347,3,2026-08-15,Morning,873,11,8
5348,3,2026-08-15,Afternoon,847,20,8
5349,3,2026-08-15,Night,791,42,8
5350,4,2026-08-15,Morning,963,47,8
5351,4,2026-08-15,Afternoon,1018,29,8
5352,4,2026-08-15,Night,1066,28,8
5353,5,2026-08-15,Morning,882,19,8
5354,5,2026-08-15,Afternoon,947,67,8
5355,5,2026-08-15,Night,962,37,8
5356,1,2026-08-16,Morning,999,28,8
5357,1,2026-08-16,Afternoon,982,61,8
5358,1,2026-08-16,Night,931,28,8
5359,2,2026-08-16,Morning,848,15,8
5360,2,2026-08-16,Afternoon,887,53,8
5361,2,2026-08-16,Night,931,74,8
5362,3,2026-08-16,Morning,777,11,8
5363,3,2026-08-16,Afternoon,856,55,8
5364,3,2026-08-16,Night,794,50,8
5365,4,2026-08-16,Morning,954,49,8
5366,4,2026-08-16,Afternoon,897,70,8
5367,4,2026-08-16,Night,1002,28,8
5368,5,2026-08-16,Morning,920,72,8
5369,5,2026-08-16,Afternoon,912,48,8
5370,5,2026-08-16,Night,1010,29,8
5371,1,2026-08-17,Morning,927,16,8
5372,1,2026-08-17,Afternoon,936,32,8
5373,1,2026-08-17,Night,972,16,8
5374,2,2026-08-17,Morning,955,66,8
5375,2,2026-08-17,Afternoon,918,52,8
5376,2,2026-08-17,Night,904,20,8
5377,3,2026-08-17,Morning,886,10,8
5378,3,2026-08-17,Afternoon,784,8,8
5379,3,2026-08-17,Night,784,31,8
5380,4,2026-08-17,Morning,957,42,8
5381,4,2026-08-17,Afternoon,996,51,8
5382,4,2026-08-17,Night,946,28,8
5383,5,2026-08-17,Morning,886,32,8
5384,5,2026-08-17,Afternoon,916,49,8
5385,5,2026-08-17,Night,868,29,8
5386,1,2026-08-18,Morning,960,50,8
5387,1,2026-08-18,Afternoon,966,47,8
5388,1,2026-08-18,Night,973,34,8
5389,2,2026-08-18,Morning,935,11,8
5390,2,2026-08-18,Afternoon,887,70,8
5391,2,2026-08-18,Night,950,12,8
5392,3,2026-08-18,Morning,845,44,8
5393,3,2026-08-18,Afternoon,761,22,8
5394,3,2026-08-18,Night,798,57,8
5395,4,2026-08-18,Morning,892,13,8
5396,4,2026-08-18,Afternoon,1030,61,8
5397,4,2026-08-18,Night,1014,46,8
5398,5,2026-08-18,Morning,990,39,8
5399,5,2026-08-18,Afternoon,872,66,8
5400,5,2026-08-18,Night,949,48,8
5401,1,2026-08-19,Morning,930,61,8
5402,1,2026-08-19,Afternoon,875,18,8
5403,1,2026-08-19,Night,990,31,8
5404,2,2026-08-19,Morning,853,55,8
5405,2,2026-08-19,Afternoon,914,13,8
5406,2,2026-08-19,Night,879,9,8
5407,3,2026-08-19,Morning,807,27,8
5408,3,2026-08-19,Afternoon,835,21,8
5409,3,2026-08-19,Night,807,64,8
5410,4,2026-08-19,Morning,1076,84,8
5411,4,2026-08-19,Afternoon,945,41,8
5412,4,2026-08-19,Night,1061,61,8
5413,5,2026-08-19,Morning,918,14,8
5414,5,2026-08-19,Afternoon,902,13,8
5415,5,2026-08-19,Night,927,60,8
5416,1,2026-08-20,Morning,893,39,8
5417,1,2026-08-20,Afternoon,925,44,8
5418,1,2026-08-20,Night,940,27,8
5419,2,2026-08-20,Morning,910,16,8
5420,2,2026-08-20,Afternoon,902,22,8
5421,2,2026-08-20,Night,920,58,8
5422,3,2026-08-20,Morning,798,58,8
5423,3,2026-08-20,Afternoon,844,54,8
5424,3,2026-08-20,Night,827,39,8
5425,4,2026-08-20,Morning,996,31,8
5426,4,2026-08-20,Afternoon,1032,50,8
5427,4,2026-08-20,Night,1032,81,8
5428,5,2026-08-20,Morning,935,36,8
5429,5,2026-08-20,Afternoon,916,58,8
5430,5,2026-08-20,Night,939,33,8
5431,1,2026-08-21,Morning,945,49,8
5432,1,2026-08-21,Afternoon,934,17,8
5433,1,2026-08-21,Night,957,31,8
5434,2,2026-08-21,Morning,915,34,8
5435,2,2026-08-21,Afternoon,925,52,8
5436,2,2026-08-21,Night,959,35,8
5437,3,2026-08-21,Morning,811,20,8
5438,3,2026-08-21,Afternoon,799,31,8
5439,3,2026-08-21,Night,839,53,8
5440,4,2026-08-21,Morning,948,28,8
5441,4,2026-08-21,Afternoon,904,71,8
5442,4,2026-08-21,Night,919,39,8
5443,5,2026-08-21,Morning,949,42,8
5444,5,2026-08-21,Afternoon,917,47,8
5445,5,2026-08-21,Night,920,70,8
5446,1,2026-08-22,Morning,918,47,8
5447,1,2026-08-22,Afternoon,998,73,8
5448,1,2026-08-22,Night,890,25,8
5449,2,2026-08-22,Morning,923,20,8
5450,2,2026-08-22,Afternoon,900,54,8
5451,2,2026-08-22,Night,962,33,8
5452,3,2026-08-22,Morning,839,26,8
5453,3,2026-08-22,Afternoon,758,29,8
5454,3,2026-08-22,Night,827,19,8
5455,4,2026-08-22,Morning,998,19,8
5456,4,2026-08-22,Afternoon,977,49,8
5457,4,2026-08-22,Night,1003,65,8
5458,5,2026-08-22,Morning,905,16,8
5459,5,2026-08-22,Afternoon,934,67,8
5460,5,2026-08-22,Night,930,71,8
5461,1,2026-08-23,Morning,919,21,8
5462,1,2026-08-23,Afternoon,938,42,8
5463,1,2026-08-23,Night,931,52,8
5464,2,2026-08-23,Morning,915,29,8
5465,2,2026-08-23,Afternoon,950,40,8
5466,2,2026-08-23,Night,850,56,8
5467,3,2026-08-23,Morning,816,11,8
5468,3,2026-08-23,Afternoon,780,18,8
5469,3,2026-08-23,Night,836,23,8
5470,4,2026-08-23,Morning,996,32,8
5471,4,2026-08-23,Afternoon,921,61,8
5472,4,2026-08-23,Night,987,63,8
5473,5,2026-08-23,Morning,925,59,8
5474,5,2026-08-23,Afternoon,883,29,8
5475,5,2026-08-23,Night,910,47,8
