log_id,production_id,machine_id,employee_id,log_date,quantity_produced
1,1,1,1,2025-08-24,969
2,2,1,1,2025-08-24,944
3,3,1,1,2025-08-24,940
4,4,2,2,2025-08-24,890
5,5,2,2,2025-08-24,963
6,6,2,2,2025-08-24,930
7,7,3,3,2025-08-24,781
8,8,3,3,2025-08-24,821
9,9,3,3,2025-08-24,809
10,10,4,4,2025-08-24,903
11,11,4,4,2025-08-24,939
12,12,4,4,2025-08-24,992
13,13,5,5,2025-08-24,988
14,14,5,5,2025-08-24,920
15,15,5,5,2025-08-24,908
16,16,1,1,2025-08-25,954
17,17,1,1,2025-08-25,925
18,18,1,1,2025-08-25,938
19,19,2,2,2025-08-25,899
20,20,2,2,2025-08-25,857
21,21,2,2,2025-08-25,932
22,22,3,3,2025-08-25,751
23,23,3,3,2025-08-25,746
24,24,3,3,2025-08-25,807
25,25,4,4,2025-08-25,1009
26,26,4,4,2025-08-25,986
27,27,4,4,2025-08-25,975
28,28,5,5,2025-08-25,917
29,29,5,5,2025-08-25,911
30,30,5,5,2025-08-25,972
31,31,1,1,2025-08-26,962
32,32,1,1,2025-08-26,934
33,33,1,1,2025-08-26,922
34,34,2,2,2025-08-26,924
35,35,2,2,2025-08-26,941
36,36,2,2,2025-08-26,937
37,37,3,3,2025-08-26,766
38,38,3,3,2025-08-26,787
39,39,3,3,2025-08-26,780
40,40,4,4,2025-08-26,972
41,41,4,4,2025-08-26,1012
42,42,4,4,2025-08-26,1034
43,43,5,5,2025-08-26,944
44,44,5,5,2025-08-26,904
45,45,5,5,2025-08-26,928
46,46,1,1,2025-08-27,1012
47,47,1,1,2025-08-27,953
48,48,1,1,2025-08-27,938
49,49,2,2,2025-08-27,891
50,50,2,2,2025-08-27,914
51,51,2,2,2025-08-27,867
52,52,3,3,2025-08-27,779
53,53,3,3,2025-08-27,836
54,54,3,3,2025-08-27,813
55,55,4,4,2025-08-27,983
56,56,4,4,2025-08-27,1018
57,57,4,4,2025-08-27,951
58,58,5,5,2025-08-27,916
59,59,5,5,2025-08-27,941
60,60,5,5,2025-08-27,940
61,61,1,1,2025-08-28,893
62,62,1,1,2025-08-28,933
63,63,1,1,2025-08-28,943
64,64,2,2,2025-08-28,916
65,65,2,2,2025-08-28,910
66,66,2,2,2025-08-28,897
67,67,3,3,2025-08-28,723
68,68,3,3,2025-08-28,798
69,69,3,3,2025-08-28,802
70,70,4,4,2025-08-28,1078
71,71,4,4,2025-08-28,972
72,72,4,4,2025-08-28,992
73,73,5,5,2025-08-28,975
74,74,5,5,2025-08-28,960
75,75,5,5,2025-08-28,986
76,76,1,1,2025-08-29,893
77,77,1,1,2025-08-29,910
78,78,1,1,2025-08-29,927
79,79,2,2,2025-08-29,837
80,80,2,2,2025-08-29,902
81,81,2,2,2025-08-29,863
82,82,3,3,2025-08-29,861
83,83,3,3,2025-08-29,768
84,84,3,3,2025-08-29,787
85,85,4,4,2025-08-29,1012
86,86,4,4,2025-08-29,930
87,87,4,4,2025-08-29,915
88,88,5,5,2025-08-29,937
89,89,5,5,2025-08-29,940
90,90,5,5,2025-08-29,961
91,91,1,1,2025-08-30,970
92,92,1,1,2025-08-30,961
93,93,1,1,2025-08-30,922
94,94,2,2,2025-08-30,909
95,95,2,2,2025-08-30,911
96,96,2,2,2025-08-30,871
97,97,3,3,2025-08-30,874
98,98,3,3,2025-08-30,818
99,99,3,3,2025-08-30,761
100,100,4,4,2025-08-30,1011
101,101,4,4,2025-08-30,1018
102,102,4,4,2025-08-30,996
103,103,5,5,2025-08-30,920
104,104,5,5,2025-08-30,899
105,105,5,5,2025-08-30,926
106,106,1,1,2025-08-31,963
107,107,1,1,2025-08-31,950
108,108,1,1,2025-08-31,1008
109,109,2,2,2025-08-31,925
110,110,2,2,2025-08-31,865
111,111,2,2,2025-08-31,857
112,112,3,3,2025-08-31,819
113,113,3,3,2025-08-31,791
114,114,3,3,2025-08-31,828
115,115,4,4,2025-08-31,998
116,116,4,4,2025-08-31,977
117,117,4,4,2025-08-31,946
118,118,5,5,2025-08-31,869
119,119,5,5,2025-08-31,938
120,120,5,5,2025-08-31,880
121,121,1,1,2025-09-01,914
122,122,1,1,2025-09-01,956
123,123,1,1,2025-09-01,952
124,124,2,2,2025-09-01,854
125,125,2,2,2025-09-01,943
126,126,2,2,2025-09-01,942
127,127,3,3,2025-09-01,820
128,128,3,3,2025-09-01,820
129,129,3,3,2025-09-01,820
130,130,4,4,2025-09-01,1134
131,131,4,4,2025-09-01,1018
132,132,4,4,2025-09-01,1006
133,133,5,5,2025-09-01,899
134,134,5,5,2025-09-01,920
135,135,5,5,2025-09-01,1022
136,136,1,1,2025-09-02,875
137,137,1,1,2025-09-02,931
138,138,1,1,2025-09-02,993
139,139,2,2,2025-09-02,871
140,140,2,2,2025-09-02,927
141,141,2,2,2025-09-02,901
142,142,3,3,2025-09-02,773
143,143,3,3,2025-09-02,718
144,144,3,3,2025-09-02,807
145,145,4,4,2025-09-02,948
146,146,4,4,2025-09-02,975
147,147,4,4,2025-09-02,1000
148,148,5,5,2025-09-02,964
149,149,5,5,2025-09-02,911
150,150,5,5,2025-09-02,903
151,151,1,1,2025-09-03,899
152,152,1,1,2025-09-03,986
153,153,1,1,2025-09-03,1034
154,154,2,2,2025-09-03,941
155,155,2,2,2025-09-03,950
156,156,2,2,2025-09-03,871
157,157,3,3,2025-09-03,817
158,158,3,3,2025-09-03,830
159,159,3,3,2025-09-03,670
160,160,4,4,2025-09-03,939
161,161,4,4,2025-09-03,1045
162,162,4,4,2025-09-03,922
163,163,5,5,2025-09-03,987
164,164,5,5,2025-09-03,872
165,165,5,5,2025-09-03,890
166,166,1,1,2025-09-04,968
167,167,1,1,2025-09-04,952
168,168,1,1,2025-09-04,934
169,169,2,2,2025-09-04,963
170,170,2,2,2025-09-04,850
171,171,2,2,2025-09-04,893
172,172,3,3,2025-09-04,823
173,173,3,3,2025-09-04,811
174,174,3,3,2025-09-04,775
175,175,4,4,2025-09-04,956
176,176,4,4,2025-09-04,1013
177,177,4,4,2025-09-04,1015
178,178,5,5,2025-09-04,942
179,179,5,5,2025-09-04,896
180,180,5,5,2025-09-04,907
181,181,1,1,2025-09-05,949
182,182,1,1,2025-09-05,954
183,183,1,1,2025-09-05,971
184,184,2,2,2025-09-05,891
185,185,2,2,2025-09-05,933
186,186,2,2,2025-09-05,932
187,187,3,3,2025-09-05,852
188,188,3,3,2025-09-05,800
189,189,3,3,2025-09-05,812
190,190,4,4,2025-09-05,974
191,191,4,4,2025-09-05,947
192,192,4,4,2025-09-05,1063
193,193,5,5,2025-09-05,976
194,194,5,5,2025-09-05,961
195,195,5,5,2025-09-05,929
196,196,1,1,2025-09-06,914
197,197,1,1,2025-09-06,989
198,198,1,1,2025-09-06,944
199,199,2,2,2025-09-06,916
200,200,2,2,2025-09-06,877
201,201,2,2,2025-09-06,909
202,202,3,3,2025-09-06,779
203,203,3,3,2025-09-06,781
204,204,3,3,2025-09-06,809
205,205,4,4,2025-09-06,922
206,206,4,4,2025-09-06,923
207,207,4,4,2025-09-06,951
208,208,5,5,2025-09-06,921
209,209,5,5,2025-09-06,964
210,210,5,5,2025-09-06,923
211,211,1,1,2025-09-07,949
212,212,1,1,2025-09-07,938
213,213,1,1,2025-09-07,962
214,214,2,2,2025-09-07,866
215,215,2,2,2025-09-07,895
216,216,2,2,2025-09-07,916
217,217,3,3,2025-09-07,808
218,218,3,3,2025-09-07,800
219,219,3,3,2025-09-07,800
220,220,4,4,2025-09-07,999
221,221,4,4,2025-09-07,1066
222,222,4,4,2025-09-07,949
223,223,5,5,2025-09-07,1017
224,224,5,5,2025-09-07,897
225,225,5,5,2025-09-07,845
226,226,1,1,2025-09-08,928
227,227,1,1,2025-09-08,963
228,228,1,1,2025-09-08,1025
229,229,2,2,2025-09-08,864
230,230,2,2,2025-09-08,919
231,231,2,2,2025-09-08,847
232,232,3,3,2025-09-08,873
233,233,3,3,2025-09-08,847
234,234,3,3,2025-09-08,781
235,235,4,4,2025-09-08,911
236,236,4,4,2025-09-08,1034
237,237,4,4,2025-09-08,975
238,238,5,5,2025-09-08,979
239,239,5,5,2025-09-08,930
240,240,5,5,2025-09-08,931
241,241,1,1,2025-09-09,931
242,242,1,1,2025-09-09,974
243,243,1,1,2025-09-09,954
244,244,2,2,2025-09-09,920
245,245,2,2,2025-09-09,838
246,246,2,2,2025-09-09,951
247,247,3,3,2025-09-09,862
248,248,3,3,2025-09-09,804
249,249,3,3,2025-09-09,882
250,250,4,4,2025-09-09,1050
251,251,4,4,2025-09-09,1005
252,252,4,4,2025-09-09,1034
253,253,5,5,2025-09-09,972
254,254,5,5,2025-09-09,859
255,255,5,5,2025-09-09,919
256,256,1,1,2025-09-10,978
257,257,1,1,2025-09-10,1015
258,258,1,1,2025-09-10,894
259,259,2,2,2025-09-10,831
260,260,2,2,2025-09-10,897
261,261,2,2,2025-09-10,817
262,262,3,3,2025-09-10,796
263,263,3,3,2025-09-10,814
264,264,3,3,2025-09-10,762
265,265,4,4,2025-09-10,977
266,266,4,4,2025-09-10,1018
267,267,4,4,2025-09-10,958
268,268,5,5,2025-09-10,898
269,269,5,5,2025-09-10,925
270,270,5,5,2025-09-10,888
271,271,1,1,2025-09-11,1028
272,272,1,1,2025-09-11,951
273,273,1,1,2025-09-11,922
274,274,2,2,2025-09-11,908
275,275,2,2,2025-09-11,895
276,276,2,2,2025-09-11,891
277,277,3,3,2025-09-11,778
278,278,3,3,2025-09-11,776
279,279,3,3,2025-09-11,739
280,280,4,4,2025-09-11,1034
281,281,4,4,2025-09-11,1003
282,282,4,4,2025-09-11,992
283,283,5,5,2025-09-11,924
284,284,5,5,2025-09-11,891
285,285,5,5,2025-09-11,899
286,286,1,1,2025-09-12,893
287,287,1,1,2025-09-12,924
288,288,1,1,2025-09-12,906
289,289,2,2,2025-09-12,967
290,290,2,2,2025-09-12,935
291,291,2,2,2025-09-12,903
292,292,3,3,2025-09-12,765
293,293,3,3,2025-09-12,758
294,294,3,3,2025-09-12,792
295,295,4,4,2025-09-12,1017
296,296,4,4,2025-09-12,1056
297,297,4,4,2025-09-12,924
298,298,5,5,2025-09-12,952
299,299,5,5,2025-09-12,903
300,300,5,5,2025-09-12,910
301,301,1,1,2025-09-13,951
302,302,1,1,2025-09-13,916
303,303,1,1,2025-09-13,940
304,304,2,2,2025-09-13,863
305,305,2,2,2025-09-13,876
306,306,2,2,2025-09-13,930
307,307,3,3,2025-09-13,803
308,308,3,3,2025-09-13,830
309,309,3,3,2025-09-13,773
310,310,4,4,2025-09-13,1002
311,311,4,4,2025-09-13,914
312,312,4,4,2025-09-13,981
313,313,5,5,2025-09-13,955
314,314,5,5,2025-09-13,863
315,315,5,5,2025-09-13,903
316,316,1,1,2025-09-14,951
317,317,1,1,2025-09-14,990
318,318,1,1,2025-09-14,926
319,319,2,2,2025-09-14,921
320,320,2,2,2025-09-14,957
321,321,2,2,2025-09-14,923
322,322,3,3,2025-09-14,791
323,323,3,3,2025-09-14,814
324,324,3,3,2025-09-14,775
325,325,4,4,2025-09-14,983
326,326,4,4,2025-09-14,973
327,327,4,4,2025-09-14,993
328,328,5,5,2025-09-14,913
329,329,5,5,2025-09-14,945
330,330,5,5,2025-09-14,913
331,331,1,1,2025-09-15,984
332,332,1,1,2025-09-15,936
333,333,1,1,2025-09-15,868
334,334,2,2,2025-09-15,859
335,335,2,2,2025-09-15,900
336,336,2,2,2025-09-15,967
337,337,3,3,2025-09-15,833
338,338,3,3,2025-09-15,711
339,339,3,3,2025-09-15,740
340,340,4,4,2025-09-15,1025
341,341,4,4,2025-09-15,1005
342,342,4,4,2025-09-15,1070
343,343,5,5,2025-09-15,911
344,344,5,5,2025-09-15,896
345,345,5,5,2025-09-15,932
346,346,1,1,2025-09-16,930
347,347,1,1,2025-09-16,991
348,348,1,1,2025-09-16,929
349,349,2,2,2025-09-16,889
350,350,2,2,2025-09-16,860
351,351,2,2,2025-09-16,930
352,352,3,3,2025-09-16,763
353,353,3,3,2025-09-16,816
354,354,3,3,2025-09-16,875
355,355,4,4,2025-09-16,908
356,356,4,4,2025-09-16,1039
357,357,4,4,2025-09-16,991
358,358,5,5,2025-09-16,884
359,359,5,5,2025-09-16,934
360,360,5,5,2025-09-16,959
361,361,1,1,2025-09-17,918
362,362,1,1,2025-09-17,968
363,363,1,1,2025-09-17,1013
364,364,2,2,2025-09-17,879
365,365,2,2,2025-09-17,860
366,366,2,2,2025-09-17,894
367,367,3,3,2025-09-17,802
368,368,3,3,2025-09-17,843
369,369,3,3,2025-09-17,793
370,370,4,4,2025-09-17,962
371,371,4,4,2025-09-17,939
372,372,4,4,2025-09-17,913
373,373,5,5,2025-09-17,878
374,374,5,5,2025-09-17,878
375,375,5,5,2025-09-17,919
376,376,1,1,2025-09-18,889
377,377,1,1,2025-09-18,842
378,378,1,1,2025-09-18,947
379,379,2,2,2025-09-18,973
380,380,2,2,2025-09-18,945
381,381,2,2,2025-09-18,889
382,382,3,3,2025-09-18,755
383,383,3,3,2025-09-18,902
384,384,3,3,2025-09-18,802
385,385,4,4,2025-09-18,987
386,386,4,4,2025-09-18,974
387,387,4,4,2025-09-18,978
388,388,5,5,2025-09-18,908
389,389,5,5,2025-09-18,919
390,390,5,5,2025-09-18,990
391,391,1,1,2025-09-19,999
392,392,1,1,2025-09-19,867
393,393,1,1,2025-09-19,893
394,394,2,2,2025-09-19,868
395,395,2,2,2025-09-19,937
396,396,2,2,2025-09-19,950
397,397,3,3,2025-09-19,828
398,398,3,3,2025-09-19,754
399,399,3,3,2025-09-19,779
400,400,4,4,2025-09-19,999
401,401,4,4,2025-09-19,970
402,402,4,4,2025-09-19,965
403,403,5,5,2025-09-19,915
404,404,5,5,2025-09-19,976
405,405,5,5,2025-09-19,953
406,406,1,1,2025-09-20,937
407,407,1,1,2025-09-20,963
408,408,1,1,2025-09-20,899
409,409,2,2,2025-09-20,879
410,410,2,2,2025-09-20,941
411,411,2,2,2025-09-20,837
412,412,3,3,2025-09-20,824
413,413,3,3,2025-09-20,716
414,414,3,3,2025-09-20,867
415,415,4,4,2025-09-20,958
416,416,4,4,2025-09-20,995
417,417,4,4,2025-09-20,984
418,418,5,5,2025-09-20,936
419,419,5,5,2025-09-20,942
420,420,5,5,2025-09-20,861
421,421,1,1,2025-09-21,956
422,422,1,1,2025-09-21,942
423,423,1,1,2025-09-21,928
424,424,2,2,2025-09-21,868
425,425,2,2,2025-09-21,907
426,426,2,2,2025-09-21,860
427,427,3,3,2025-09-21,841
428,428,3,3,2025-09-21,818
429,429,3,3,2025-09-21,810
430,430,4,4,2025-09-21,1019
431,431,4,4,2025-09-21,906
432,432,4,4,2025-09-21,928
433,433,5,5,2025-09-21,950
434,434,5,5,2025-09-21,900
435,435,5,5,2025-09-21,905
436,436,1,1,2025-09-22,893
437,437,1,1,2025-09-22,910
438,438,1,1,2025-09-22,992
439,439,2,2,2025-09-22,919
440,440,2,2,2025-09-22,907
441,441,2,2,2025-09-22,876
442,442,3,3,2025-09-22,804
443,443,3,3,2025-09-22,845
444,444,3,3,2025-09-22,771
445,445,4,4,2025-09-22,978
446,446,4,4,2025-09-22,1050
447,447,4,4,2025-09-22,1008
448,448,5,5,2025-09-22,907
449,449,5,5,2025-09-22,954
450,450,5,5,2025-09-22,867
451,451,1,1,2025-09-23,947
452,452,1,1,2025-09-23,974
453,453,1,1,2025-09-23,965
454,454,2,2,2025-09-23,924
455,455,2,2,2025-09-23,933
456,456,2,2,2025-09-23,918
457,457,3,3,2025-09-23,817
458,458,3,3,2025-09-23,808
459,459,3,3,2025-09-23,756
460,460,4,4,2025-09-23,1022
461,461,4,4,2025-09-23,978
462,462,4,4,2025-09-23,1007
463,463,5,5,2025-09-23,967
464,464,5,5,2025-09-23,909
465,465,5,5,2025-09-23,912
466,466,1,1,2025-09-24,937
467,467,1,1,2025-09-24,1000
468,468,1,1,2025-09-24,914
469,469,2,2,2025-09-24,957
470,470,2,2,2025-09-24,907
471,471,2,2,2025-09-24,910
472,472,3,3,2025-09-24,835
473,473,3,3,2025-09-24,803
474,474,3,3,2025-09-24,842
475,475,4,4,2025-09-24,959
476,476,4,4,2025-09-24,1036
477,477,4,4,2025-09-24,962
478,478,5,5,2025-09-24,988
479,479,5,5,2025-09-24,913
480,480,5,5,2025-09-24,918
481,481,1,1,2025-09-25,909
482,482,1,1,2025-09-25,919
483,483,1,1,2025-09-25,948
484,484,2,2,2025-09-25,909
485,485,2,2,2025-09-25,939
486,486,2,2,2025-09-25,891
487,487,3,3,2025-09-25,755
488,488,3,3,2025-09-25,815
489,489,3,3,2025-09-25,806
490,490,4,4,2025-09-25,999
491,491,4,4,2025-09-25,954
492,492,4,4,2025-09-25,958
493,493,5,5,2025-09-25,904
494,494,5,5,2025-09-25,977
495,495,5,5,2025-09-25,986
496,496,1,1,2025-09-26,927
497,497,1,1,2025-09-26,927
498,498,1,1,2025-09-26,975
499,499,2,2,2025-09-26,961
500,500,2,2,2025-09-26,971
501,501,2,2,2025-09-26,875
502,502,3,3,2025-09-26,784
503,503,3,3,2025-09-26,811
504,504,3,3,2025-09-26,813
505,505,4,4,2025-09-26,972
506,506,4,4,2025-09-26,948
507,507,4,4,2025-09-26,978
508,508,5,5,2025-09-26,1001
509,509,5,5,2025-09-26,909
510,510,5,5,2025-09-26,938
511,511,1,1,2025-09-27,1051
512,512,1,1,2025-09-27,928
513,513,1,1,2025-09-27,977
514,514,2,2,2025-09-27,973
515,515,2,2,2025-09-27,923
516,516,2,2,2025-09-27,944
517,517,3,3,2025-09-27,832
518,518,3,3,2025-09-27,820
519,519,3,3,2025-09-27,855
520,520,4,4,2025-09-27,1005
521,521,4,4,2025-09-27,973
522,522,4,4,2025-09-27,985
523,523,5,5,2025-09-27,944
524,524,5,5,2025-09-27,914
525,525,5,5,2025-09-27,937
526,526,1,1,2025-09-28,951
527,527,1,1,2025-09-28,975
528,528,1,1,2025-09-28,1036
529,529,2,2,2025-09-28,909
530,530,2,2,2025-09-28,963
531,531,2,2,2025-09-28,924
532,532,3,3,2025-09-28,807
533,533,3,3,2025-09-28,782
534,534,3,3,2025-09-28,807
535,535,4,4,2025-09-28,985
536,536,4,4,2025-09-28,951
537,537,4,4,2025-09-28,957
538,538,5,5,2025-09-28,945
539,539,5,5,2025-09-28,992
540,540,5,5,2025-09-28,927
541,541,1,1,2025-09-29,892
542,542,1,1,2025-09-29,862
543,543,1,1,2025-09-29,909
544,544,2,2,2025-09-29,928
545,545,2,2,2025-09-29,848
546,546,2,2,2025-09-29,934
547,547,3,3,2025-09-29,826
548,548,3,3,2025-09-29,796
549,549,3,3,2025-09-29,738
550,550,4,4,2025-09-29,952
551,551,4,4,2025-09-29,970
552,552,4,4,2025-09-29,994
553,553,5,5,2025-09-29,879
554,554,5,5,2025-09-29,987
555,555,5,5,2025-09-29,943
556,556,1,1,2025-09-30,968
557,557,1,1,2025-09-30,975
558,558,1,1,2025-09-30,1003
559,559,2,2,2025-09-30,907
560,560,2,2,2025-09-30,928
561,561,2,2,2025-09-30,872
562,562,3,3,2025-09-30,872
563,563,3,3,2025-09-30,805
564,564,3,3,2025-09-30,772
565,565,4,4,2025-09-30,962
566,566,4,4,2025-09-30,904
567,567,4,4,2025-09-30,961
568,568,5,5,2025-09-30,833
569,569,5,5,2025-09-30,961
570,570,5,5,2025-09-30,947
571,571,1,1,2025-10-01,911
572,572,1,1,2025-10-01,948
573,573,1,1,2025-10-01,949
574,574,2,2,2025-10-01,853
575,575,2,2,2025-10-01,891
576,576,2,2,2025-10-01,901
577,577,3,3,2025-10-01,790
578,578,3,3,2025-10-01,772
579,579,3,3,2025-10-01,759
580,580,4,4,2025-10-01,968
581,581,4,4,2025-10-01,957
582,582,4,4,2025-10-01,1002
583,583,5,5,2025-10-01,985
584,584,5,5,2025-10-01,966
585,585,5,5,2025-10-01,932
586,586,1,1,2025-10-02,924
587,587,1,1,2025-10-02,985
588,588,1,1,2025-10-02,975
589,589,2,2,2025-10-02,952
590,590,2,2,2025-10-02,907
591,591,2,2,2025-10-02,969
592,592,3,3,2025-10-02,807
593,593,3,3,2025-10-02,773
594,594,3,3,2025-10-02,780
595,595,4,4,2025-10-02,1000
596,596,4,4,2025-10-02,957
597,597,4,4,2025-10-02,1049
598,598,5,5,2025-10-02,947
599,599,5,5,2025-10-02,931
600,600,5,5,2025-10-02,934
601,601,1,1,2025-10-03,939
602,602,1,1,2025-10-03,883
603,603,1,1,2025-10-03,930
604,604,2,2,2025-10-03,962
605,605,2,2,2025-10-03,908
606,606,2,2,2025-10-03,941
607,607,3,3,2025-10-03,843
608,608,3,3,2025-10-03,798
609,609,3,3,2025-10-03,826
610,610,4,4,2025-10-03,916
611,611,4,4,2025-10-03,1039
612,612,4,4,2025-10-03,1035
613,613,5,5,2025-10-03,949
614,614,5,5,2025-10-03,940
615,615,5,5,2025-10-03,928
616,616,1,1,2025-10-04,996
617,617,1,1,2025-10-04,980
618,618,1,1,2025-10-04,836
619,619,2,2,2025-10-04,885
620,620,2,2,2025-10-04,855
621,621,2,2,2025-10-04,848
622,622,3,3,2025-10-04,846
623,623,3,3,2025-10-04,798
624,624,3,3,2025-10-04,819
625,625,4,4,2025-10-04,983
626,626,4,4,2025-10-04,928
627,627,4,4,2025-10-04,917
628,628,5,5,2025-10-04,912
629,629,5,5,2025-10-04,916
630,630,5,5,2025-10-04,916
631,631,1,1,2025-10-05,937
632,632,1,1,2025-10-05,1033
633,633,1,1,2025-10-05,991
634,634,2,2,2025-10-05,909
635,635,2,2,2025-10-05,897
636,636,2,2,2025-10-05,898
637,637,3,3,2025-10-05,829
638,638,3,3,2025-10-05,796
639,639,3,3,2025-10-05,836
640,640,4,4,2025-10-05,993
641,641,4,4,2025-10-05,1063
642,642,4,4,2025-10-05,974
643,643,5,5,2025-10-05,974
644,644,5,5,2025-10-05,888
645,645,5,5,2025-10-05,905
646,646,1,1,2025-10-06,1026
647,647,1,1,2025-10-06,984
648,648,1,1,2025-10-06,969
649,649,2,2,2025-10-06,996
650,650,2,2,2025-10-06,897
651,651,2,2,2025-10-06,944
652,652,3,3,2025-10-06,847
653,653,3,3,2025-10-06,865
654,654,3,3,2025-10-06,754
655,655,4,4,2025-10-06,977
656,656,4,4,2025-10-06,993
657,657,4,4,2025-10-06,1044
658,658,5,5,2025-10-06,948
659,659,5,5,2025-10-06,977
660,660,5,5,2025-10-06,880
661,661,1,1,2025-10-07,938
662,662,1,1,2025-10-07,1005
663,663,1,1,2025-10-07,943
664,664,2,2,2025-10-07,900
665,665,2,2,2025-10-07,963
666,666,2,2,2025-10-07,866
667,667,3,3,2025-10-07,774
668,668,3,3,2025-10-07,747
669,669,3,3,2025-10-07,865
670,670,4,4,2025-10-07,1020
671,671,4,4,2025-10-07,1019
672,672,4,4,2025-10-07,967
673,673,5,5,2025-10-07,874
674,674,5,5,2025-10-07,864
675,675,5,5,2025-10-07,985
676,676,1,1,2025-10-08,972
677,677,1,1,2025-10-08,980
678,678,1,1,2025-10-08,961
679,679,2,2,2025-10-08,869
680,680,2,2,2025-10-08,888
681,681,2,2,2025-10-08,860
682,682,3,3,2025-10-08,755
683,683,3,3,2025-10-08,836
684,684,3,3,2025-10-08,737
685,685,4,4,2025-10-08,940
686,686,4,4,2025-10-08,971
687,687,4,4,2025-10-08,984
688,688,5,5,2025-10-08,876
689,689,5,5,2025-10-08,866
690,690,5,5,2025-10-08,947
691,691,1,1,2025-10-09,958
692,692,1,1,2025-10-09,1004
693,693,1,1,2025-10-09,954
694,694,2,2,2025-10-09,921
695,695,2,2,2025-10-09,871
696,696,2,2,2025-10-09,873
697,697,3,3,2025-10-09,750
698,698,3,3,2025-10-09,772
699,699,3,3,2025-10-09,788
700,700,4,4,2025-10-09,1029
701,701,4,4,2025-10-09,946
702,702,4,4,2025-10-09,1065
703,703,5,5,2025-10-09,955
704,704,5,5,2025-10-09,946
705,705,5,5,2025-10-09,931
706,706,1,1,2025-10-10,944
707,707,1,1,2025-10-10,927
708,708,1,1,2025-10-10,895
709,709,2,2,2025-10-10,867
710,710,2,2,2025-10-10,965
711,711,2,2,2025-10-10,922
712,712,3,3,2025-10-10,865
713,713,3,3,2025-10-10,776
714,714,3,3,2025-10-10,759
715,715,4,4,2025-10-10,981
716,716,4,4,2025-10-10,949
717,717,4,4,2025-10-10,989
718,718,5,5,2025-10-10,867
719,719,5,5,2025-10-10,850
720,720,5,5,2025-10-10,944
721,721,1,1,2025-10-11,1016
722,722,1,1,2025-10-11,966
723,723,1,1,2025-10-11,972
724,724,2,2,2025-10-11,903
725,725,2,2,2025-10-11,906
726,726,2,2,2025-10-11,843
727,727,3,3,2025-10-11,770
728,728,3,3,2025-10-11,849
729,729,3,3,2025-10-11,756
730,730,4,4,2025-10-11,967
731,731,4,4,2025-10-11,1028
732,732,4,4,2025-10-11,985
733,733,5,5,2025-10-11,937
734,734,5,5,2025-10-11,917
735,735,5,5,2025-10-11,958
736,736,1,1,2025-10-12,988
737,737,1,1,2025-10-12,918
738,738,1,1,2025-10-12,896
739,739,2,2,2025-10-12,826
740,740,2,2,2025-10-12,920
741,741,2,2,2025-10-12,915
742,742,3,3,2025-10-12,899
743,743,3,3,2025-10-12,803
744,744,3,3,2025-10-12,796
745,745,4,4,2025-10-12,990
746,746,4,4,2025-10-12,992
747,747,4,4,2025-10-12,973
748,748,5,5,2025-10-12,899
749,749,5,5,2025-10-12,931
750,750,5,5,2025-10-12,929
751,751,1,1,2025-10-13,948
752,752,1,1,2025-10-13,982
753,753,1,1,2025-10-13,950
754,754,2,2,2025-10-13,847
755,755,2,2,2025-10-13,875
756,756,2,2,2025-10-13,892
757,757,3,3,2025-10-13,802
758,758,3,3,2025-10-13,821
759,759,3,3,2025-10-13,802
760,760,4,4,2025-10-13,900
761,761,4,4,2025-10-13,931
762,762,4,4,2025-10-13,1003
763,763,5,5,2025-10-13,921
764,764,5,5,2025-10-13,989
765,765,5,5,2025-10-13,935
766,766,1,1,2025-10-14,936
767,767,1,1,2025-10-14,925
768,768,1,1,2025-10-14,937
769,769,2,2,2025-10-14,906
770,770,2,2,2025-10-14,900
771,771,2,2,2025-10-14,937
772,772,3,3,2025-10-14,740
773,773,3,3,2025-10-14,745
774,774,3,3,2025-10-14,791
775,775,4,4,2025-10-14,1001
776,776,4,4,2025-10-14,1010
777,777,4,4,2025-10-14,956
778,778,5,5,2025-10-14,826
779,779,5,5,2025-10-14,908
780,780,5,5,2025-10-14,945
781,781,1,1,2025-10-15,949
782,782,1,1,2025-10-15,973
783,783,1,1,2025-10-15,997
784,784,2,2,2025-10-15,893
785,785,2,2,2025-10-15,882
786,786,2,2,2025-10-15,864
787,787,3,3,2025-10-15,745
788,788,3,3,2025-10-15,735
789,789,3,3,2025-10-15,773
790,790,4,4,2025-10-15,1021
791,791,4,4,2025-10-15,1007
792,792,4,4,2025-10-15,960
793,793,5,5,2025-10-15,1016
794,794,5,5,2025-10-15,905
795,795,5,5,2025-10-15,982
796,796,1,1,2025-10-16,1012
797,797,1,1,2025-10-16,968
798,798,1,1,2025-10-16,922
799,799,2,2,2025-10-16,885
800,800,2,2,2025-10-16,907
801,801,2,2,2025-10-16,846
802,802,3,3,2025-10-16,761
803,803,3,3,2025-10-16,758
804,804,3,3,2025-10-16,821
805,805,4,4,2025-10-16,1027
806,806,4,4,2025-10-16,1008
807,807,4,4,2025-10-16,1019
808,808,5,5,2025-10-16,899
809,809,5,5,2025-10-16,917
810,810,5,5,2025-10-16,919
811,811,1,1,2025-10-17,968
812,812,1,1,2025-10-17,1036
813,813,1,1,2025-10-17,924
814,814,2,2,2025-10-17,937
815,815,2,2,2025-10-17,961
816,816,2,2,2025-10-17,920
817,817,3,3,2025-10-17,785
818,818,3,3,2025-10-17,766
819,819,3,3,2025-10-17,758
820,820,4,4,2025-10-17,901
821,821,4,4,2025-10-17,971
822,822,4,4,2025-10-17,968
823,823,5,5,2025-10-17,964
824,824,5,5,2025-10-17,906
825,825,5,5,2025-10-17,923
826,826,1,1,2025-10-18,961
827,827,1,1,2025-10-18,969
828,828,1,1,2025-10-18,979
829,829,2,2,2025-10-18,907
830,830,2,2,2025-10-18,848
831,831,2,2,2025-10-18,915
832,832,3,3,2025-10-18,773
833,833,3,3,2025-10-18,849
834,834,3,3,2025-10-18,800
835,835,4,4,2025-10-18,989
836,836,4,4,2025-10-18,1084
837,837,4,4,2025-10-18,1010
838,838,5,5,2025-10-18,945
839,839,5,5,2025-10-18,924
840,840,5,5,2025-10-18,881
841,841,1,1,2025-10-19,941
842,842,1,1,2025-10-19,915
843,843,1,1,2025-10-19,1016
844,844,2,2,2025-10-19,915
845,845,2,2,2025-10-19,947
846,846,2,2,2025-10-19,875
847,847,3,3,2025-10-19,768
848,848,3,3,2025-10-19,825
849,849,3,3,2025-10-19,764
850,850,4,4,2025-10-19,962
851,851,4,4,2025-10-19,1049
852,852,4,4,2025-10-19,964
853,853,5,5,2025-10-19,873
854,854,5,5,2025-10-19,859
855,855,5,5,2025-10-19,868
856,856,1,1,2025-10-20,1000
857,857,1,1,2025-10-20,927
858,858,1,1,2025-10-20,1052
859,859,2,2,2025-10-20,961
860,860,2,2,2025-10-20,980
861,861,2,2,2025-10-20,940
862,862,3,3,2025-10-20,823
863,863,3,3,2025-10-20,767
864,864,3,3,2025-10-20,799
865,865,4,4,2025-10-20,1007
866,866,4,4,2025-10-20,1018
867,867,4,4,2025-10-20,934
868,868,5,5,2025-10-20,922
869,869,5,5,2025-10-20,926
870,870,5,5,2025-10-20,925
871,871,1,1,2025-10-21,909
872,872,1,1,2025-10-21,1024
873,873,1,1,2025-10-21,940
874,874,2,2,2025-10-21,861
875,875,2,2,2025-10-21,975
876,876,2,2,2025-10-21,961
877,877,3,3,2025-10-21,805
878,878,3,3,2025-10-21,729
879,879,3,3,2025-10-21,781
880,880,4,4,2025-10-21,916
881,881,4,4,2025-10-21,1000
882,882,4,4,2025-10-21,958
883,883,5,5,2025-10-21,928
884,884,5,5,2025-10-21,1000
885,885,5,5,2025-10-21,905
886,886,1,1,2025-10-22,968
887,887,1,1,2025-10-22,980
888,888,1,1,2025-10-22,999
889,889,2,2,2025-10-22,895
890,890,2,2,2025-10-22,891
891,891,2,2,2025-10-22,890
892,892,3,3,2025-10-22,814
893,893,3,3,2025-10-22,859
894,894,3,3,2025-10-22,789
895,895,4,4,2025-10-22,883
896,896,4,4,2025-10-22,1015
897,897,4,4,2025-10-22,982
898,898,5,5,2025-10-22,950
899,899,5,5,2025-10-22,867
900,900,5,5,2025-10-22,908
901,901,1,1,2025-10-23,981
902,902,1,1,2025-10-23,899
903,903,1,1,2025-10-23,968
904,904,2,2,2025-10-23,898
905,905,2,2,2025-10-23,870
906,906,2,2,2025-10-23,867
907,907,3,3,2025-10-23,759
908,908,3,3,2025-10-23,802
909,909,3,3,2025-10-23,807
910,910,4,4,2025-10-23,965
911,911,4,4,2025-10-23,937
912,912,4,4,2025-10-23,863
913,913,5,5,2025-10-23,947
914,914,5,5,2025-10-23,966
915,915,5,5,2025-10-23,954
916,916,1,1,2025-10-24,1032
917,917,1,1,2025-10-24,942
918,918,1,1,2025-10-24,1004
919,919,2,2,2025-10-24,874
920,920,2,2,2025-10-24,868
921,921,2,2,2025-10-24,904
922,922,3,3,2025-10-24,864
923,923,3,3,2025-10-24,788
924,924,3,3,2025-10-24,737
925,925,4,4,2025-10-24,1015
926,926,4,4,2025-10-24,976
927,927,4,4,2025-10-24,991
928,928,5,5,2025-10-24,899
929,929,5,5,2025-10-24,934
930,930,5,5,2025-10-24,872
931,931,1,1,2025-10-25,1024
932,932,1,1,2025-10-25,993
933,933,1,1,2025-10-25,952
934,934,2,2,2025-10-25,934
935,935,2,2,2025-10-25,874
936,936,2,2,2025-10-25,941
937,937,3,3,2025-10-25,786
938,938,3,3,2025-10-25,783
939,939,3,3,2025-10-25,761
940,940,4,4,2025-10-25,996
941,941,4,4,2025-10-25,980
942,942,4,4,2025-10-25,1036
943,943,5,5,2025-10-25,887
944,944,5,5,2025-10-25,947
945,945,5,5,2025-10-25,977
946,946,1,1,2025-10-26,1053
947,947,1,1,2025-10-26,957
948,948,1,1,2025-10-26,935
949,949,2,2,2025-10-26,906
950,950,2,2,2025-10-26,952
951,951,2,2,2025-10-26,952
952,952,3,3,2025-10-26,795
953,953,3,3,2025-10-26,851
954,954,3,3,2025-10-26,799
955,955,4,4,2025-10-26,1013
956,956,4,4,2025-10-26,1001
957,957,4,4,2025-10-26,964
958,958,5,5,2025-10-26,893
959,959,5,5,2025-10-26,978
960,960,5,5,2025-10-26,990
961,961,1,1,2025-10-27,966
962,962,1,1,2025-10-27,949
963,963,1,1,2025-10-27,902
964,964,2,2,2025-10-27,947
965,965,2,2,2025-10-27,911
966,966,2,2,2025-10-27,889
967,967,3,3,2025-10-27,834
968,968,3,3,2025-10-27,746
969,969,3,3,2025-10-27,759
970,970,4,4,2025-10-27,952
971,971,4,4,2025-10-27,1000
972,972,4,4,2025-10-27,987
973,973,5,5,2025-10-27,955
974,974,5,5,2025-10-27,974
975,975,5,5,2025-10-27,956
976,976,1,1,2025-10-28,1025
977,977,1,1,2025-10-28,994
978,978,1,1,2025-10-28,945
979,979,2,2,2025-10-28,878
980,980,2,2,2025-10-28,896
981,981,2,2,2025-10-28,928
982,982,3,3,2025-10-28,782
983,983,3,3,2025-10-28,829
984,984,3,3,2025-10-28,824
985,985,4,4,2025-10-28,942
986,986,4,4,2025-10-28,1023
987,987,4,4,2025-10-28,994
988,988,5,5,2025-10-28,1003
989,989,5,5,2025-10-28,929
990,990,5,5,2025-10-28,917
991,991,1,1,2025-10-29,907
992,992,1,1,2025-10-29,907
993,993,1,1,2025-10-29,988
994,994,2,2,2025-10-29,968
995,995,2,2,2025-10-29,895
996,996,2,2,2025-10-29,893
997,997,3,3,2025-10-29,802
998,998,3,3,2025-10-29,846
999,999,3,3,2025-10-29,762
1000,1000,4,4,2025-10-29,989
1001,1001,4,4,2025-10-29,1019
1002,1002,4,4,2025-10-29,1000
1003,1003,5,5,2025-10-29,821
1004,1004,5,5,2025-10-29,957
1005,1005,5,5,2025-10-29,950
1006,1006,1,1,2025-10-30,1004
1007,1007,1,1,2025-10-30,1014
1008,1008,1,1,2025-10-30,1002
1009,1009,2,2,2025-10-30,903
1010,1010,2,2,2025-10-30,835
1011,1011,2,2,2025-10-30,986
1012,1012,3,3,2025-10-30,792
1013,1013,3,3,2025-10-30,801
1014,1014,3,3,2025-10-30,867
1015,1015,4,4,2025-10-30,950
1016,1016,4,4,2025-10-30,927
1017,1017,4,4,2025-10-30,962
1018,1018,5,5,2025-10-30,902
1019,1019,5,5,2025-10-30,873
1020,1020,5,5,2025-10-30,926
1021,1021,1,1,2025-10-31,953
1022,1022,1,1,2025-10-31,891
1023,1023,1,1,2025-10-31,937
1024,1024,2,2,2025-10-31,869
1025,1025,2,2,2025-10-31,824
1026,1026,2,2,2025-10-31,904
1027,1027,3,3,2025-10-31,808
1028,1028,3,3,2025-10-31,769
1029,1029,3,3,2025-10-31,843
1030,1030,4,4,2025-10-31,980
1031,1031,4,4,2025-10-31,951
1032,1032,4,4,2025-10-31,919
1033,1033,5,5,2025-10-31,940
1034,1034,5,5,2025-10-31,950
1035,1035,5,5,2025-10-31,910
1036,1036,1,1,2025-11-01,955
1037,1037,1,1,2025-11-01,1014
1038,1038,1,1,2025-11-01,985
1039,1039,2,2,2025-11-01,813
1040,1040,2,2,2025-11-01,871
1041,1041,2,2,2025-11-01,894
1042,1042,3,3,2025-11-01,803
1043,1043,3,3,2025-11-01,806
1044,1044,3,3,2025-11-01,817
1045,1045,4,4,2025-11-01,976
1046,1046,4,4,2025-11-01,980
1047,1047,4,4,2025-11-01,1018
1048,1048,5,5,2025-11-01,941
1049,1049,5,5,2025-11-01,884
1050,1050,5,5,2025-11-01,934
1051,1051,1,1,2025-11-02,944
1052,1052,1,1,2025-11-02,874
1053,1053,1,1,2025-11-02,956
1054,1054,2,2,2025-11-02,858
1055,1055,2,2,2025-11-02,938
1056,1056,2,2,2025-11-02,917
1057,1057,3,3,2025-11-02,752
1058,1058,3,3,2025-11-02,836
1059,1059,3,3,2025-11-02,855
1060,1060,4,4,2025-11-02,969
1061,1061,4,4,2025-11-02,974
1062,1062,4,4,2025-11-02,1012
1063,1063,5,5,2025-11-02,982
1064,1064,5,5,2025-11-02,863
1065,1065,5,5,2025-11-02,886
1066,1066,1,1,2025-11-03,933
1067,1067,1,1,2025-11-03,937
1068,1068,1,1,2025-11-03,981
1069,1069,2,2,2025-11-03,952
1070,1070,2,2,2025-11-03,955
1071,1071,2,2,2025-11-03,832
1072,1072,3,3,2025-11-03,767
1073,1073,3,3,2025-11-03,750
1074,1074,3,3,2025-11-03,776
1075,1075,4,4,2025-11-03,947
1076,1076,4,4,2025-11-03,996
1077,1077,4,4,2025-11-03,1001
1078,1078,5,5,2025-11-03,930
1079,1079,5,5,2025-11-03,926
1080,1080,5,5,2025-11-03,915
1081,1081,1,1,2025-11-04,939
1082,1082,1,1,2025-11-04,1013
1083,1083,1,1,2025-11-04,977
1084,1084,2,2,2025-11-04,886
1085,1085,2,2,2025-11-04,895
1086,1086,2,2,2025-11-04,917
1087,1087,3,3,2025-11-04,752
1088,1088,3,3,2025-11-04,805
1089,1089,3,3,2025-11-04,825
1090,1090,4,4,2025-11-04,1000
1091,1091,4,4,2025-11-04,948
1092,1092,4,4,2025-11-04,955
1093,1093,5,5,2025-11-04,850
1094,1094,5,5,2025-11-04,959
1095,1095,5,5,2025-11-04,1012
1096,1096,1,1,2025-11-05,913
1097,1097,1,1,2025-11-05,994
1098,1098,1,1,2025-11-05,1028
1099,1099,2,2,2025-11-05,881
1100,1100,2,2,2025-11-05,895
1101,1101,2,2,2025-11-05,910
1102,1102,3,3,2025-11-05,818
1103,1103,3,3,2025-11-05,812
1104,1104,3,3,2025-11-05,784
1105,1105,4,4,2025-11-05,1004
1106,1106,4,4,2025-11-05,965
1107,1107,4,4,2025-11-05,995
1108,1108,5,5,2025-11-05,928
1109,1109,5,5,2025-11-05,859
1110,1110,5,5,2025-11-05,980
1111,1111,1,1,2025-11-06,926
1112,1112,1,1,2025-11-06,1004
1113,1113,1,1,2025-11-06,992
1114,1114,2,2,2025-11-06,908
1115,1115,2,2,2025-11-06,920
1116,1116,2,2,2025-11-06,925
1117,1117,3,3,2025-11-06,792
1118,1118,3,3,2025-11-06,793
1119,1119,3,3,2025-11-06,823
1120,1120,4,4,2025-11-06,862
1121,1121,4,4,2025-11-06,979
1122,1122,4,4,2025-11-06,964
1123,1123,5,5,2025-11-06,899
1124,1124,5,5,2025-11-06,946
1125,1125,5,5,2025-11-06,904
1126,1126,1,1,2025-11-07,984
1127,1127,1,1,2025-11-07,988
1128,1128,1,1,2025-11-07,970
1129,1129,2,2,2025-11-07,929
1130,1130,2,2,2025-11-07,920
1131,1131,2,2,2025-11-07,932
1132,1132,3,3,2025-11-07,830
1133,1133,3,3,2025-11-07,814
1134,1134,3,3,2025-11-07,842
1135,1135,4,4,2025-11-07,973
1136,1136,4,4,2025-11-07,950
1137,1137,4,4,2025-11-07,948
1138,1138,5,5,2025-11-07,917
1139,1139,5,5,2025-11-07,854
1140,1140,5,5,2025-11-07,938
1141,1141,1,1,2025-11-08,976
1142,1142,1,1,2025-11-08,987
1143,1143,1,1,2025-11-08,885
1144,1144,2,2,2025-11-08,869
1145,1145,2,2,2025-11-08,933
1146,1146,2,2,2025-11-08,892
1147,1147,3,3,2025-11-08,825
1148,1148,3,3,2025-11-08,750
1149,1149,3,3,2025-11-08,854
1150,1150,4,4,2025-11-08,927
1151,1151,4,4,2025-11-08,859
1152,1152,4,4,2025-11-08,987
1153,1153,5,5,2025-11-08,938
1154,1154,5,5,2025-11-08,910
1155,1155,5,5,2025-11-08,949
1156,1156,1,1,2025-11-09,970
1157,1157,1,1,2025-11-09,965
1158,1158,1,1,2025-11-09,929
1159,1159,2,2,2025-11-09,872
1160,1160,2,2,2025-11-09,883
1161,1161,2,2,2025-11-09,867
1162,1162,3,3,2025-11-09,844
1163,1163,3,3,2025-11-09,786
1164,1164,3,3,2025-11-09,806
1165,1165,4,4,2025-11-09,1013
1166,1166,4,4,2025-11-09,945
1167,1167,4,4,2025-11-09,926
1168,1168,5,5,2025-11-09,897
1169,1169,5,5,2025-11-09,940
1170,1170,5,5,2025-11-09,937
1171,1171,1,1,2025-11-10,965
1172,1172,1,1,2025-11-10,945
1173,1173,1,1,2025-11-10,852
1174,1174,2,2,2025-11-10,894
1175,1175,2,2,2025-11-10,938
1176,1176,2,2,2025-11-10,949
1177,1177,3,3,2025-11-10,803
1178,1178,3,3,2025-11-10,807
1179,1179,3,3,2025-11-10,824
1180,1180,4,4,2025-11-10,1028
1181,1181,4,4,2025-11-10,980
1182,1182,4,4,2025-11-10,1004
1183,1183,5,5,2025-11-10,907
1184,1184,5,5,2025-11-10,881
1185,1185,5,5,2025-11-10,911
1186,1186,1,1,2025-11-11,1008
1187,1187,1,1,2025-11-11,974
1188,1188,1,1,2025-11-11,904
1189,1189,2,2,2025-11-11,926
1190,1190,2,2,2025-11-11,857
1191,1191,2,2,2025-11-11,915
1192,1192,3,3,2025-11-11,763
1193,1193,3,3,2025-11-11,752
1194,1194,3,3,2025-11-11,865
1195,1195,4,4,2025-11-11,966
1196,1196,4,4,2025-11-11,1004
1197,1197,4,4,2025-11-11,981
1198,1198,5,5,2025-11-11,889
1199,1199,5,5,2025-11-11,920
1200,1200,5,5,2025-11-11,890
1201,1201,1,1,2025-11-12,1046
1202,1202,1,1,2025-11-12,981
1203,1203,1,1,2025-11-12,950
1204,1204,2,2,2025-11-12,921
1205,1205,2,2,2025-11-12,928
1206,1206,2,2,2025-11-12,928
1207,1207,3,3,2025-11-12,826
1208,1208,3,3,2025-11-12,823
1209,1209,3,3,2025-11-12,804
1210,1210,4,4,2025-11-12,1041
1211,1211,4,4,2025-11-12,986
1212,1212,4,4,2025-11-12,982
1213,1213,5,5,2025-11-12,936
1214,1214,5,5,2025-11-12,939
1215,1215,5,5,2025-11-12,865
1216,1216,1,1,2025-11-13,916
1217,1217,1,1,2025-11-13,945
1218,1218,1,1,2025-11-13,884
1219,1219,2,2,2025-11-13,900
1220,1220,2,2,2025-11-13,909
1221,1221,2,2,2025-11-13,849
1222,1222,3,3,2025-11-13,775
1223,1223,3,3,2025-11-13,851
1224,1224,3,3,2025-11-13,822
1225,1225,4,4,2025-11-13,999
1226,1226,4,4,2025-11-13,1025
1227,1227,4,4,2025-11-13,947
1228,1228,5,5,2025-11-13,879
1229,1229,5,5,2025-11-13,969
1230,1230,5,5,2025-11-13,926
1231,1231,1,1,2025-11-14,916
1232,1232,1,1,2025-11-14,1033
1233,1233,1,1,2025-11-14,885
1234,1234,2,2,2025-11-14,907
1235,1235,2,2,2025-11-14,892
1236,1236,2,2,2025-11-14,885
1237,1237,3,3,2025-11-14,711
1238,1238,3,3,2025-11-14,861
1239,1239,3,3,2025-11-14,743
1240,1240,4,4,2025-11-14,969
1241,1241,4,4,2025-11-14,962
1242,1242,4,4,2025-11-14,1003
1243,1243,5,5,2025-11-14,866
1244,1244,5,5,2025-11-14,948
1245,1245,5,5,2025-11-14,937
1246,1246,1,1,2025-11-15,923
1247,1247,1,1,2025-11-15,967
1248,1248,1,1,2025-11-15,950
1249,1249,2,2,2025-11-15,972
1250,1250,2,2,2025-11-15,892
1251,1251,2,2,2025-11-15,861
1252,1252,3,3,2025-11-15,818
1253,1253,3,3,2025-11-15,787
1254,1254,3,3,2025-11-15,799
1255,1255,4,4,2025-11-15,929
1256,1256,4,4,2025-11-15,1004
1257,1257,4,4,2025-11-15,961
1258,1258,5,5,2025-11-15,940
1259,1259,5,5,2025-11-15,1013
1260,1260,5,5,2025-11-15,920
1261,1261,1,1,2025-11-16,979
1262,1262,1,1,2025-11-16,942
1263,1263,1,1,2025-11-16,924
1264,1264,2,2,2025-11-16,952
1265,1265,2,2,2025-11-16,825
1266,1266,2,2,2025-11-16,940
1267,1267,3,3,2025-11-16,721
1268,1268,3,3,2025-11-16,835
1269,1269,3,3,2025-11-16,800
1270,1270,4,4,2025-11-16,941
1271,1271,4,4,2025-11-16,963
1272,1272,4,4,2025-11-16,1007
1273,1273,5,5,2025-11-16,1009
1274,1274,5,5,2025-11-16,867
1275,1275,5,5,2025-11-16,894
1276,1276,1,1,2025-11-17,896
1277,1277,1,1,2025-11-17,942
1278,1278,1,1,2025-11-17,986
1279,1279,2,2,2025-11-17,841
1280,1280,2,2,2025-11-17,899
1281,1281,2,2,2025-11-17,935
1282,1282,3,3,2025-11-17,783
1283,1283,3,3,2025-11-17,695
1284,1284,3,3,2025-11-17,807
1285,1285,4,4,2025-11-17,1029
1286,1286,4,4,2025-11-17,937
1287,1287,4,4,2025-11-17,908
1288,1288,5,5,2025-11-17,942
1289,1289,5,5,2025-11-17,943
1290,1290,5,5,2025-11-17,910
1291,1291,1,1,2025-11-18,922
1292,1292,1,1,2025-11-18,951
1293,1293,1,1,2025-11-18,906
1294,1294,2,2,2025-11-18,856
1295,1295,2,2,2025-11-18,927
1296,1296,2,2,2025-11-18,854
1297,1297,3,3,2025-11-18,730
1298,1298,3,3,2025-11-18,772
1299,1299,3,3,2025-11-18,781
1300,1300,4,4,2025-11-18,998
1301,1301,4,4,2025-11-18,956
1302,1302,4,4,2025-11-18,1036
1303,1303,5,5,2025-11-18,933
1304,1304,5,5,2025-11-18,897
1305,1305,5,5,2025-11-18,946
1306,1306,1,1,2025-11-19,1006
1307,1307,1,1,2025-11-19,976
1308,1308,1,1,2025-11-19,889
1309,1309,2,2,2025-11-19,884
1310,1310,2,2,2025-11-19,910
1311,1311,2,2,2025-11-19,924
1312,1312,3,3,2025-11-19,792
1313,1313,3,3,2025-11-19,787
1314,1314,3,3,2025-11-19,871
1315,1315,4,4,2025-11-19,1006
1316,1316,4,4,2025-11-19,996
1317,1317,4,4,2025-11-19,957
1318,1318,5,5,2025-11-19,885
1319,1319,5,5,2025-11-19,947
1320,1320,5,5,2025-11-19,961
1321,1321,1,1,2025-11-20,949
1322,1322,1,1,2025-11-20,976
1323,1323,1,1,2025-11-20,977
1324,1324,2,2,2025-11-20,933
1325,1325,2,2,2025-11-20,839
1326,1326,2,2,2025-11-20,885
1327,1327,3,3,2025-11-20,820
1328,1328,3,3,2025-11-20,801
1329,1329,3,3,2025-11-20,827
1330,1330,4,4,2025-11-20,996
1331,1331,4,4,2025-11-20,893
1332,1332,4,4,2025-11-20,1023
1333,1333,5,5,2025-11-20,910
1334,1334,5,5,2025-11-20,895
1335,1335,5,5,2025-11-20,972
1336,1336,1,1,2025-11-21,974
1337,1337,1,1,2025-11-21,998
1338,1338,1,1,2025-11-21,960
1339,1339,2,2,2025-11-21,885
1340,1340,2,2,2025-11-21,905
1341,1341,2,2,2025-11-21,858
1342,1342,3,3,2025-11-21,745
1343,1343,3,3,2025-11-21,774
1344,1344,3,3,2025-11-21,861
1345,1345,4,4,2025-11-21,958
1346,1346,4,4,2025-11-21,911
1347,1347,4,4,2025-11-21,973
1348,1348,5,5,2025-11-21,908
1349,1349,5,5,2025-11-21,974
1350,1350,5,5,2025-11-21,987
1351,1351,1,1,2025-11-22,933
1352,1352,1,1,2025-11-22,960
1353,1353,1,1,2025-11-22,963
1354,1354,2,2,2025-11-22,898
1355,1355,2,2,2025-11-22,890
1356,1356,2,2,2025-11-22,863
1357,1357,3,3,2025-11-22,726
1358,1358,3,3,2025-11-22,762
1359,1359,3,3,2025-11-22,796
1360,1360,4,4,2025-11-22,922
1361,1361,4,4,2025-11-22,988
1362,1362,4,4,2025-11-22,982
1363,1363,5,5,2025-11-22,908
1364,1364,5,5,2025-11-22,919
1365,1365,5,5,2025-11-22,878
1366,1366,1,1,2025-11-23,983
1367,1367,1,1,2025-11-23,982
1368,1368,1,1,2025-11-23,904
1369,1369,2,2,2025-11-23,855
1370,1370,2,2,2025-11-23,863
1371,1371,2,2,2025-11-23,922
1372,1372,3,3,2025-11-23,813
1373,1373,3,3,2025-11-23,841
1374,1374,3,3,2025-11-23,846
1375,1375,4,4,2025-11-23,918
1376,1376,4,4,2025-11-23,1000
1377,1377,4,4,2025-11-23,1024
1378,1378,5,5,2025-11-23,916
1379,1379,5,5,2025-11-23,929
1380,1380,5,5,2025-11-23,923
1381,1381,1,1,2025-11-24,944
1382,1382,1,1,2025-11-24,983
1383,1383,1,1,2025-11-24,1019
1384,1384,2,2,2025-11-24,955
1385,1385,2,2,2025-11-24,879
1386,1386,2,2,2025-11-24,910
1387,1387,3,3,2025-11-24,768
1388,1388,3,3,2025-11-24,772
1389,1389,3,3,2025-11-24,797
1390,1390,4,4,2025-11-24,951
1391,1391,4,4,2025-11-24,956
1392,1392,4,4,2025-11-24,989
1393,1393,5,5,2025-11-24,949
1394,1394,5,5,2025-11-24,948
1395,1395,5,5,2025-11-24,949
1396,1396,1,1,2025-11-25,900
1397,1397,1,1,2025-11-25,919
1398,1398,1,1,2025-11-25,951
1399,1399,2,2,2025-11-25,942
1400,1400,2,2,2025-11-25,994
1401,1401,2,2,2025-11-25,912
1402,1402,3,3,2025-11-25,828
1403,1403,3,3,2025-11-25,746
1404,1404,3,3,2025-11-25,827
1405,1405,4,4,2025-11-25,1059
1406,1406,4,4,2025-11-25,949
1407,1407,4,4,2025-11-25,958
1408,1408,5,5,2025-11-25,964
1409,1409,5,5,2025-11-25,931
1410,1410,5,5,2025-11-25,853
1411,1411,1,1,2025-11-26,930
1412,1412,1,1,2025-11-26,1007
1413,1413,1,1,2025-11-26,938
1414,1414,2,2,2025-11-26,888
1415,1415,2,2,2025-11-26,931
1416,1416,2,2,2025-11-26,913
1417,1417,3,3,2025-11-26,786
1418,1418,3,3,2025-11-26,775
1419,1419,3,3,2025-11-26,917
1420,1420,4,4,2025-11-26,1029
1421,1421,4,4,2025-11-26,999
1422,1422,4,4,2025-11-26,1001
1423,1423,5,5,2025-11-26,924
1424,1424,5,5,2025-11-26,943
1425,1425,5,5,2025-11-26,920
1426,1426,1,1,2025-11-27,915
1427,1427,1,1,2025-11-27,964
1428,1428,1,1,2025-11-27,937
1429,1429,2,2,2025-11-27,916
1430,1430,2,2,2025-11-27,924
1431,1431,2,2,2025-11-27,918
1432,1432,3,3,2025-11-27,762
1433,1433,3,3,2025-11-27,783
1434,1434,3,3,2025-11-27,788
1435,1435,4,4,2025-11-27,1019
1436,1436,4,4,2025-11-27,1016
1437,1437,4,4,2025-11-27,951
1438,1438,5,5,2025-11-27,879
1439,1439,5,5,2025-11-27,1027
1440,1440,5,5,2025-11-27,947
1441,1441,1,1,2025-11-28,894
1442,1442,1,1,2025-11-28,927
1443,1443,1,1,2025-11-28,990
1444,1444,2,2,2025-11-28,983
1445,1445,2,2,2025-11-28,974
1446,1446,2,2,2025-11-28,915
1447,1447,3,3,2025-11-28,694
1448,1448,3,3,2025-11-28,800
1449,1449,3,3,2025-11-28,759
1450,1450,4,4,2025-11-28,983
1451,1451,4,4,2025-11-28,944
1452,1452,4,4,2025-11-28,963
1453,1453,5,5,2025-11-28,964
1454,1454,5,5,2025-11-28,920
1455,1455,5,5,2025-11-28,918
1456,1456,1,1,2025-11-29,947
1457,1457,1,1,2025-11-29,1054
1458,1458,1,1,2025-11-29,905
1459,1459,2,2,2025-11-29,911
1460,1460,2,2,2025-11-29,970
1461,1461,2,2,2025-11-29,897
1462,1462,3,3,2025-11-29,848
1463,1463,3,3,2025-11-29,747
1464,1464,3,3,2025-11-29,791
1465,1465,4,4,2025-11-29,947
1466,1466,4,4,2025-11-29,977
1467,1467,4,4,2025-11-29,978
1468,1468,5,5,2025-11-29,932
1469,1469,5,5,2025-11-29,963
1470,1470,5,5,2025-11-29,840
1471,1471,1,1,2025-11-30,925
1472,1472,1,1,2025-11-30,958
1473,1473,1,1,2025-11-30,874
1474,1474,2,2,2025-11-30,924
1475,1475,2,2,2025-11-30,875
1476,1476,2,2,2025-11-30,892
1477,1477,3,3,2025-11-30,835
1478,1478,3,3,2025-11-30,850
1479,1479,3,3,2025-11-30,826
1480,1480,4,4,2025-11-30,934
1481,1481,4,4,2025-11-30,1003
1482,1482,4,4,2025-11-30,1006
1483,1483,5,5,2025-11-30,948
1484,1484,5,5,2025-11-30,988
1485,1485,5,5,2025-11-30,933
1486,1486,1,1,2025-12-01,1006
1487,1487,1,1,2025-12-01,1006
1488,1488,1,1,2025-12-01,977
1489,1489,2,2,2025-12-01,911
1490,1490,2,2,2025-12-01,918
1491,1491,2,2,2025-12-01,967
1492,1492,3,3,2025-12-01,842
1493,1493,3,3,2025-12-01,758
1494,1494,3,3,2025-12-01,815
1495,1495,4,4,2025-12-01,946
1496,1496,4,4,2025-12-01,953
1497,1497,4,4,2025-12-01,965
1498,1498,5,5,2025-12-01,873
1499,1499,5,5,2025-12-01,893
1500,1500,5,5,2025-12-01,990
1501,1501,1,1,2025-12-02,923
1502,1502,1,1,2025-12-02,984
1503,1503,1,1,2025-12-02,956
1504,1504,2,2,2025-12-02,922
1505,1505,2,2,2025-12-02,923
1506,1506,2,2,2025-12-02,862
1507,1507,3,3,2025-12-02,833
1508,1508,3,3,2025-12-02,750
1509,1509,3,3,2025-12-02,772
1510,1510,4,4,2025-12-02,1003
1511,1511,4,4,2025-12-02,939
1512,1512,4,4,2025-12-02,901
1513,1513,5,5,2025-12-02,943
1514,1514,5,5,2025-12-02,867
1515,1515,5,5,2025-12-02,957
1516,1516,1,1,2025-12-03,937
1517,1517,1,1,2025-12-03,963
1518,1518,1,1,2025-12-03,962
1519,1519,2,2,2025-12-03,930
1520,1520,2,2,2025-12-03,924
1521,1521,2,2,2025-12-03,859
1522,1522,3,3,2025-12-03,790
1523,1523,3,3,2025-12-03,813
1524,1524,3,3,2025-12-03,857
1525,1525,4,4,2025-12-03,1004
1526,1526,4,4,2025-12-03,1033
1527,1527,4,4,2025-12-03,995
1528,1528,5,5,2025-12-03,973
1529,1529,5,5,2025-12-03,939
1530,1530,5,5,2025-12-03,971
1531,1531,1,1,2025-12-04,935
1532,1532,1,1,2025-12-04,1012
1533,1533,1,1,2025-12-04,969
1534,1534,2,2,2025-12-04,844
1535,1535,2,2,2025-12-04,914
1536,1536,2,2,2025-12-04,815
1537,1537,3,3,2025-12-04,825
1538,1538,3,3,2025-12-04,835
1539,1539,3,3,2025-12-04,878
1540,1540,4,4,2025-12-04,959
1541,1541,4,4,2025-12-04,1058
1542,1542,4,4,2025-12-04,980
1543,1543,5,5,2025-12-04,900
1544,1544,5,5,2025-12-04,910
1545,1545,5,5,2025-12-04,952
1546,1546,1,1,2025-12-05,914
1547,1547,1,1,2025-12-05,936
1548,1548,1,1,2025-12-05,963
1549,1549,2,2,2025-12-05,962
1550,1550,2,2,2025-12-05,934
1551,1551,2,2,2025-12-05,901
1552,1552,3,3,2025-12-05,822
1553,1553,3,3,2025-12-05,809
1554,1554,3,3,2025-12-05,753
1555,1555,4,4,2025-12-05,1050
1556,1556,4,4,2025-12-05,1042
1557,1557,4,4,2025-12-05,977
1558,1558,5,5,2025-12-05,911
1559,1559,5,5,2025-12-05,884
1560,1560,5,5,2025-12-05,954
1561,1561,1,1,2025-12-06,975
1562,1562,1,1,2025-12-06,917
1563,1563,1,1,2025-12-06,960
1564,1564,2,2,2025-12-06,932
1565,1565,2,2,2025-12-06,879
1566,1566,2,2,2025-12-06,892
1567,1567,3,3,2025-12-06,791
1568,1568,3,3,2025-12-06,770
1569,1569,3,3,2025-12-06,792
1570,1570,4,4,2025-12-06,918
1571,1571,4,4,2025-12-06,969
1572,1572,4,4,2025-12-06,970
1573,1573,5,5,2025-12-06,927
1574,1574,5,5,2025-12-06,949
1575,1575,5,5,2025-12-06,881
1576,1576,1,1,2025-12-07,908
1577,1577,1,1,2025-12-07,919
1578,1578,1,1,2025-12-07,898
1579,1579,2,2,2025-12-07,923
1580,1580,2,2,2025-12-07,877
1581,1581,2,2,2025-12-07,898
1582,1582,3,3,2025-12-07,766
1583,1583,3,3,2025-12-07,785
1584,1584,3,3,2025-12-07,812
1585,1585,4,4,2025-12-07,993
1586,1586,4,4,2025-12-07,939
1587,1587,4,4,2025-12-07,976
1588,1588,5,5,2025-12-07,896
1589,1589,5,5,2025-12-07,925
1590,1590,5,5,2025-12-07,904
1591,1591,1,1,2025-12-08,1023
1592,1592,1,1,2025-12-08,982
1593,1593,1,1,2025-12-08,965
1594,1594,2,2,2025-12-08,822
1595,1595,2,2,2025-12-08,888
1596,1596,2,2,2025-12-08,933
1597,1597,3,3,2025-12-08,797
1598,1598,3,3,2025-12-08,868
1599,1599,3,3,2025-12-08,838
1600,1600,4,4,2025-12-08,965
1601,1601,4,4,2025-12-08,1042
1602,1602,4,4,2025-12-08,969
1603,1603,5,5,2025-12-08,1006
1604,1604,5,5,2025-12-08,995
1605,1605,5,5,2025-12-08,941
1606,1606,1,1,2025-12-09,889
1607,1607,1,1,2025-12-09,958
1608,1608,1,1,2025-12-09,906
1609,1609,2,2,2025-12-09,875
1610,1610,2,2,2025-12-09,878
1611,1611,2,2,2025-12-09,855
1612,1612,3,3,2025-12-09,808
1613,1613,3,3,2025-12-09,771
1614,1614,3,3,2025-12-09,790
1615,1615,4,4,2025-12-09,958
1616,1616,4,4,2025-12-09,999
1617,1617,4,4,2025-12-09,996
1618,1618,5,5,2025-12-09,917
1619,1619,5,5,2025-12-09,951
1620,1620,5,5,2025-12-09,979
1621,1621,1,1,2025-12-10,866
1622,1622,1,1,2025-12-10,926
1623,1623,1,1,2025-12-10,912
1624,1624,2,2,2025-12-10,873
1625,1625,2,2,2025-12-10,810
1626,1626,2,2,2025-12-10,815
1627,1627,3,3,2025-12-10,690
1628,1628,3,3,2025-12-10,780
1629,1629,3,3,2025-12-10,778
1630,1630,4,4,2025-12-10,1035
1631,1631,4,4,2025-12-10,985
1632,1632,4,4,2025-12-10,894
1633,1633,5,5,2025-12-10,950
1634,1634,5,5,2025-12-10,1087
1635,1635,5,5,2025-12-10,846
1636,1636,1,1,2025-12-11,1018
1637,1637,1,1,2025-12-11,948
1638,1638,1,1,2025-12-11,933
1639,1639,2,2,2025-12-11,877
1640,1640,2,2,2025-12-11,913
1641,1641,2,2,2025-12-11,883
1642,1642,3,3,2025-12-11,754
1643,1643,3,3,2025-12-11,778
1644,1644,3,3,2025-12-11,814
1645,1645,4,4,2025-12-11,1007
1646,1646,4,4,2025-12-11,1053
1647,1647,4,4,2025-12-11,983
1648,1648,5,5,2025-12-11,981
1649,1649,5,5,2025-12-11,922
1650,1650,5,5,2025-12-11,927
1651,1651,1,1,2025-12-12,945
1652,1652,1,1,2025-12-12,958
1653,1653,1,1,2025-12-12,984
1654,1654,2,2,2025-12-12,881
1655,1655,2,2,2025-12-12,864
1656,1656,2,2,2025-12-12,938
1657,1657,3,3,2025-12-12,835
1658,1658,3,3,2025-12-12,858
1659,1659,3,3,2025-12-12,775
1660,1660,4,4,2025-12-12,970
1661,1661,4,4,2025-12-12,1019
1662,1662,4,4,2025-12-12,961
1663,1663,5,5,2025-12-12,955
1664,1664,5,5,2025-12-12,922
1665,1665,5,5,2025-12-12,942
1666,1666,1,1,2025-12-13,904
1667,1667,1,1,2025-12-13,953
1668,1668,1,1,2025-12-13,830
1669,1669,2,2,2025-12-13,948
1670,1670,2,2,2025-12-13,931
1671,1671,2,2,2025-12-13,862
1672,1672,3,3,2025-12-13,869
1673,1673,3,3,2025-12-13,845
1674,1674,3,3,2025-12-13,755
1675,1675,4,4,2025-12-13,958
1676,1676,4,4,2025-12-13,937
1677,1677,4,4,2025-12-13,994
1678,1678,5,5,2025-12-13,907
1679,1679,5,5,2025-12-13,853
1680,1680,5,5,2025-12-13,927
1681,1681,1,1,2025-12-14,986
1682,1682,1,1,2025-12-14,954
1683,1683,1,1,2025-12-14,971
1684,1684,2,2,2025-12-14,907
1685,1685,2,2,2025-12-14,929
1686,1686,2,2,2025-12-14,911
1687,1687,3,3,2025-12-14,795
1688,1688,3,3,2025-12-14,803
1689,1689,3,3,2025-12-14,860
1690,1690,4,4,2025-12-14,1004
1691,1691,4,4,2025-12-14,941
1692,1692,4,4,2025-12-14,983
1693,1693,5,5,2025-12-14,943
1694,1694,5,5,2025-12-14,923
1695,1695,5,5,2025-12-14,853
1696,1696,1,1,2025-12-15,915
1697,1697,1,1,2025-12-15,933
1698,1698,1,1,2025-12-15,1025
1699,1699,2,2,2025-12-15,919
1700,1700,2,2,2025-12-15,838
1701,1701,2,2,2025-12-15,896
1702,1702,3,3,2025-12-15,853
1703,1703,3,3,2025-12-15,776
1704,1704,3,3,2025-12-15,841
1705,1705,4,4,2025-12-15,919
1706,1706,4,4,2025-12-15,866
1707,1707,4,4,2025-12-15,1028
1708,1708,5,5,2025-12-15,911
1709,1709,5,5,2025-12-15,855
1710,1710,5,5,2025-12-15,914
1711,1711,1,1,2025-12-16,957
1712,1712,1,1,2025-12-16,967
1713,1713,1,1,2025-12-16,850
1714,1714,2,2,2025-12-16,873
1715,1715,2,2,2025-12-16,902
1716,1716,2,2,2025-12-16,917
1717,1717,3,3,2025-12-16,761
1718,1718,3,3,2025-12-16,791
1719,1719,3,3,2025-12-16,776
1720,1720,4,4,2025-12-16,988
1721,1721,4,4,2025-12-16,1026
1722,1722,4,4,2025-12-16,966
1723,1723,5,5,2025-12-16,875
1724,1724,5,5,2025-12-16,901
1725,1725,5,5,2025-12-16,999
1726,1726,1,1,2025-12-17,915
1727,1727,1,1,2025-12-17,901
1728,1728,1,1,2025-12-17,934
1729,1729,2,2,2025-12-17,896
1730,1730,2,2,2025-12-17,878
1731,1731,2,2,2025-12-17,839
1732,1732,3,3,2025-12-17,812
1733,1733,3,3,2025-12-17,809
1734,1734,3,3,2025-12-17,827
1735,1735,4,4,2025-12-17,988
1736,1736,4,4,2025-12-17,1045
1737,1737,4,4,2025-12-17,1011
1738,1738,5,5,2025-12-17,952
1739,1739,5,5,2025-12-17,978
1740,1740,5,5,2025-12-17,935
1741,1741,1,1,2025-12-18,942
1742,1742,1,1,2025-12-18,962
1743,1743,1,1,2025-12-18,871
1744,1744,2,2,2025-12-18,905
1745,1745,2,2,2025-12-18,896
1746,1746,2,2,2025-12-18,916
1747,1747,3,3,2025-12-18,841
1748,1748,3,3,2025-12-18,823
1749,1749,3,3,2025-12-18,771
1750,1750,4,4,2025-12-18,1014
1751,1751,4,4,2025-12-18,1045
1752,1752,4,4,2025-12-18,1022
1753,1753,5,5,2025-12-18,878
1754,1754,5,5,2025-12-18,952
1755,1755,5,5,2025-12-18,883
1756,1756,1,1,2025-12-19,938
1757,1757,1,1,2025-12-19,965
1758,1758,1,1,2025-12-19,960
1759,1759,2,2,2025-12-19,941
1760,1760,2,2,2025-12-19,966
1761,1761,2,2,2025-12-19,919
1762,1762,3,3,2025-12-19,785
1763,1763,3,3,2025-12-19,723
1764,1764,3,3,2025-12-19,852
1765,1765,4,4,2025-12-19,976
1766,1766,4,4,2025-12-19,978
1767,1767,4,4,2025-12-19,981
1768,1768,5,5,2025-12-19,947
1769,1769,5,5,2025-12-19,948
1770,1770,5,5,2025-12-19,919
1771,1771,1,1,2025-12-20,946
1772,1772,1,1,2025-12-20,925
1773,1773,1,1,2025-12-20,921
1774,1774,2,2,2025-12-20,871
1775,1775,2,2,2025-12-20,895
1776,1776,2,2,2025-12-20,864
1777,1777,3,3,2025-12-20,683
1778,1778,3,3,2025-12-20,785
1779,1779,3,3,2025-12-20,750
1780,1780,4,4,2025-12-20,984
1781,1781,4,4,2025-12-20,955
1782,1782,4,4,2025-12-20,998
1783,1783,5,5,2025-12-20,883
1784,1784,5,5,2025-12-20,859
1785,1785,5,5,2025-12-20,926
1786,1786,1,1,2025-12-21,933
1787,1787,1,1,2025-12-21,897
1788,1788,1,1,2025-12-21,981
1789,1789,2,2,2025-12-21,859
1790,1790,2,2,2025-12-21,869
1791,1791,2,2,2025-12-21,939
1792,1792,3,3,2025-12-21,820
1793,1793,3,3,2025-12-21,755
1794,1794,3,3,2025-12-21,786
1795,1795,4,4,2025-12-21,932
1796,1796,4,4,2025-12-21,1015
1797,1797,4,4,2025-12-21,1015
1798,1798,5,5,2025-12-21,1003
1799,1799,5,5,2025-12-21,1021
1800,1800,5,5,2025-12-21,905
1801,1801,1,1,2025-12-22,978
1802,1802,1,1,2025-12-22,874
1803,1803,1,1,2025-12-22,957
1804,1804,2,2,2025-12-22,917
1805,1805,2,2,2025-12-22,861
1806,1806,2,2,2025-12-22,872
1807,1807,3,3,2025-12-22,836
1808,1808,3,3,2025-12-22,818
1809,1809,3,3,2025-12-22,866
1810,1810,4,4,2025-12-22,1040
1811,1811,4,4,2025-12-22,913
1812,1812,4,4,2025-12-22,959
1813,1813,5,5,2025-12-22,887
1814,1814,5,5,2025-12-22,960
1815,1815,5,5,2025-12-22,941
1816,1816,1,1,2025-12-23,910
1817,1817,1,1,2025-12-23,916
1818,1818,1,1,2025-12-23,999
1819,1819,2,2,2025-12-23,883
1820,1820,2,2,2025-12-23,818
1821,1821,2,2,2025-12-23,857
1822,1822,3,3,2025-12-23,876
1823,1823,3,3,2025-12-23,840
1824,1824,3,3,2025-12-23,749
1825,1825,4,4,2025-12-23,987
1826,1826,4,4,2025-12-23,1017
1827,1827,4,4,2025-12-23,913
1828,1828,5,5,2025-12-23,972
1829,1829,5,5,2025-12-23,947
1830,1830,5,5,2025-12-23,900
1831,1831,1,1,2025-12-24,974
1832,1832,1,1,2025-12-24,961
1833,1833,1,1,2025-12-24,964
1834,1834,2,2,2025-12-24,905
1835,1835,2,2,2025-12-24,864
1836,1836,2,2,2025-12-24,871
1837,1837,3,3,2025-12-24,790
1838,1838,3,3,2025-12-24,801
1839,1839,3,3,2025-12-24,826
1840,1840,4,4,2025-12-24,1057
1841,1841,4,4,2025-12-24,989
1842,1842,4,4,2025-12-24,1005
1843,1843,5,5,2025-12-24,965
1844,1844,5,5,2025-12-24,958
1845,1845,5,5,2025-12-24,893
1846,1846,1,1,2025-12-25,1004
1847,1847,1,1,2025-12-25,996
1848,1848,1,1,2025-12-25,955
1849,1849,2,2,2025-12-25,865
1850,1850,2,2,2025-12-25,901
1851,1851,2,2,2025-12-25,837
1852,1852,3,3,2025-12-25,860
1853,1853,3,3,2025-12-25,774
1854,1854,3,3,2025-12-25,788
1855,1855,4,4,2025-12-25,1036
1856,1856,4,4,2025-12-25,880
1857,1857,4,4,2025-12-25,1031
1858,1858,5,5,2025-12-25,943
1859,1859,5,5,2025-12-25,997
1860,1860,5,5,2025-12-25,892
1861,1861,1,1,2025-12-26,963
1862,1862,1,1,2025-12-26,912
1863,1863,1,1,2025-12-26,994
1864,1864,2,2,2025-12-26,942
1865,1865,2,2,2025-12-26,970
1866,1866,2,2,2025-12-26,899
1867,1867,3,3,2025-12-26,883
1868,1868,3,3,2025-12-26,759
1869,1869,3,3,2025-12-26,797
1870,1870,4,4,2025-12-26,940
1871,1871,4,4,2025-12-26,987
1872,1872,4,4,2025-12-26,943
1873,1873,5,5,2025-12-26,974
1874,1874,5,5,2025-12-26,949
1875,1875,5,5,2025-12-26,886
1876,1876,1,1,2025-12-27,983
1877,1877,1,1,2025-12-27,1013
1878,1878,1,1,2025-12-27,972
1879,1879,2,2,2025-12-27,845
1880,1880,2,2,2025-12-27,894
1881,1881,2,2,2025-12-27,928
1882,1882,3,3,2025-12-27,790
1883,1883,3,3,2025-12-27,758
1884,1884,3,3,2025-12-27,849
1885,1885,4,4,2025-12-27,968
1886,1886,4,4,2025-12-27,1043
1887,1887,4,4,2025-12-27,959
1888,1888,5,5,2025-12-27,916
1889,1889,5,5,2025-12-27,906
1890,1890,5,5,2025-12-27,923
1891,1891,1,1,2025-12-28,968
1892,1892,1,1,2025-12-28,910
1893,1893,1,1,2025-12-28,903
1894,1894,2,2,2025-12-28,832
1895,1895,2,2,2025-12-28,828
1896,1896,2,2,2025-12-28,845
1897,1897,3,3,2025-12-28,778
1898,1898,3,3,2025-12-28,807
1899,1899,3,3,2025-12-28,816
1900,1900,4,4,2025-12-28,985
1901,1901,4,4,2025-12-28,1038
1902,1902,4,4,2025-12-28,1052
1903,1903,5,5,2025-12-28,918
1904,1904,5,5,2025-12-28,891
1905,1905,5,5,2025-12-28,1016
1906,1906,1,1,2025-12-29,997
1907,1907,1,1,2025-12-29,994
1908,1908,1,1,2025-12-29,927
1909,1909,2,2,2025-12-29,934
1910,1910,2,2,2025-12-29,905
1911,1911,2,2,2025-12-29,897
1912,1912,3,3,2025-12-29,796
1913,1913,3,3,2025-12-29,820
1914,1914,3,3,2025-12-29,859
1915,1915,4,4,2025-12-29,1070
1916,1916,4,4,2025-12-29,963
1917,1917,4,4,2025-12-29,987
1918,1918,5,5,2025-12-29,926
1919,1919,5,5,2025-12-29,947
1920,1920,5,5,2025-12-29,828
1921,1921,1,1,2025-12-30,941
1922,1922,1,1,2025-12-30,1031
1923,1923,1,1,2025-12-30,923
1924,1924,2,2,2025-12-30,883
1925,1925,2,2,2025-12-30,877
1926,1926,2,2,2025-12-30,894
1927,1927,3,3,2025-12-30,748
1928,1928,3,3,2025-12-30,778
1929,1929,3,3,2025-12-30,817
1930,1930,4,4,2025-12-30,996
1931,1931,4,4,2025-12-30,990
1932,1932,4,4,2025-12-30,1035
1933,1933,5,5,2025-12-30,948
1934,1934,5,5,2025-12-30,983
1935,1935,5,5,2025-12-30,1020
1936,1936,1,1,2025-12-31,985
1937,1937,1,1,2025-12-31,898
1938,1938,1,1,2025-12-31,961
1939,1939,2,2,2025-12-31,905
1940,1940,2,2,2025-12-31,963
1941,1941,2,2,2025-12-31,895
1942,1942,3,3,2025-12-31,767
1943,1943,3,3,2025-12-31,780
1944,1944,3,3,2025-12-31,749
1945,1945,4,4,2025-12-31,862
1946,1946,4,4,2025-12-31,1062
1947,1947,4,4,2025-12-31,980
1948,1948,5,5,2025-12-31,883
1949,1949,5,5,2025-12-31,997
1950,1950,5,5,2025-12-31,1005
1951,1951,1,1,2026-01-01,957
1952,1952,1,1,2026-01-01,896
1953,1953,1,1,2026-01-01,931
1954,1954,2,2,2026-01-01,891
1955,1955,2,2,2026-01-01,902
1956,1956,2,2,2026-01-01,857
1957,1957,3,3,2026-01-01,839
1958,1958,3,3,2026-01-01,715
1959,1959,3,3,2026-01-01,846
1960,1960,4,4,2026-01-01,1035
1961,1961,4,4,2026-01-01,965
1962,1962,4,4,2026-01-01,977
1963,1963,5,5,2026-01-01,991
1964,1964,5,5,2026-01-01,956
1965,1965,5,5,2026-01-01,916
1966,1966,1,1,2026-01-02,941
1967,1967,1,1,2026-01-02,970
1968,1968,1,1,2026-01-02,1027
1969,1969,2,2,2026-01-02,892
1970,1970,2,2,2026-01-02,885
1971,1971,2,2,2026-01-02,901
1972,1972,3,3,2026-01-02,802
1973,1973,3,3,2026-01-02,812
1974,1974,3,3,2026-01-02,797
1975,1975,4,4,2026-01-02,1028
1976,1976,4,4,2026-01-02,944
1977,1977,4,4,2026-01-02,997
1978,1978,5,5,2026-01-02,949
1979,1979,5,5,2026-01-02,898
1980,1980,5,5,2026-01-02,946
1981,1981,1,1,2026-01-03,970
1982,1982,1,1,2026-01-03,850
1983,1983,1,1,2026-01-03,911
1984,1984,2,2,2026-01-03,965
1985,1985,2,2,2026-01-03,876
1986,1986,2,2,2026-01-03,853
1987,1987,3,3,2026-01-03,726
1988,1988,3,3,2026-01-03,757
1989,1989,3,3,2026-01-03,795
1990,1990,4,4,2026-01-03,930
1991,1991,4,4,2026-01-03,1007
1992,1992,4,4,2026-01-03,947
1993,1993,5,5,2026-01-03,943
1994,1994,5,5,2026-01-03,988
1995,1995,5,5,2026-01-03,985
1996,1996,1,1,2026-01-04,962
1997,1997,1,1,2026-01-04,905
1998,1998,1,1,2026-01-04,948
1999,1999,2,2,2026-01-04,913
2000,2000,2,2,2026-01-04,1000
2001,2001,2,2,2026-01-04,826
2002,2002,3,3,2026-01-04,798
2003,2003,3,3,2026-01-04,825
2004,2004,3,3,2026-01-04,804
2005,2005,4,4,2026-01-04,989
2006,2006,4,4,2026-01-04,949
2007,2007,4,4,2026-01-04,1018
2008,2008,5,5,2026-01-04,932
2009,2009,5,5,2026-01-04,939
2010,2010,5,5,2026-01-04,972
2011,2011,1,1,2026-01-05,938
2012,2012,1,1,2026-01-05,1002
2013,2013,1,1,2026-01-05,899
2014,2014,2,2,2026-01-05,911
2015,2015,2,2,2026-01-05,867
2016,2016,2,2,2026-01-05,857
2017,2017,3,3,2026-01-05,876
2018,2018,3,3,2026-01-05,751
2019,2019,3,3,2026-01-05,802
2020,2020,4,4,2026-01-05,928
2021,2021,4,4,2026-01-05,1029
2022,2022,4,4,2026-01-05,964
2023,2023,5,5,2026-01-05,972
2024,2024,5,5,2026-01-05,954
2025,2025,5,5,2026-01-05,1022
2026,2026,1,1,2026-01-06,890
2027,2027,1,1,2026-01-06,911
2028,2028,1,1,2026-01-06,990
2029,2029,2,2,2026-01-06,913
2030,2030,2,2,2026-01-06,890
2031,2031,2,2,2026-01-06,981
2032,2032,3,3,2026-01-06,800
2033,2033,3,3,2026-01-06,768
2034,2034,3,3,2026-01-06,843
2035,2035,4,4,2026-01-06,981
2036,2036,4,4,2026-01-06,984
2037,2037,4,4,2026-01-06,1007
2038,2038,5,5,2026-01-06,959
2039,2039,5,5,2026-01-06,890
2040,2040,5,5,2026-01-06,918
2041,2041,1,1,2026-01-07,895
2042,2042,1,1,2026-01-07,964
2043,2043,1,1,2026-01-07,1025
2044,2044,2,2,2026-01-07,862
2045,2045,2,2,2026-01-07,838
2046,2046,2,2,2026-01-07,874
2047,2047,3,3,2026-01-07,790
2048,2048,3,3,2026-01-07,829
2049,2049,3,3,2026-01-07,786
2050,2050,4,4,2026-01-07,994
2051,2051,4,4,2026-01-07,960
2052,2052,4,4,2026-01-07,972
2053,2053,5,5,2026-01-07,897
2054,2054,5,5,2026-01-07,885
2055,2055,5,5,2026-01-07,961
2056,2056,1,1,2026-01-08,932
2057,2057,1,1,2026-01-08,967
2058,2058,1,1,2026-01-08,916
2059,2059,2,2,2026-01-08,900
2060,2060,2,2,2026-01-08,816
2061,2061,2,2,2026-01-08,885
2062,2062,3,3,2026-01-08,770
2063,2063,3,3,2026-01-08,847
2064,2064,3,3,2026-01-08,749
2065,2065,4,4,2026-01-08,974
2066,2066,4,4,2026-01-08,993
2067,2067,4,4,2026-01-08,1021
2068,2068,5,5,2026-01-08,964
2069,2069,5,5,2026-01-08,927
2070,2070,5,5,2026-01-08,932
2071,2071,1,1,2026-01-09,997
2072,2072,1,1,2026-01-09,946
2073,2073,1,1,2026-01-09,957
2074,2074,2,2,2026-01-09,949
2075,2075,2,2,2026-01-09,999
2076,2076,2,2,2026-01-09,910
2077,2077,3,3,2026-01-09,821
2078,2078,3,3,2026-01-09,833
2079,2079,3,3,2026-01-09,848
2080,2080,4,4,2026-01-09,1022
2081,2081,4,4,2026-01-09,957
2082,2082,4,4,2026-01-09,993
2083,2083,5,5,2026-01-09,972
2084,2084,5,5,2026-01-09,988
2085,2085,5,5,2026-01-09,924
2086,2086,1,1,2026-01-10,962
2087,2087,1,1,2026-01-10,966
2088,2088,1,1,2026-01-10,951
2089,2089,2,2,2026-01-10,911
2090,2090,2,2,2026-01-10,814
2091,2091,2,2,2026-01-10,1029
2092,2092,3,3,2026-01-10,892
2093,2093,3,3,2026-01-10,792
2094,2094,3,3,2026-01-10,795
2095,2095,4,4,2026-01-10,914
2096,2096,4,4,2026-01-10,908
2097,2097,4,4,2026-01-10,999
2098,2098,5,5,2026-01-10,972
2099,2099,5,5,2026-01-10,964
2100,2100,5,5,2026-01-10,896
2101,2101,1,1,2026-01-11,981
2102,2102,1,1,2026-01-11,945
2103,2103,1,1,2026-01-11,935
2104,2104,2,2,2026-01-11,846
2105,2105,2,2,2026-01-11,871
2106,2106,2,2,2026-01-11,920
2107,2107,3,3,2026-01-11,812
2108,2108,3,3,2026-01-11,806
2109,2109,3,3,2026-01-11,712
2110,2110,4,4,2026-01-11,987
2111,2111,4,4,2026-01-11,956
2112,2112,4,4,2026-01-11,993
2113,2113,5,5,2026-01-11,980
2114,2114,5,5,2026-01-11,912
2115,2115,5,5,2026-01-11,934
2116,2116,1,1,2026-01-12,1031
2117,2117,1,1,2026-01-12,961
2118,2118,1,1,2026-01-12,949
2119,2119,2,2,2026-01-12,867
2120,2120,2,2,2026-01-12,932
2121,2121,2,2,2026-01-12,860
2122,2122,3,3,2026-01-12,852
2123,2123,3,3,2026-01-12,826
2124,2124,3,3,2026-01-12,777
2125,2125,4,4,2026-01-12,948
2126,2126,4,4,2026-01-12,949
2127,2127,4,4,2026-01-12,909
2128,2128,5,5,2026-01-12,948
2129,2129,5,5,2026-01-12,846
2130,2130,5,5,2026-01-12,926
2131,2131,1,1,2026-01-13,943
2132,2132,1,1,2026-01-13,936
2133,2133,1,1,2026-01-13,968
2134,2134,2,2,2026-01-13,877
2135,2135,2,2,2026-01-13,907
2136,2136,2,2,2026-01-13,952
2137,2137,3,3,2026-01-13,823
2138,2138,3,3,2026-01-13,783
2139,2139,3,3,2026-01-13,800
2140,2140,4,4,2026-01-13,966
2141,2141,4,4,2026-01-13,973
2142,2142,4,4,2026-01-13,988
2143,2143,5,5,2026-01-13,874
2144,2144,5,5,2026-01-13,865
2145,2145,5,5,2026-01-13,894
2146,2146,1,1,2026-01-14,970
2147,2147,1,1,2026-01-14,976
2148,2148,1,1,2026-01-14,982
2149,2149,2,2,2026-01-14,865
2150,2150,2,2,2026-01-14,903
2151,2151,2,2,2026-01-14,884
2152,2152,3,3,2026-01-14,795
2153,2153,3,3,2026-01-14,784
2154,2154,3,3,2026-01-14,810
2155,2155,4,4,2026-01-14,953
2156,2156,4,4,2026-01-14,1026
2157,2157,4,4,2026-01-14,1027
2158,2158,5,5,2026-01-14,949
2159,2159,5,5,2026-01-14,971
2160,2160,5,5,2026-01-14,873
2161,2161,1,1,2026-01-15,999
2162,2162,1,1,2026-01-15,965
2163,2163,1,1,2026-01-15,925
2164,2164,2,2,2026-01-15,871
2165,2165,2,2,2026-01-15,964
2166,2166,2,2,2026-01-15,933
2167,2167,3,3,2026-01-15,794
2168,2168,3,3,2026-01-15,742
2169,2169,3,3,2026-01-15,851
2170,2170,4,4,2026-01-15,935
2171,2171,4,4,2026-01-15,965
2172,2172,4,4,2026-01-15,973
2173,2173,5,5,2026-01-15,901
2174,2174,5,5,2026-01-15,922
2175,2175,5,5,2026-01-15,929
2176,2176,1,1,2026-01-16,941
2177,2177,1,1,2026-01-16,962
2178,2178,1,1,2026-01-16,1016
2179,2179,2,2,2026-01-16,844
2180,2180,2,2,2026-01-16,906
2181,2181,2,2,2026-01-16,856
2182,2182,3,3,2026-01-16,740
2183,2183,3,3,2026-01-16,838
2184,2184,3,3,2026-01-16,809
2185,2185,4,4,2026-01-16,918
2186,2186,4,4,2026-01-16,972
2187,2187,4,4,2026-01-16,906
2188,2188,5,5,2026-01-16,894
2189,2189,5,5,2026-01-16,842
2190,2190,5,5,2026-01-16,923
2191,2191,1,1,2026-01-17,977
2192,2192,1,1,2026-01-17,973
2193,2193,1,1,2026-01-17,934
2194,2194,2,2,2026-01-17,940
2195,2195,2,2,2026-01-17,955
2196,2196,2,2,2026-01-17,928
2197,2197,3,3,2026-01-17,777
2198,2198,3,3,2026-01-17,794
2199,2199,3,3,2026-01-17,864
2200,2200,4,4,2026-01-17,967
2201,2201,4,4,2026-01-17,1003
2202,2202,4,4,2026-01-17,950
2203,2203,5,5,2026-01-17,970
2204,2204,5,5,2026-01-17,896
2205,2205,5,5,2026-01-17,926
2206,2206,1,1,2026-01-18,971
2207,2207,1,1,2026-01-18,1024
2208,2208,1,1,2026-01-18,958
2209,2209,2,2,2026-01-18,889
2210,2210,2,2,2026-01-18,886
2211,2211,2,2,2026-01-18,938
2212,2212,3,3,2026-01-18,818
2213,2213,3,3,2026-01-18,826
2214,2214,3,3,2026-01-18,861
2215,2215,4,4,2026-01-18,982
2216,2216,4,4,2026-01-18,995
2217,2217,4,4,2026-01-18,966
2218,2218,5,5,2026-01-18,899
2219,2219,5,5,2026-01-18,906
2220,2220,5,5,2026-01-18,834
2221,2221,1,1,2026-01-19,971
2222,2222,1,1,2026-01-19,967
2223,2223,1,1,2026-01-19,970
2224,2224,2,2,2026-01-19,866
2225,2225,2,2,2026-01-19,876
2226,2226,2,2,2026-01-19,875
2227,2227,3,3,2026-01-19,844
2228,2228,3,3,2026-01-19,807
2229,2229,3,3,2026-01-19,801
2230,2230,4,4,2026-01-19,1010
2231,2231,4,4,2026-01-19,955
2232,2232,4,4,2026-01-19,994
2233,2233,5,5,2026-01-19,1010
2234,2234,5,5,2026-01-19,981
2235,2235,5,5,2026-01-19,943
2236,2236,1,1,2026-01-20,953
2237,2237,1,1,2026-01-20,970
2238,2238,1,1,2026-01-20,1007
2239,2239,2,2,2026-01-20,954
2240,2240,2,2,2026-01-20,965
2241,2241,2,2,2026-01-20,909
2242,2242,3,3,2026-01-20,716
2243,2243,3,3,2026-01-20,876
2244,2244,3,3,2026-01-20,769
2245,2245,4,4,2026-01-20,900
2246,2246,4,4,2026-01-20,1010
2247,2247,4,4,2026-01-20,897
2248,2248,5,5,2026-01-20,931
2249,2249,5,5,2026-01-20,846
2250,2250,5,5,2026-01-20,917
2251,2251,1,1,2026-01-21,1015
2252,2252,1,1,2026-01-21,964
2253,2253,1,1,2026-01-21,950
2254,2254,2,2,2026-01-21,918
2255,2255,2,2,2026-01-21,791
2256,2256,2,2,2026-01-21,874
2257,2257,3,3,2026-01-21,780
2258,2258,3,3,2026-01-21,825
2259,2259,3,3,2026-01-21,760
2260,2260,4,4,2026-01-21,987
2261,2261,4,4,2026-01-21,976
2262,2262,4,4,2026-01-21,956
2263,2263,5,5,2026-01-21,909
2264,2264,5,5,2026-01-21,926
2265,2265,5,5,2026-01-21,855
2266,2266,1,1,2026-01-22,981
2267,2267,1,1,2026-01-22,918
2268,2268,1,1,2026-01-22,939
2269,2269,2,2,2026-01-22,963
2270,2270,2,2,2026-01-22,932
2271,2271,2,2,2026-01-22,853
2272,2272,3,3,2026-01-22,686
2273,2273,3,3,2026-01-22,820
2274,2274,3,3,2026-01-22,791
2275,2275,4,4,2026-01-22,988
2276,2276,4,4,2026-01-22,1010
2277,2277,4,4,2026-01-22,1017
2278,2278,5,5,2026-01-22,913
2279,2279,5,5,2026-01-22,925
2280,2280,5,5,2026-01-22,945
2281,2281,1,1,2026-01-23,968
2282,2282,1,1,2026-01-23,957
2283,2283,1,1,2026-01-23,1008
2284,2284,2,2,2026-01-23,917
2285,2285,2,2,2026-01-23,929
2286,2286,2,2,2026-01-23,911
2287,2287,3,3,2026-01-23,760
2288,2288,3,3,2026-01-23,774
2289,2289,3,3,2026-01-23,752
2290,2290,4,4,2026-01-23,1022
2291,2291,4,4,2026-01-23,918
2292,2292,4,4,2026-01-23,974
2293,2293,5,5,2026-01-23,915
2294,2294,5,5,2026-01-23,849
2295,2295,5,5,2026-01-23,914
2296,2296,1,1,2026-01-24,937
2297,2297,1,1,2026-01-24,1017
2298,2298,1,1,2026-01-24,873
2299,2299,2,2,2026-01-24,952
2300,2300,2,2,2026-01-24,891
2301,2301,2,2,2026-01-24,934
2302,2302,3,3,2026-01-24,803
2303,2303,3,3,2026-01-24,756
2304,2304,3,3,2026-01-24,856
2305,2305,4,4,2026-01-24,1029
2306,2306,4,4,2026-01-24,938
2307,2307,4,4,2026-01-24,1003
2308,2308,5,5,2026-01-24,906
2309,2309,5,5,2026-01-24,869
2310,2310,5,5,2026-01-24,898
2311,2311,1,1,2026-01-25,1004
2312,2312,1,1,2026-01-25,985
2313,2313,1,1,2026-01-25,938
2314,2314,2,2,2026-01-25,954
2315,2315,2,2,2026-01-25,945
2316,2316,2,2,2026-01-25,868
2317,2317,3,3,2026-01-25,865
2318,2318,3,3,2026-01-25,785
2319,2319,3,3,2026-01-25,790
2320,2320,4,4,2026-01-25,904
2321,2321,4,4,2026-01-25,955
2322,2322,4,4,2026-01-25,974
2323,2323,5,5,2026-01-25,942
2324,2324,5,5,2026-01-25,886
2325,2325,5,5,2026-01-25,900
2326,2326,1,1,2026-01-26,1016
2327,2327,1,1,2026-01-26,992
2328,2328,1,1,2026-01-26,1000
2329,2329,2,2,2026-01-26,897
2330,2330,2,2,2026-01-26,913
2331,2331,2,2,2026-01-26,924
2332,2332,3,3,2026-01-26,865
2333,2333,3,3,2026-01-26,739
2334,2334,3,3,2026-01-26,694
2335,2335,4,4,2026-01-26,959
2336,2336,4,4,2026-01-26,989
2337,2337,4,4,2026-01-26,983
2338,2338,5,5,2026-01-26,900
2339,2339,5,5,2026-01-26,951
2340,2340,5,5,2026-01-26,910
2341,2341,1,1,2026-01-27,950
2342,2342,1,1,2026-01-27,969
2343,2343,1,1,2026-01-27,932
2344,2344,2,2,2026-01-27,931
2345,2345,2,2,2026-01-27,939
2346,2346,2,2,2026-01-27,871
2347,2347,3,3,2026-01-27,780
2348,2348,3,3,2026-01-27,761
2349,2349,3,3,2026-01-27,799
2350,2350,4,4,2026-01-27,992
2351,2351,4,4,2026-01-27,1052
2352,2352,4,4,2026-01-27,966
2353,2353,5,5,2026-01-27,941
2354,2354,5,5,2026-01-27,909
2355,2355,5,5,2026-01-27,910
2356,2356,1,1,2026-01-28,964
2357,2357,1,1,2026-01-28,933
2358,2358,1,1,2026-01-28,947
2359,2359,2,2,2026-01-28,915
2360,2360,2,2,2026-01-28,910
2361,2361,2,2,2026-01-28,804
2362,2362,3,3,2026-01-28,780
2363,2363,3,3,2026-01-28,843
2364,2364,3,3,2026-01-28,737
2365,2365,4,4,2026-01-28,859
2366,2366,4,4,2026-01-28,1002
2367,2367,4,4,2026-01-28,989
2368,2368,5,5,2026-01-28,886
2369,2369,5,5,2026-01-28,934
2370,2370,5,5,2026-01-28,904
2371,2371,1,1,2026-01-29,969
2372,2372,1,1,2026-01-29,835
2373,2373,1,1,2026-01-29,939
2374,2374,2,2,2026-01-29,878
2375,2375,2,2,2026-01-29,931
2376,2376,2,2,2026-01-29,825
2377,2377,3,3,2026-01-29,801
2378,2378,3,3,2026-01-29,822
2379,2379,3,3,2026-01-29,874
2380,2380,4,4,2026-01-29,960
2381,2381,4,4,2026-01-29,992
2382,2382,4,4,2026-01-29,907
2383,2383,5,5,2026-01-29,929
2384,2384,5,5,2026-01-29,977
2385,2385,5,5,2026-01-29,1004
2386,2386,1,1,2026-01-30,966
2387,2387,1,1,2026-01-30,887
2388,2388,1,1,2026-01-30,1004
2389,2389,2,2,2026-01-30,837
2390,2390,2,2,2026-01-30,852
2391,2391,2,2,2026-01-30,958
2392,2392,3,3,2026-01-30,796
2393,2393,3,3,2026-01-30,776
2394,2394,3,3,2026-01-30,827
2395,2395,4,4,2026-01-30,986
2396,2396,4,4,2026-01-30,1067
2397,2397,4,4,2026-01-30,1023
2398,2398,5,5,2026-01-30,938
2399,2399,5,5,2026-01-30,939
2400,2400,5,5,2026-01-30,971
2401,2401,1,1,2026-01-31,946
2402,2402,1,1,2026-01-31,914
2403,2403,1,1,2026-01-31,980
2404,2404,2,2,2026-01-31,888
2405,2405,2,2,2026-01-31,911
2406,2406,2,2,2026-01-31,820
2407,2407,3,3,2026-01-31,794
2408,2408,3,3,2026-01-31,779
2409,2409,3,3,2026-01-31,719
2410,2410,4,4,2026-01-31,975
2411,2411,4,4,2026-01-31,977
2412,2412,4,4,2026-01-31,994
2413,2413,5,5,2026-01-31,976
2414,2414,5,5,2026-01-31,968
2415,2415,5,5,2026-01-31,911
2416,2416,1,1,2026-02-01,957
2417,2417,1,1,2026-02-01,970
2418,2418,1,1,2026-02-01,932
2419,2419,2,2,2026-02-01,840
2420,2420,2,2,2026-02-01,891
2421,2421,2,2,2026-02-01,948
2422,2422,3,3,2026-02-01,738
2423,2423,3,3,2026-02-01,760
2424,2424,3,3,2026-02-01,768
2425,2425,4,4,2026-02-01,941
2426,2426,4,4,2026-02-01,1008
2427,2427,4,4,2026-02-01,954
2428,2428,5,5,2026-02-01,959
2429,2429,5,5,2026-02-01,931
2430,2430,5,5,2026-02-01,860
2431,2431,1,1,2026-02-02,933
2432,2432,1,1,2026-02-02,990
2433,2433,1,1,2026-02-02,956
2434,2434,2,2,2026-02-02,886
2435,2435,2,2,2026-02-02,948
2436,2436,2,2,2026-02-02,856
2437,2437,3,3,2026-02-02,776
2438,2438,3,3,2026-02-02,836
2439,2439,3,3,2026-02-02,827
2440,2440,4,4,2026-02-02,933
2441,2441,4,4,2026-02-02,998
2442,2442,4,4,2026-02-02,954
2443,2443,5,5,2026-02-02,847
2444,2444,5,5,2026-02-02,917
2445,2445,5,5,2026-02-02,1007
2446,2446,1,1,2026-02-03,991
2447,2447,1,1,2026-02-03,948
2448,2448,1,1,2026-02-03,886
2449,2449,2,2,2026-02-03,818
2450,2450,2,2,2026-02-03,901
2451,2451,2,2,2026-02-03,916
2452,2452,3,3,2026-02-03,828
2453,2453,3,3,2026-02-03,823
2454,2454,3,3,2026-02-03,827
2455,2455,4,4,2026-02-03,991
2456,2456,4,4,2026-02-03,1027
2457,2457,4,4,2026-02-03,958
2458,2458,5,5,2026-02-03,931
2459,2459,5,5,2026-02-03,860
2460,2460,5,5,2026-02-03,908
2461,2461,1,1,2026-02-04,989
2462,2462,1,1,2026-02-04,975
2463,2463,1,1,2026-02-04,855
2464,2464,2,2,2026-02-04,981
2465,2465,2,2,2026-02-04,906
2466,2466,2,2,2026-02-04,907
2467,2467,3,3,2026-02-04,775
2468,2468,3,3,2026-02-04,783
2469,2469,3,3,2026-02-04,805
2470,2470,4,4,2026-02-04,1003
2471,2471,4,4,2026-02-04,992
2472,2472,4,4,2026-02-04,958
2473,2473,5,5,2026-02-04,893
2474,2474,5,5,2026-02-04,891
2475,2475,5,5,2026-02-04,973
2476,2476,1,1,2026-02-05,987
2477,2477,1,1,2026-02-05,969
2478,2478,1,1,2026-02-05,992
2479,2479,2,2,2026-02-05,894
2480,2480,2,2,2026-02-05,933
2481,2481,2,2,2026-02-05,921
2482,2482,3,3,2026-02-05,835
2483,2483,3,3,2026-02-05,757
2484,2484,3,3,2026-02-05,700
2485,2485,4,4,2026-02-05,990
2486,2486,4,4,2026-02-05,902
2487,2487,4,4,2026-02-05,965
2488,2488,5,5,2026-02-05,841
2489,2489,5,5,2026-02-05,980
2490,2490,5,5,2026-02-05,967
2491,2491,1,1,2026-02-06,964
2492,2492,1,1,2026-02-06,916
2493,2493,1,1,2026-02-06,878
2494,2494,2,2,2026-02-06,810
2495,2495,2,2,2026-02-06,877
2496,2496,2,2,2026-02-06,927
2497,2497,3,3,2026-02-06,786
2498,2498,3,3,2026-02-06,820
2499,2499,3,3,2026-02-06,822
2500,2500,4,4,2026-02-06,1007
2501,2501,4,4,2026-02-06,902
2502,2502,4,4,2026-02-06,949
2503,2503,5,5,2026-02-06,949
2504,2504,5,5,2026-02-06,989
2505,2505,5,5,2026-02-06,975
2506,2506,1,1,2026-02-07,961
2507,2507,1,1,2026-02-07,1000
2508,2508,1,1,2026-02-07,961
2509,2509,2,2,2026-02-07,837
2510,2510,2,2,2026-02-07,926
2511,2511,2,2,2026-02-07,947
2512,2512,3,3,2026-02-07,873
2513,2513,3,3,2026-02-07,776
2514,2514,3,3,2026-02-07,753
2515,2515,4,4,2026-02-07,1014
2516,2516,4,4,2026-02-07,996
2517,2517,4,4,2026-02-07,992
2518,2518,5,5,2026-02-07,981
2519,2519,5,5,2026-02-07,963
2520,2520,5,5,2026-02-07,950
2521,2521,1,1,2026-02-08,931
2522,2522,1,1,2026-02-08,980
2523,2523,1,1,2026-02-08,902
2524,2524,2,2,2026-02-08,911
2525,2525,2,2,2026-02-08,898
2526,2526,2,2,2026-02-08,836
2527,2527,3,3,2026-02-08,816
2528,2528,3,3,2026-02-08,776
2529,2529,3,3,2026-02-08,815
2530,2530,4,4,2026-02-08,941
2531,2531,4,4,2026-02-08,1014
2532,2532,4,4,2026-02-08,1047
2533,2533,5,5,2026-02-08,843
2534,2534,5,5,2026-02-08,882
2535,2535,5,5,2026-02-08,891
2536,2536,1,1,2026-02-09,895
2537,2537,1,1,2026-02-09,941
2538,2538,1,1,2026-02-09,965
2539,2539,2,2,2026-02-09,927
2540,2540,2,2,2026-02-09,910
2541,2541,2,2,2026-02-09,926
2542,2542,3,3,2026-02-09,797
2543,2543,3,3,2026-02-09,776
2544,2544,3,3,2026-02-09,762
2545,2545,4,4,2026-02-09,972
2546,2546,4,4,2026-02-09,943
2547,2547,4,4,2026-02-09,993
2548,2548,5,5,2026-02-09,894
2549,2549,5,5,2026-02-09,910
2550,2550,5,5,2026-02-09,972
2551,2551,1,1,2026-02-10,997
2552,2552,1,1,2026-02-10,995
2553,2553,1,1,2026-02-10,947
2554,2554,2,2,2026-02-10,877
2555,2555,2,2,2026-02-10,920
2556,2556,2,2,2026-02-10,864
2557,2557,3,3,2026-02-10,829
2558,2558,3,3,2026-02-10,774
2559,2559,3,3,2026-02-10,791
2560,2560,4,4,2026-02-10,1010
2561,2561,4,4,2026-02-10,907
2562,2562,4,4,2026-02-10,956
2563,2563,5,5,2026-02-10,944
2564,2564,5,5,2026-02-10,953
2565,2565,5,5,2026-02-10,946
2566,2566,1,1,2026-02-11,940
2567,2567,1,1,2026-02-11,984
2568,2568,1,1,2026-02-11,911
2569,2569,2,2,2026-02-11,859
2570,2570,2,2,2026-02-11,914
2571,2571,2,2,2026-02-11,857
2572,2572,3,3,2026-02-11,868
2573,2573,3,3,2026-02-11,831
2574,2574,3,3,2026-02-11,777
2575,2575,4,4,2026-02-11,1014
2576,2576,4,4,2026-02-11,930
2577,2577,4,4,2026-02-11,1038
2578,2578,5,5,2026-02-11,930
2579,2579,5,5,2026-02-11,906
2580,2580,5,5,2026-02-11,918
2581,2581,1,1,2026-02-12,920
2582,2582,1,1,2026-02-12,941
2583,2583,1,1,2026-02-12,902
2584,2584,2,2,2026-02-12,972
2585,2585,2,2,2026-02-12,877
2586,2586,2,2,2026-02-12,933
2587,2587,3,3,2026-02-12,808
2588,2588,3,3,2026-02-12,760
2589,2589,3,3,2026-02-12,792
2590,2590,4,4,2026-02-12,1027
2591,2591,4,4,2026-02-12,961
2592,2592,4,4,2026-02-12,936
2593,2593,5,5,2026-02-12,951
2594,2594,5,5,2026-02-12,843
2595,2595,5,5,2026-02-12,918
2596,2596,1,1,2026-02-13,1001
2597,2597,1,1,2026-02-13,941
2598,2598,1,1,2026-02-13,987
2599,2599,2,2,2026-02-13,856
2600,2600,2,2,2026-02-13,889
2601,2601,2,2,2026-02-13,886
2602,2602,3,3,2026-02-13,819
2603,2603,3,3,2026-02-13,802
2604,2604,3,3,2026-02-13,719
2605,2605,4,4,2026-02-13,1037
2606,2606,4,4,2026-02-13,959
2607,2607,4,4,2026-02-13,982
2608,2608,5,5,2026-02-13,917
2609,2609,5,5,2026-02-13,929
2610,2610,5,5,2026-02-13,925
2611,2611,1,1,2026-02-14,914
2612,2612,1,1,2026-02-14,980
2613,2613,1,1,2026-02-14,923
2614,2614,2,2,2026-02-14,870
2615,2615,2,2,2026-02-14,838
2616,2616,2,2,2026-02-14,878
2617,2617,3,3,2026-02-14,772
2618,2618,3,3,2026-02-14,683
2619,2619,3,3,2026-02-14,719
2620,2620,4,4,2026-02-14,866
2621,2621,4,4,2026-02-14,970
2622,2622,4,4,2026-02-14,1035
2623,2623,5,5,2026-02-14,874
2624,2624,5,5,2026-02-14,928
2625,2625,5,5,2026-02-14,920
2626,2626,1,1,2026-02-15,975
2627,2627,1,1,2026-02-15,978
2628,2628,1,1,2026-02-15,1036
2629,2629,2,2,2026-02-15,909
2630,2630,2,2,2026-02-15,867
2631,2631,2,2,2026-02-15,877
2632,2632,3,3,2026-02-15,781
2633,2633,3,3,2026-02-15,774
2634,2634,3,3,2026-02-15,866
2635,2635,4,4,2026-02-15,1006
2636,2636,4,4,2026-02-15,914
2637,2637,4,4,2026-02-15,999
2638,2638,5,5,2026-02-15,887
2639,2639,5,5,2026-02-15,957
2640,2640,5,5,2026-02-15,974
2641,2641,1,1,2026-02-16,940
2642,2642,1,1,2026-02-16,926
2643,2643,1,1,2026-02-16,1008
2644,2644,2,2,2026-02-16,872
2645,2645,2,2,2026-02-16,868
2646,2646,2,2,2026-02-16,861
2647,2647,3,3,2026-02-16,796
2648,2648,3,3,2026-02-16,809
2649,2649,3,3,2026-02-16,838
2650,2650,4,4,2026-02-16,1001
2651,2651,4,4,2026-02-16,1000
2652,2652,4,4,2026-02-16,1030
2653,2653,5,5,2026-02-16,890
2654,2654,5,5,2026-02-16,872
2655,2655,5,5,2026-02-16,953
2656,2656,1,1,2026-02-17,944
2657,2657,1,1,2026-02-17,988
2658,2658,1,1,2026-02-17,948
2659,2659,2,2,2026-02-17,875
2660,2660,2,2,2026-02-17,923
2661,2661,2,2,2026-02-17,903
2662,2662,3,3,2026-02-17,798
2663,2663,3,3,2026-02-17,895
2664,2664,3,3,2026-02-17,847
2665,2665,4,4,2026-02-17,1008
2666,2666,4,4,2026-02-17,984
2667,2667,4,4,2026-02-17,981
2668,2668,5,5,2026-02-17,917
2669,2669,5,5,2026-02-17,938
2670,2670,5,5,2026-02-17,910
2671,2671,1,1,2026-02-18,902
2672,2672,1,1,2026-02-18,948
2673,2673,1,1,2026-02-18,961
2674,2674,2,2,2026-02-18,938
2675,2675,2,2,2026-02-18,868
2676,2676,2,2,2026-02-18,901
2677,2677,3,3,2026-02-18,820
2678,2678,3,3,2026-02-18,819
2679,2679,3,3,2026-02-18,864
2680,2680,4,4,2026-02-18,968
2681,2681,4,4,2026-02-18,945
2682,2682,4,4,2026-02-18,983
2683,2683,5,5,2026-02-18,920
2684,2684,5,5,2026-02-18,913
2685,2685,5,5,2026-02-18,908
2686,2686,1,1,2026-02-19,961
2687,2687,1,1,2026-02-19,923
2688,2688,1,1,2026-02-19,978
2689,2689,2,2,2026-02-19,926
2690,2690,2,2,2026-02-19,915
2691,2691,2,2,2026-02-19,860
2692,2692,3,3,2026-02-19,809
2693,2693,3,3,2026-02-19,841
2694,2694,3,3,2026-02-19,831
2695,2695,4,4,2026-02-19,1005
2696,2696,4,4,2026-02-19,980
2697,2697,4,4,2026-02-19,979
2698,2698,5,5,2026-02-19,978
2699,2699,5,5,2026-02-19,941
2700,2700,5,5,2026-02-19,941
2701,2701,1,1,2026-02-20,1060
2702,2702,1,1,2026-02-20,937
2703,2703,1,1,2026-02-20,866
2704,2704,2,2,2026-02-20,893
2705,2705,2,2,2026-02-20,895
2706,2706,2,2,2026-02-20,910
2707,2707,3,3,2026-02-20,819
2708,2708,3,3,2026-02-20,722
2709,2709,3,3,2026-02-20,820
2710,2710,4,4,2026-02-20,977
2711,2711,4,4,2026-02-20,969
2712,2712,4,4,2026-02-20,916
2713,2713,5,5,2026-02-20,987
2714,2714,5,5,2026-02-20,913
2715,2715,5,5,2026-02-20,956
2716,2716,1,1,2026-02-21,917
2717,2717,1,1,2026-02-21,962
2718,2718,1,1,2026-02-21,940
2719,2719,2,2,2026-02-21,925
2720,2720,2,2,2026-02-21,888
2721,2721,2,2,2026-02-21,866
2722,2722,3,3,2026-02-21,799
2723,2723,3,3,2026-02-21,797
2724,2724,3,3,2026-02-21,809
2725,2725,4,4,2026-02-21,1016
2726,2726,4,4,2026-02-21,937
2727,2727,4,4,2026-02-21,1014
2728,2728,5,5,2026-02-21,882
2729,2729,5,5,2026-02-21,953
2730,2730,5,5,2026-02-21,954
2731,2731,1,1,2026-02-22,931
2732,2732,1,1,2026-02-22,919
2733,2733,1,1,2026-02-22,917
2734,2734,2,2,2026-02-22,903
2735,2735,2,2,2026-02-22,927
2736,2736,2,2,2026-02-22,894
2737,2737,3,3,2026-02-22,712
2738,2738,3,3,2026-02-22,778
2739,2739,3,3,2026-02-22,777
2740,2740,4,4,2026-02-22,999
2741,2741,4,4,2026-02-22,1001
2742,2742,4,4,2026-02-22,985
2743,2743,5,5,2026-02-22,964
2744,2744,5,5,2026-02-22,967
2745,2745,5,5,2026-02-22,910
2746,2746,1,1,2026-02-23,916
2747,2747,1,1,2026-02-23,946
2748,2748,1,1,2026-02-23,882
2749,2749,2,2,2026-02-23,905
2750,2750,2,2,2026-02-23,879
2751,2751,2,2,2026-02-23,1023
2752,2752,3,3,2026-02-23,854
2753,2753,3,3,2026-02-23,775
2754,2754,3,3,2026-02-23,759
2755,2755,4,4,2026-02-23,952
2756,2756,4,4,2026-02-23,1018
2757,2757,4,4,2026-02-23,1019
2758,2758,5,5,2026-02-23,984
2759,2759,5,5,2026-02-23,895
2760,2760,5,5,2026-02-23,949
2761,2761,1,1,2026-02-24,919
2762,2762,1,1,2026-02-24,1014
2763,2763,1,1,2026-02-24,917
2764,2764,2,2,2026-02-24,851
2765,2765,2,2,2026-02-24,857
2766,2766,2,2,2026-02-24,899
2767,2767,3,3,2026-02-24,826
2768,2768,3,3,2026-02-24,824
2769,2769,3,3,2026-02-24,758
2770,2770,4,4,2026-02-24,965
2771,2771,4,4,2026-02-24,960
2772,2772,4,4,2026-02-24,933
2773,2773,5,5,2026-02-24,909
2774,2774,5,5,2026-02-24,983
2775,2775,5,5,2026-02-24,879
2776,2776,1,1,2026-02-25,958
2777,2777,1,1,2026-02-25,1004
2778,2778,1,1,2026-02-25,1001
2779,2779,2,2,2026-02-25,966
2780,2780,2,2,2026-02-25,912
2781,2781,2,2,2026-02-25,917
2782,2782,3,3,2026-02-25,779
2783,2783,3,3,2026-02-25,748
2784,2784,3,3,2026-02-25,794
2785,2785,4,4,2026-02-25,1023
2786,2786,4,4,2026-02-25,892
2787,2787,4,4,2026-02-25,961
2788,2788,5,5,2026-02-25,951
2789,2789,5,5,2026-02-25,930
2790,2790,5,5,2026-02-25,979
2791,2791,1,1,2026-02-26,989
2792,2792,1,1,2026-02-26,893
2793,2793,1,1,2026-02-26,953
2794,2794,2,2,2026-02-26,870
2795,2795,2,2,2026-02-26,870
2796,2796,2,2,2026-02-26,846
2797,2797,3,3,2026-02-26,809
2798,2798,3,3,2026-02-26,850
2799,2799,3,3,2026-02-26,813
2800,2800,4,4,2026-02-26,924
2801,2801,4,4,2026-02-26,977
2802,2802,4,4,2026-02-26,1000
2803,2803,5,5,2026-02-26,925
2804,2804,5,5,2026-02-26,942
2805,2805,5,5,2026-02-26,903
2806,2806,1,1,2026-02-27,940
2807,2807,1,1,2026-02-27,938
2808,2808,1,1,2026-02-27,1008
2809,2809,2,2,2026-02-27,859
2810,2810,2,2,2026-02-27,816
2811,2811,2,2,2026-02-27,955
2812,2812,3,3,2026-02-27,804
2813,2813,3,3,2026-02-27,752
2814,2814,3,3,2026-02-27,835
2815,2815,4,4,2026-02-27,1002
2816,2816,4,4,2026-02-27,1045
2817,2817,4,4,2026-02-27,987
2818,2818,5,5,2026-02-27,1025
2819,2819,5,5,2026-02-27,925
2820,2820,5,5,2026-02-27,952
2821,2821,1,1,2026-02-28,978
2822,2822,1,1,2026-02-28,1074
2823,2823,1,1,2026-02-28,933
2824,2824,2,2,2026-02-28,881
2825,2825,2,2,2026-02-28,929
2826,2826,2,2,2026-02-28,849
2827,2827,3,3,2026-02-28,770
2828,2828,3,3,2026-02-28,794
2829,2829,3,3,2026-02-28,863
2830,2830,4,4,2026-02-28,1009
2831,2831,4,4,2026-02-28,983
2832,2832,4,4,2026-02-28,959
2833,2833,5,5,2026-02-28,845
2834,2834,5,5,2026-02-28,1011
2835,2835,5,5,2026-02-28,927
2836,2836,1,1,2026-03-01,920
2837,2837,1,1,2026-03-01,1041
2838,2838,1,1,2026-03-01,900
2839,2839,2,2,2026-03-01,951
2840,2840,2,2,2026-03-01,900
2841,2841,2,2,2026-03-01,929
2842,2842,3,3,2026-03-01,821
2843,2843,3,3,2026-03-01,828
2844,2844,3,3,2026-03-01,895
2845,2845,4,4,2026-03-01,1067
2846,2846,4,4,2026-03-01,952
2847,2847,4,4,2026-03-01,999
2848,2848,5,5,2026-03-01,862
2849,2849,5,5,2026-03-01,963
2850,2850,5,5,2026-03-01,972
2851,2851,1,1,2026-03-02,867
2852,2852,1,1,2026-03-02,949
2853,2853,1,1,2026-03-02,979
2854,2854,2,2,2026-03-02,914
2855,2855,2,2,2026-03-02,851
2856,2856,2,2,2026-03-02,855
2857,2857,3,3,2026-03-02,794
2858,2858,3,3,2026-03-02,783
2859,2859,3,3,2026-03-02,786
2860,2860,4,4,2026-03-02,926
2861,2861,4,4,2026-03-02,981
2862,2862,4,4,2026-03-02,1044
2863,2863,5,5,2026-03-02,882
2864,2864,5,5,2026-03-02,921
2865,2865,5,5,2026-03-02,954
2866,2866,1,1,2026-03-03,887
2867,2867,1,1,2026-03-03,951
2868,2868,1,1,2026-03-03,991
2869,2869,2,2,2026-03-03,860
2870,2870,2,2,2026-03-03,905
2871,2871,2,2,2026-03-03,938
2872,2872,3,3,2026-03-03,892
2873,2873,3,3,2026-03-03,803
2874,2874,3,3,2026-03-03,771
2875,2875,4,4,2026-03-03,907
2876,2876,4,4,2026-03-03,951
2877,2877,4,4,2026-03-03,924
2878,2878,5,5,2026-03-03,998
2879,2879,5,5,2026-03-03,965
2880,2880,5,5,2026-03-03,885
2881,2881,1,1,2026-03-04,919
2882,2882,1,1,2026-03-04,952
2883,2883,1,1,2026-03-04,991
2884,2884,2,2,2026-03-04,920
2885,2885,2,2,2026-03-04,916
2886,2886,2,2,2026-03-04,908
2887,2887,3,3,2026-03-04,757
2888,2888,3,3,2026-03-04,803
2889,2889,3,3,2026-03-04,798
2890,2890,4,4,2026-03-04,923
2891,2891,4,4,2026-03-04,1046
2892,2892,4,4,2026-03-04,956
2893,2893,5,5,2026-03-04,874
2894,2894,5,5,2026-03-04,912
2895,2895,5,5,2026-03-04,919
2896,2896,1,1,2026-03-05,947
2897,2897,1,1,2026-03-05,939
2898,2898,1,1,2026-03-05,949
2899,2899,2,2,2026-03-05,905
2900,2900,2,2,2026-03-05,903
2901,2901,2,2,2026-03-05,915
2902,2902,3,3,2026-03-05,818
2903,2903,3,3,2026-03-05,819
2904,2904,3,3,2026-03-05,829
2905,2905,4,4,2026-03-05,952
2906,2906,4,4,2026-03-05,953
2907,2907,4,4,2026-03-05,1021
2908,2908,5,5,2026-03-05,913
2909,2909,5,5,2026-03-05,925
2910,2910,5,5,2026-03-05,921
2911,2911,1,1,2026-03-06,1041
2912,2912,1,1,2026-03-06,915
2913,2913,1,1,2026-03-06,915
2914,2914,2,2,2026-03-06,899
2915,2915,2,2,2026-03-06,892
2916,2916,2,2,2026-03-06,854
2917,2917,3,3,2026-03-06,796
2918,2918,3,3,2026-03-06,800
2919,2919,3,3,2026-03-06,779
2920,2920,4,4,2026-03-06,973
2921,2921,4,4,2026-03-06,949
2922,2922,4,4,2026-03-06,934
2923,2923,5,5,2026-03-06,913
2924,2924,5,5,2026-03-06,890
2925,2925,5,5,2026-03-06,877
2926,2926,1,1,2026-03-07,875
2927,2927,1,1,2026-03-07,958
2928,2928,1,1,2026-03-07,932
2929,2929,2,2,2026-03-07,941
2930,2930,2,2,2026-03-07,821
2931,2931,2,2,2026-03-07,885
2932,2932,3,3,2026-03-07,808
2933,2933,3,3,2026-03-07,774
2934,2934,3,3,2026-03-07,798
2935,2935,4,4,2026-03-07,906
2936,2936,4,4,2026-03-07,962
2937,2937,4,4,2026-03-07,946
2938,2938,5,5,2026-03-07,967
2939,2939,5,5,2026-03-07,935
2940,2940,5,5,2026-03-07,960
2941,2941,1,1,2026-03-08,996
2942,2942,1,1,2026-03-08,929
2943,2943,1,1,2026-03-08,954
2944,2944,2,2,2026-03-08,856
2945,2945,2,2,2026-03-08,914
2946,2946,2,2,2026-03-08,920
2947,2947,3,3,2026-03-08,811
2948,2948,3,3,2026-03-08,779
2949,2949,3,3,2026-03-08,871
2950,2950,4,4,2026-03-08,980
2951,2951,4,4,2026-03-08,1097
2952,2952,4,4,2026-03-08,937
2953,2953,5,5,2026-03-08,954
2954,2954,5,5,2026-03-08,968
2955,2955,5,5,2026-03-08,887
2956,2956,1,1,2026-03-09,939
2957,2957,1,1,2026-03-09,894
2958,2958,1,1,2026-03-09,998
2959,2959,2,2,2026-03-09,895
2960,2960,2,2,2026-03-09,866
2961,2961,2,2,2026-03-09,938
2962,2962,3,3,2026-03-09,799
2963,2963,3,3,2026-03-09,832
2964,2964,3,3,2026-03-09,816
2965,2965,4,4,2026-03-09,941
2966,2966,4,4,2026-03-09,958
2967,2967,4,4,2026-03-09,947
2968,2968,5,5,2026-03-09,884
2969,2969,5,5,2026-03-09,864
2970,2970,5,5,2026-03-09,1010
2971,2971,1,1,2026-03-10,960
2972,2972,1,1,2026-03-10,966
2973,2973,1,1,2026-03-10,993
2974,2974,2,2,2026-03-10,878
2975,2975,2,2,2026-03-10,846
2976,2976,2,2,2026-03-10,928
2977,2977,3,3,2026-03-10,752
2978,2978,3,3,2026-03-10,827
2979,2979,3,3,2026-03-10,741
2980,2980,4,4,2026-03-10,929
2981,2981,4,4,2026-03-10,954
2982,2982,4,4,2026-03-10,1006
2983,2983,5,5,2026-03-10,994
2984,2984,5,5,2026-03-10,946
2985,2985,5,5,2026-03-10,905
2986,2986,1,1,2026-03-11,986
2987,2987,1,1,2026-03-11,890
2988,2988,1,1,2026-03-11,913
2989,2989,2,2,2026-03-11,903
2990,2990,2,2,2026-03-11,930
2991,2991,2,2,2026-03-11,891
2992,2992,3,3,2026-03-11,787
2993,2993,3,3,2026-03-11,789
2994,2994,3,3,2026-03-11,843
2995,2995,4,4,2026-03-11,949
2996,2996,4,4,2026-03-11,940
2997,2997,4,4,2026-03-11,969
2998,2998,5,5,2026-03-11,979
2999,2999,5,5,2026-03-11,903
3000,3000,5,5,2026-03-11,919
3001,3001,1,1,2026-03-12,889
3002,3002,1,1,2026-03-12,941
3003,3003,1,1,2026-03-12,958
3004,3004,2,2,2026-03-12,852
3005,3005,2,2,2026-03-12,943
3006,3006,2,2,2026-03-12,908
3007,3007,3,3,2026-03-12,779
3008,3008,3,3,2026-03-12,808
3009,3009,3,3,2026-03-12,819
3010,3010,4,4,2026-03-12,910
3011,3011,4,4,2026-03-12,990
3012,3012,4,4,2026-03-12,1027
3013,3013,5,5,2026-03-12,899
3014,3014,5,5,2026-03-12,910
3015,3015,5,5,2026-03-12,916
3016,3016,1,1,2026-03-13,980
3017,3017,1,1,2026-03-13,907
3018,3018,1,1,2026-03-13,967
3019,3019,2,2,2026-03-13,886
3020,3020,2,2,2026-03-13,966
3021,3021,2,2,2026-03-13,889
3022,3022,3,3,2026-03-13,711
3023,3023,3,3,2026-03-13,824
3024,3024,3,3,2026-03-13,815
3025,3025,4,4,2026-03-13,986
3026,3026,4,4,2026-03-13,1026
3027,3027,4,4,2026-03-13,914
3028,3028,5,5,2026-03-13,893
3029,3029,5,5,2026-03-13,928
3030,3030,5,5,2026-03-13,934
3031,3031,1,1,2026-03-14,942
3032,3032,1,1,2026-03-14,890
3033,3033,1,1,2026-03-14,930
3034,3034,2,2,2026-03-14,963
3035,3035,2,2,2026-03-14,856
3036,3036,2,2,2026-03-14,897
3037,3037,3,3,2026-03-14,817
3038,3038,3,3,2026-03-14,829
3039,3039,3,3,2026-03-14,824
3040,3040,4,4,2026-03-14,957
3041,3041,4,4,2026-03-14,943
3042,3042,4,4,2026-03-14,1047
3043,3043,5,5,2026-03-14,963
3044,3044,5,5,2026-03-14,930
3045,3045,5,5,2026-03-14,984
3046,3046,1,1,2026-03-15,889
3047,3047,1,1,2026-03-15,896
3048,3048,1,1,2026-03-15,862
3049,3049,2,2,2026-03-15,904
3050,3050,2,2,2026-03-15,905
3051,3051,2,2,2026-03-15,843
3052,3052,3,3,2026-03-15,832
3053,3053,3,3,2026-03-15,724
3054,3054,3,3,2026-03-15,812
3055,3055,4,4,2026-03-15,1001
3056,3056,4,4,2026-03-15,983
3057,3057,4,4,2026-03-15,918
3058,3058,5,5,2026-03-15,976
3059,3059,5,5,2026-03-15,908
3060,3060,5,5,2026-03-15,909
3061,3061,1,1,2026-03-16,921
3062,3062,1,1,2026-03-16,975
3063,3063,1,1,2026-03-16,927
3064,3064,2,2,2026-03-16,852
3065,3065,2,2,2026-03-16,937
3066,3066,2,2,2026-03-16,896
3067,3067,3,3,2026-03-16,838
3068,3068,3,3,2026-03-16,799
3069,3069,3,3,2026-03-16,769
3070,3070,4,4,2026-03-16,909
3071,3071,4,4,2026-03-16,984
3072,3072,4,4,2026-03-16,966
3073,3073,5,5,2026-03-16,957
3074,3074,5,5,2026-03-16,905
3075,3075,5,5,2026-03-16,943
3076,3076,1,1,2026-03-17,947
3077,3077,1,1,2026-03-17,915
3078,3078,1,1,2026-03-17,928
3079,3079,2,2,2026-03-17,846
3080,3080,2,2,2026-03-17,970
3081,3081,2,2,2026-03-17,912
3082,3082,3,3,2026-03-17,743
3083,3083,3,3,2026-03-17,868
3084,3084,3,3,2026-03-17,755
3085,3085,4,4,2026-03-17,954
3086,3086,4,4,2026-03-17,968
3087,3087,4,4,2026-03-17,978
3088,3088,5,5,2026-03-17,956
3089,3089,5,5,2026-03-17,851
3090,3090,5,5,2026-03-17,929
3091,3091,1,1,2026-03-18,936
3092,3092,1,1,2026-03-18,954
3093,3093,1,1,2026-03-18,935
3094,3094,2,2,2026-03-18,879
3095,3095,2,2,2026-03-18,893
3096,3096,2,2,2026-03-18,965
3097,3097,3,3,2026-03-18,780
3098,3098,3,3,2026-03-18,843
3099,3099,3,3,2026-03-18,803
3100,3100,4,4,2026-03-18,981
3101,3101,4,4,2026-03-18,985
3102,3102,4,4,2026-03-18,997
3103,3103,5,5,2026-03-18,913
3104,3104,5,5,2026-03-18,970
3105,3105,5,5,2026-03-18,947
3106,3106,1,1,2026-03-19,898
3107,3107,1,1,2026-03-19,862
3108,3108,1,1,2026-03-19,1013
3109,3109,2,2,2026-03-19,906
3110,3110,2,2,2026-03-19,844
3111,3111,2,2,2026-03-19,880
3112,3112,3,3,2026-03-19,833
3113,3113,3,3,2026-03-19,790
3114,3114,3,3,2026-03-19,794
3115,3115,4,4,2026-03-19,1005
3116,3116,4,4,2026-03-19,990
3117,3117,4,4,2026-03-19,1000
3118,3118,5,5,2026-03-19,955
3119,3119,5,5,2026-03-19,900
3120,3120,5,5,2026-03-19,903
3121,3121,1,1,2026-03-20,915
3122,3122,1,1,2026-03-20,925
3123,3123,1,1,2026-03-20,942
3124,3124,2,2,2026-03-20,895
3125,3125,2,2,2026-03-20,952
3126,3126,2,2,2026-03-20,908
3127,3127,3,3,2026-03-20,793
3128,3128,3,3,2026-03-20,900
3129,3129,3,3,2026-03-20,757
3130,3130,4,4,2026-03-20,965
3131,3131,4,4,2026-03-20,1047
3132,3132,4,4,2026-03-20,1046
3133,3133,5,5,2026-03-20,915
3134,3134,5,5,2026-03-20,863
3135,3135,5,5,2026-03-20,910
3136,3136,1,1,2026-03-21,1003
3137,3137,1,1,2026-03-21,943
3138,3138,1,1,2026-03-21,975
3139,3139,2,2,2026-03-21,897
3140,3140,2,2,2026-03-21,841
3141,3141,2,2,2026-03-21,898
3142,3142,3,3,2026-03-21,831
3143,3143,3,3,2026-03-21,775
3144,3144,3,3,2026-03-21,829
3145,3145,4,4,2026-03-21,981
3146,3146,4,4,2026-03-21,1007
3147,3147,4,4,2026-03-21,990
3148,3148,5,5,2026-03-21,890
3149,3149,5,5,2026-03-21,916
3150,3150,5,5,2026-03-21,915
3151,3151,1,1,2026-03-22,923
3152,3152,1,1,2026-03-22,957
3153,3153,1,1,2026-03-22,1026
3154,3154,2,2,2026-03-22,940
3155,3155,2,2,2026-03-22,946
3156,3156,2,2,2026-03-22,871
3157,3157,3,3,2026-03-22,847
3158,3158,3,3,2026-03-22,861
3159,3159,3,3,2026-03-22,769
3160,3160,4,4,2026-03-22,995
3161,3161,4,4,2026-03-22,996
3162,3162,4,4,2026-03-22,968
3163,3163,5,5,2026-03-22,934
3164,3164,5,5,2026-03-22,948
3165,3165,5,5,2026-03-22,921
3166,3166,1,1,2026-03-23,988
3167,3167,1,1,2026-03-23,899
3168,3168,1,1,2026-03-23,934
3169,3169,2,2,2026-03-23,926
3170,3170,2,2,2026-03-23,970
3171,3171,2,2,2026-03-23,941
3172,3172,3,3,2026-03-23,803
3173,3173,3,3,2026-03-23,793
3174,3174,3,3,2026-03-23,786
3175,3175,4,4,2026-03-23,967
3176,3176,4,4,2026-03-23,908
3177,3177,4,4,2026-03-23,1048
3178,3178,5,5,2026-03-23,926
3179,3179,5,5,2026-03-23,897
3180,3180,5,5,2026-03-23,944
3181,3181,1,1,2026-03-24,920
3182,3182,1,1,2026-03-24,984
3183,3183,1,1,2026-03-24,918
3184,3184,2,2,2026-03-24,928
3185,3185,2,2,2026-03-24,886
3186,3186,2,2,2026-03-24,909
3187,3187,3,3,2026-03-24,831
3188,3188,3,3,2026-03-24,777
3189,3189,3,3,2026-03-24,830
3190,3190,4,4,2026-03-24,910
3191,3191,4,4,2026-03-24,1037
3192,3192,4,4,2026-03-24,1017
3193,3193,5,5,2026-03-24,924
3194,3194,5,5,2026-03-24,975
3195,3195,5,5,2026-03-24,970
3196,3196,1,1,2026-03-25,948
3197,3197,1,1,2026-03-25,947
3198,3198,1,1,2026-03-25,913
3199,3199,2,2,2026-03-25,900
3200,3200,2,2,2026-03-25,840
3201,3201,2,2,2026-03-25,927
3202,3202,3,3,2026-03-25,828
3203,3203,3,3,2026-03-25,730
3204,3204,3,3,2026-03-25,853
3205,3205,4,4,2026-03-25,954
3206,3206,4,4,2026-03-25,1092
3207,3207,4,4,2026-03-25,987
3208,3208,5,5,2026-03-25,983
3209,3209,5,5,2026-03-25,891
3210,3210,5,5,2026-03-25,916
3211,3211,1,1,2026-03-26,927
3212,3212,1,1,2026-03-26,890
3213,3213,1,1,2026-03-26,899
3214,3214,2,2,2026-03-26,893
3215,3215,2,2,2026-03-26,913
3216,3216,2,2,2026-03-26,858
3217,3217,3,3,2026-03-26,784
3218,3218,3,3,2026-03-26,770
3219,3219,3,3,2026-03-26,795
3220,3220,4,4,2026-03-26,1004
3221,3221,4,4,2026-03-26,982
3222,3222,4,4,2026-03-26,955
3223,3223,5,5,2026-03-26,968
3224,3224,5,5,2026-03-26,941
3225,3225,5,5,2026-03-26,933
3226,3226,1,1,2026-03-27,908
3227,3227,1,1,2026-03-27,984
3228,3228,1,1,2026-03-27,965
3229,3229,2,2,2026-03-27,918
3230,3230,2,2,2026-03-27,889
3231,3231,2,2,2026-03-27,882
3232,3232,3,3,2026-03-27,868
3233,3233,3,3,2026-03-27,782
3234,3234,3,3,2026-03-27,751
3235,3235,4,4,2026-03-27,985
3236,3236,4,4,2026-03-27,977
3237,3237,4,4,2026-03-27,1020
3238,3238,5,5,2026-03-27,922
3239,3239,5,5,2026-03-27,953
3240,3240,5,5,2026-03-27,986
3241,3241,1,1,2026-03-28,963
3242,3242,1,1,2026-03-28,910
3243,3243,1,1,2026-03-28,879
3244,3244,2,2,2026-03-28,914
3245,3245,2,2,2026-03-28,884
3246,3246,2,2,2026-03-28,908
3247,3247,3,3,2026-03-28,798
3248,3248,3,3,2026-03-28,750
3249,3249,3,3,2026-03-28,792
3250,3250,4,4,2026-03-28,938
3251,3251,4,4,2026-03-28,959
3252,3252,4,4,2026-03-28,1014
3253,3253,5,5,2026-03-28,931
3254,3254,5,5,2026-03-28,950
3255,3255,5,5,2026-03-28,934
3256,3256,1,1,2026-03-29,937
3257,3257,1,1,2026-03-29,958
3258,3258,1,1,2026-03-29,885
3259,3259,2,2,2026-03-29,927
3260,3260,2,2,2026-03-29,866
3261,3261,2,2,2026-03-29,918
3262,3262,3,3,2026-03-29,785
3263,3263,3,3,2026-03-29,750
3264,3264,3,3,2026-03-29,772
3265,3265,4,4,2026-03-29,998
3266,3266,4,4,2026-03-29,1063
3267,3267,4,4,2026-03-29,975
3268,3268,5,5,2026-03-29,1007
3269,3269,5,5,2026-03-29,864
3270,3270,5,5,2026-03-29,829
3271,3271,1,1,2026-03-30,938
3272,3272,1,1,2026-03-30,945
3273,3273,1,1,2026-03-30,970
3274,3274,2,2,2026-03-30,874
3275,3275,2,2,2026-03-30,911
3276,3276,2,2,2026-03-30,890
3277,3277,3,3,2026-03-30,847
3278,3278,3,3,2026-03-30,805
3279,3279,3,3,2026-03-30,908
3280,3280,4,4,2026-03-30,970
3281,3281,4,4,2026-03-30,1024
3282,3282,4,4,2026-03-30,1037
3283,3283,5,5,2026-03-30,832
3284,3284,5,5,2026-03-30,957
3285,3285,5,5,2026-03-30,880
3286,3286,1,1,2026-03-31,939
3287,3287,1,1,2026-03-31,905
3288,3288,1,1,2026-03-31,997
3289,3289,2,2,2026-03-31,876
3290,3290,2,2,2026-03-31,833
3291,3291,2,2,2026-03-31,906
3292,3292,3,3,2026-03-31,854
3293,3293,3,3,2026-03-31,755
3294,3294,3,3,2026-03-31,832
3295,3295,4,4,2026-03-31,903
3296,3296,4,4,2026-03-31,1037
3297,3297,4,4,2026-03-31,994
3298,3298,5,5,2026-03-31,882
3299,3299,5,5,2026-03-31,958
3300,3300,5,5,2026-03-31,908
3301,3301,1,1,2026-04-01,913
3302,3302,1,1,2026-04-01,927
3303,3303,1,1,2026-04-01,974
3304,3304,2,2,2026-04-01,860
3305,3305,2,2,2026-04-01,811
3306,3306,2,2,2026-04-01,879
3307,3307,3,3,2026-04-01,849
3308,3308,3,3,2026-04-01,849
3309,3309,3,3,2026-04-01,777
3310,3310,4,4,2026-04-01,956
3311,3311,4,4,2026-04-01,953
3312,3312,4,4,2026-04-01,952
3313,3313,5,5,2026-04-01,904
3314,3314,5,5,2026-04-01,938
3315,3315,5,5,2026-04-01,980
3316,3316,1,1,2026-04-02,910
3317,3317,1,1,2026-04-02,917
3318,3318,1,1,2026-04-02,962
3319,3319,2,2,2026-04-02,926
3320,3320,2,2,2026-04-02,839
3321,3321,2,2,2026-04-02,840
3322,3322,3,3,2026-04-02,866
3323,3323,3,3,2026-04-02,709
3324,3324,3,3,2026-04-02,785
3325,3325,4,4,2026-04-02,924
3326,3326,4,4,2026-04-02,919
3327,3327,4,4,2026-04-02,917
3328,3328,5,5,2026-04-02,973
3329,3329,5,5,2026-04-02,931
3330,3330,5,5,2026-04-02,973
3331,3331,1,1,2026-04-03,943
3332,3332,1,1,2026-04-03,992
3333,3333,1,1,2026-04-03,942
3334,3334,2,2,2026-04-03,784
3335,3335,2,2,2026-04-03,920
3336,3336,2,2,2026-04-03,896
3337,3337,3,3,2026-04-03,790
3338,3338,3,3,2026-04-03,764
3339,3339,3,3,2026-04-03,825
3340,3340,4,4,2026-04-03,936
3341,3341,4,4,2026-04-03,1005
3342,3342,4,4,2026-04-03,983
3343,3343,5,5,2026-04-03,956
3344,3344,5,5,2026-04-03,936
3345,3345,5,5,2026-04-03,977
3346,3346,1,1,2026-04-04,966
3347,3347,1,1,2026-04-04,954
3348,3348,1,1,2026-04-04,857
3349,3349,2,2,2026-04-04,949
3350,3350,2,2,2026-04-04,836
3351,3351,2,2,2026-04-04,847
3352,3352,3,3,2026-04-04,830
3353,3353,3,3,2026-04-04,800
3354,3354,3,3,2026-04-04,738
3355,3355,4,4,2026-04-04,955
3356,3356,4,4,2026-04-04,1026
3357,3357,4,4,2026-04-04,985
3358,3358,5,5,2026-04-04,931
3359,3359,5,5,2026-04-04,901
3360,3360,5,5,2026-04-04,962
3361,3361,1,1,2026-04-05,945
3362,3362,1,1,2026-04-05,974
3363,3363,1,1,2026-04-05,917
3364,3364,2,2,2026-04-05,984
3365,3365,2,2,2026-04-05,954
3366,3366,2,2,2026-04-05,905
3367,3367,3,3,2026-04-05,813
3368,3368,3,3,2026-04-05,776
3369,3369,3,3,2026-04-05,827
3370,3370,4,4,2026-04-05,893
3371,3371,4,4,2026-04-05,1046
3372,3372,4,4,2026-04-05,1004
3373,3373,5,5,2026-04-05,890
3374,3374,5,5,2026-04-05,994
3375,3375,5,5,2026-04-05,1009
3376,3376,1,1,2026-04-06,965
3377,3377,1,1,2026-04-06,918
3378,3378,1,1,2026-04-06,951
3379,3379,2,2,2026-04-06,921
3380,3380,2,2,2026-04-06,912
3381,3381,2,2,2026-04-06,860
3382,3382,3,3,2026-04-06,820
3383,3383,3,3,2026-04-06,846
3384,3384,3,3,2026-04-06,751
3385,3385,4,4,2026-04-06,935
3386,3386,4,4,2026-04-06,954
3387,3387,4,4,2026-04-06,971
3388,3388,5,5,2026-04-06,963
3389,3389,5,5,2026-04-06,975
3390,3390,5,5,2026-04-06,896
3391,3391,1,1,2026-04-07,957
3392,3392,1,1,2026-04-07,993
3393,3393,1,1,2026-04-07,1037
3394,3394,2,2,2026-04-07,907
3395,3395,2,2,2026-04-07,909
3396,3396,2,2,2026-04-07,915
3397,3397,3,3,2026-04-07,787
3398,3398,3,3,2026-04-07,804
3399,3399,3,3,2026-04-07,721
3400,3400,4,4,2026-04-07,956
3401,3401,4,4,2026-04-07,1000
3402,3402,4,4,2026-04-07,944
3403,3403,5,5,2026-04-07,964
3404,3404,5,5,2026-04-07,862
3405,3405,5,5,2026-04-07,962
3406,3406,1,1,2026-04-08,982
3407,3407,1,1,2026-04-08,1038
3408,3408,1,1,2026-04-08,935
3409,3409,2,2,2026-04-08,900
3410,3410,2,2,2026-04-08,961
3411,3411,2,2,2026-04-08,955
3412,3412,3,3,2026-04-08,840
3413,3413,3,3,2026-04-08,813
3414,3414,3,3,2026-04-08,860
3415,3415,4,4,2026-04-08,1085
3416,3416,4,4,2026-04-08,1003
3417,3417,4,4,2026-04-08,981
3418,3418,5,5,2026-04-08,958
3419,3419,5,5,2026-04-08,937
3420,3420,5,5,2026-04-08,919
3421,3421,1,1,2026-04-09,984
3422,3422,1,1,2026-04-09,930
3423,3423,1,1,2026-04-09,973
3424,3424,2,2,2026-04-09,839
3425,3425,2,2,2026-04-09,968
3426,3426,2,2,2026-04-09,869
3427,3427,3,3,2026-04-09,746
3428,3428,3,3,2026-04-09,853
3429,3429,3,3,2026-04-09,861
3430,3430,4,4,2026-04-09,992
3431,3431,4,4,2026-04-09,976
3432,3432,4,4,2026-04-09,966
3433,3433,5,5,2026-04-09,940
3434,3434,5,5,2026-04-09,928
3435,3435,5,5,2026-04-09,923
3436,3436,1,1,2026-04-10,915
3437,3437,1,1,2026-04-10,904
3438,3438,1,1,2026-04-10,953
3439,3439,2,2,2026-04-10,909
3440,3440,2,2,2026-04-10,871
3441,3441,2,2,2026-04-10,876
3442,3442,3,3,2026-04-10,809
3443,3443,3,3,2026-04-10,764
3444,3444,3,3,2026-04-10,842
3445,3445,4,4,2026-04-10,1001
3446,3446,4,4,2026-04-10,950
3447,3447,4,4,2026-04-10,999
3448,3448,5,5,2026-04-10,895
3449,3449,5,5,2026-04-10,962
3450,3450,5,5,2026-04-10,896
3451,3451,1,1,2026-04-11,945
3452,3452,1,1,2026-04-11,955
3453,3453,1,1,2026-04-11,1011
3454,3454,2,2,2026-04-11,868
3455,3455,2,2,2026-04-11,867
3456,3456,2,2,2026-04-11,841
3457,3457,3,3,2026-04-11,874
3458,3458,3,3,2026-04-11,801
3459,3459,3,3,2026-04-11,843
3460,3460,4,4,2026-04-11,957
3461,3461,4,4,2026-04-11,960
3462,3462,4,4,2026-04-11,978
3463,3463,5,5,2026-04-11,929
3464,3464,5,5,2026-04-11,957
3465,3465,5,5,2026-04-11,932
3466,3466,1,1,2026-04-12,935
3467,3467,1,1,2026-04-12,1025
3468,3468,1,1,2026-04-12,914
3469,3469,2,2,2026-04-12,869
3470,3470,2,2,2026-04-12,865
3471,3471,2,2,2026-04-12,928
3472,3472,3,3,2026-04-12,817
3473,3473,3,3,2026-04-12,793
3474,3474,3,3,2026-04-12,763
3475,3475,4,4,2026-04-12,985
3476,3476,4,4,2026-04-12,1014
3477,3477,4,4,2026-04-12,1043
3478,3478,5,5,2026-04-12,905
3479,3479,5,5,2026-04-12,923
3480,3480,5,5,2026-04-12,947
3481,3481,1,1,2026-04-13,934
3482,3482,1,1,2026-04-13,897
3483,3483,1,1,2026-04-13,943
3484,3484,2,2,2026-04-13,851
3485,3485,2,2,2026-04-13,938
3486,3486,2,2,2026-04-13,887
3487,3487,3,3,2026-04-13,797
3488,3488,3,3,2026-04-13,770
3489,3489,3,3,2026-04-13,799
3490,3490,4,4,2026-04-13,1031
3491,3491,4,4,2026-04-13,1023
3492,3492,4,4,2026-04-13,936
3493,3493,5,5,2026-04-13,821
3494,3494,5,5,2026-04-13,924
3495,3495,5,5,2026-04-13,918
3496,3496,1,1,2026-04-14,935
3497,3497,1,1,2026-04-14,927
3498,3498,1,1,2026-04-14,906
3499,3499,2,2,2026-04-14,991
3500,3500,2,2,2026-04-14,974
3501,3501,2,2,2026-04-14,884
3502,3502,3,3,2026-04-14,805
3503,3503,3,3,2026-04-14,839
3504,3504,3,3,2026-04-14,805
3505,3505,4,4,2026-04-14,960
3506,3506,4,4,2026-04-14,927
3507,3507,4,4,2026-04-14,980
3508,3508,5,5,2026-04-14,882
3509,3509,5,5,2026-04-14,977
3510,3510,5,5,2026-04-14,928
3511,3511,1,1,2026-04-15,970
3512,3512,1,1,2026-04-15,936
3513,3513,1,1,2026-04-15,983
3514,3514,2,2,2026-04-15,874
3515,3515,2,2,2026-04-15,911
3516,3516,2,2,2026-04-15,885
3517,3517,3,3,2026-04-15,791
3518,3518,3,3,2026-04-15,838
3519,3519,3,3,2026-04-15,769
3520,3520,4,4,2026-04-15,994
3521,3521,4,4,2026-04-15,1033
3522,3522,4,4,2026-04-15,1017
3523,3523,5,5,2026-04-15,905
3524,3524,5,5,2026-04-15,949
3525,3525,5,5,2026-04-15,862
3526,3526,1,1,2026-04-16,990
3527,3527,1,1,2026-04-16,1055
3528,3528,1,1,2026-04-16,962
3529,3529,2,2,2026-04-16,955
3530,3530,2,2,2026-04-16,846
3531,3531,2,2,2026-04-16,859
3532,3532,3,3,2026-04-16,786
3533,3533,3,3,2026-04-16,793
3534,3534,3,3,2026-04-16,812
3535,3535,4,4,2026-04-16,955
3536,3536,4,4,2026-04-16,985
3537,3537,4,4,2026-04-16,1018
3538,3538,5,5,2026-04-16,949
3539,3539,5,5,2026-04-16,915
3540,3540,5,5,2026-04-16,959
3541,3541,1,1,2026-04-17,933
3542,3542,1,1,2026-04-17,953
3543,3543,1,1,2026-04-17,986
3544,3544,2,2,2026-04-17,892
3545,3545,2,2,2026-04-17,851
3546,3546,2,2,2026-04-17,902
3547,3547,3,3,2026-04-17,836
3548,3548,3,3,2026-04-17,840
3549,3549,3,3,2026-04-17,758
3550,3550,4,4,2026-04-17,1007
3551,3551,4,4,2026-04-17,970
3552,3552,4,4,2026-04-17,1038
3553,3553,5,5,2026-04-17,882
3554,3554,5,5,2026-04-17,957
3555,3555,5,5,2026-04-17,916
3556,3556,1,1,2026-04-18,926
3557,3557,1,1,2026-04-18,988
3558,3558,1,1,2026-04-18,995
3559,3559,2,2,2026-04-18,822
3560,3560,2,2,2026-04-18,939
3561,3561,2,2,2026-04-18,897
3562,3562,3,3,2026-04-18,801
3563,3563,3,3,2026-04-18,750
3564,3564,3,3,2026-04-18,824
3565,3565,4,4,2026-04-18,1072
3566,3566,4,4,2026-04-18,958
3567,3567,4,4,2026-04-18,1029
3568,3568,5,5,2026-04-18,929
3569,3569,5,5,2026-04-18,910
3570,3570,5,5,2026-04-18,873
3571,3571,1,1,2026-04-19,1005
3572,3572,1,1,2026-04-19,954
3573,3573,1,1,2026-04-19,932
3574,3574,2,2,2026-04-19,888
3575,3575,2,2,2026-04-19,927
3576,3576,2,2,2026-04-19,882
3577,3577,3,3,2026-04-19,762
3578,3578,3,3,2026-04-19,795
3579,3579,3,3,2026-04-19,794
3580,3580,4,4,2026-04-19,973
3581,3581,4,4,2026-04-19,962
3582,3582,4,4,2026-04-19,1030
3583,3583,5,5,2026-04-19,1041
3584,3584,5,5,2026-04-19,888
3585,3585,5,5,2026-04-19,846
3586,3586,1,1,2026-04-20,940
3587,3587,1,1,2026-04-20,870
3588,3588,1,1,2026-04-20,890
3589,3589,2,2,2026-04-20,879
3590,3590,2,2,2026-04-20,927
3591,3591,2,2,2026-04-20,890
3592,3592,3,3,2026-04-20,707
3593,3593,3,3,2026-04-20,789
3594,3594,3,3,2026-04-20,792
3595,3595,4,4,2026-04-20,973
3596,3596,4,4,2026-04-20,1023
3597,3597,4,4,2026-04-20,1016
3598,3598,5,5,2026-04-20,932
3599,3599,5,5,2026-04-20,1012
3600,3600,5,5,2026-04-20,872
3601,3601,1,1,2026-04-21,929
3602,3602,1,1,2026-04-21,944
3603,3603,1,1,2026-04-21,949
3604,3604,2,2,2026-04-21,843
3605,3605,2,2,2026-04-21,822
3606,3606,2,2,2026-04-21,899
3607,3607,3,3,2026-04-21,736
3608,3608,3,3,2026-04-21,773
3609,3609,3,3,2026-04-21,804
3610,3610,4,4,2026-04-21,928
3611,3611,4,4,2026-04-21,993
3612,3612,4,4,2026-04-21,947
3613,3613,5,5,2026-04-21,915
3614,3614,5,5,2026-04-21,950
3615,3615,5,5,2026-04-21,926
3616,3616,1,1,2026-04-22,962
3617,3617,1,1,2026-04-22,967
3618,3618,1,1,2026-04-22,946
3619,3619,2,2,2026-04-22,914
3620,3620,2,2,2026-04-22,872
3621,3621,2,2,2026-04-22,919
3622,3622,3,3,2026-04-22,790
3623,3623,3,3,2026-04-22,852
3624,3624,3,3,2026-04-22,805
3625,3625,4,4,2026-04-22,957
3626,3626,4,4,2026-04-22,1000
3627,3627,4,4,2026-04-22,1034
3628,3628,5,5,2026-04-22,911
3629,3629,5,5,2026-04-22,904
3630,3630,5,5,2026-04-22,825
3631,3631,1,1,2026-04-23,955
3632,3632,1,1,2026-04-23,936
3633,3633,1,1,2026-04-23,970
3634,3634,2,2,2026-04-23,921
3635,3635,2,2,2026-04-23,844
3636,3636,2,2,2026-04-23,936
3637,3637,3,3,2026-04-23,769
3638,3638,3,3,2026-04-23,781
3639,3639,3,3,2026-04-23,709
3640,3640,4,4,2026-04-23,993
3641,3641,4,4,2026-04-23,936
3642,3642,4,4,2026-04-23,955
3643,3643,5,5,2026-04-23,882
3644,3644,5,5,2026-04-23,969
3645,3645,5,5,2026-04-23,914
3646,3646,1,1,2026-04-24,899
3647,3647,1,1,2026-04-24,901
3648,3648,1,1,2026-04-24,982
3649,3649,2,2,2026-04-24,866
3650,3650,2,2,2026-04-24,880
3651,3651,2,2,2026-04-24,901
3652,3652,3,3,2026-04-24,787
3653,3653,3,3,2026-04-24,726
3654,3654,3,3,2026-04-24,824
3655,3655,4,4,2026-04-24,970
3656,3656,4,4,2026-04-24,991
3657,3657,4,4,2026-04-24,1007
3658,3658,5,5,2026-04-24,848
3659,3659,5,5,2026-04-24,958
3660,3660,5,5,2026-04-24,1029
3661,3661,1,1,2026-04-25,966
3662,3662,1,1,2026-04-25,1002
3663,3663,1,1,2026-04-25,988
3664,3664,2,2,2026-04-25,926
3665,3665,2,2,2026-04-25,939
3666,3666,2,2,2026-04-25,947
3667,3667,3,3,2026-04-25,849
3668,3668,3,3,2026-04-25,751
3669,3669,3,3,2026-04-25,842
3670,3670,4,4,2026-04-25,969
3671,3671,4,4,2026-04-25,1030
3672,3672,4,4,2026-04-25,999
3673,3673,5,5,2026-04-25,881
3674,3674,5,5,2026-04-25,986
3675,3675,5,5,2026-04-25,899
3676,3676,1,1,2026-04-26,937
3677,3677,1,1,2026-04-26,1017
3678,3678,1,1,2026-04-26,955
3679,3679,2,2,2026-04-26,886
3680,3680,2,2,2026-04-26,897
3681,3681,2,2,2026-04-26,885
3682,3682,3,3,2026-04-26,832
3683,3683,3,3,2026-04-26,786
3684,3684,3,3,2026-04-26,798
3685,3685,4,4,2026-04-26,1003
3686,3686,4,4,2026-04-26,998
3687,3687,4,4,2026-04-26,952
3688,3688,5,5,2026-04-26,962
3689,3689,5,5,2026-04-26,909
3690,3690,5,5,2026-04-26,889
3691,3691,1,1,2026-04-27,879
3692,3692,1,1,2026-04-27,942
3693,3693,1,1,2026-04-27,886
3694,3694,2,2,2026-04-27,867
3695,3695,2,2,2026-04-27,899
3696,3696,2,2,2026-04-27,946
3697,3697,3,3,2026-04-27,788
3698,3698,3,3,2026-04-27,743
3699,3699,3,3,2026-04-27,795
3700,3700,4,4,2026-04-27,1024
3701,3701,4,4,2026-04-27,967
3702,3702,4,4,2026-04-27,1033
3703,3703,5,5,2026-04-27,929
3704,3704,5,5,2026-04-27,958
3705,3705,5,5,2026-04-27,938
3706,3706,1,1,2026-04-28,1001
3707,3707,1,1,2026-04-28,1035
3708,3708,1,1,2026-04-28,931
3709,3709,2,2,2026-04-28,906
3710,3710,2,2,2026-04-28,946
3711,3711,2,2,2026-04-28,910
3712,3712,3,3,2026-04-28,728
3713,3713,3,3,2026-04-28,788
3714,3714,3,3,2026-04-28,809
3715,3715,4,4,2026-04-28,1043
3716,3716,4,4,2026-04-28,984
3717,3717,4,4,2026-04-28,944
3718,3718,5,5,2026-04-28,940
3719,3719,5,5,2026-04-28,988
3720,3720,5,5,2026-04-28,905
3721,3721,1,1,2026-04-29,929
3722,3722,1,1,2026-04-29,925
3723,3723,1,1,2026-04-29,898
3724,3724,2,2,2026-04-29,902
3725,3725,2,2,2026-04-29,897
3726,3726,2,2,2026-04-29,831
3727,3727,3,3,2026-04-29,767
3728,3728,3,3,2026-04-29,807
3729,3729,3,3,2026-04-29,827
3730,3730,4,4,2026-04-29,1018
3731,3731,4,4,2026-04-29,1010
3732,3732,4,4,2026-04-29,979
3733,3733,5,5,2026-04-29,872
3734,3734,5,5,2026-04-29,920
3735,3735,5,5,2026-04-29,834
3736,3736,1,1,2026-04-30,957
3737,3737,1,1,2026-04-30,923
3738,3738,1,1,2026-04-30,868
3739,3739,2,2,2026-04-30,914
3740,3740,2,2,2026-04-30,958
3741,3741,2,2,2026-04-30,837
3742,3742,3,3,2026-04-30,818
3743,3743,3,3,2026-04-30,784
3744,3744,3,3,2026-04-30,769
3745,3745,4,4,2026-04-30,949
3746,3746,4,4,2026-04-30,964
3747,3747,4,4,2026-04-30,964
3748,3748,5,5,2026-04-30,928
3749,3749,5,5,2026-04-30,895
3750,3750,5,5,2026-04-30,903
3751,3751,1,1,2026-05-01,972
3752,3752,1,1,2026-05-01,912
3753,3753,1,1,2026-05-01,960
3754,3754,2,2,2026-05-01,886
3755,3755,2,2,2026-05-01,878
3756,3756,2,2,2026-05-01,972
3757,3757,3,3,2026-05-01,749
3758,3758,3,3,2026-05-01,861
3759,3759,3,3,2026-05-01,833
3760,3760,4,4,2026-05-01,954
3761,3761,4,4,2026-05-01,1014
3762,3762,4,4,2026-05-01,871
3763,3763,5,5,2026-05-01,901
3764,3764,5,5,2026-05-01,893
3765,3765,5,5,2026-05-01,945
3766,3766,1,1,2026-05-02,978
3767,3767,1,1,2026-05-02,964
3768,3768,1,1,2026-05-02,954
3769,3769,2,2,2026-05-02,937
3770,3770,2,2,2026-05-02,931
3771,3771,2,2,2026-05-02,873
3772,3772,3,3,2026-05-02,778
3773,3773,3,3,2026-05-02,828
3774,3774,3,3,2026-05-02,797
3775,3775,4,4,2026-05-02,980
3776,3776,4,4,2026-05-02,985
3777,3777,4,4,2026-05-02,909
3778,3778,5,5,2026-05-02,902
3779,3779,5,5,2026-05-02,948
3780,3780,5,5,2026-05-02,901
3781,3781,1,1,2026-05-03,940
3782,3782,1,1,2026-05-03,968
3783,3783,1,1,2026-05-03,989
3784,3784,2,2,2026-05-03,945
3785,3785,2,2,2026-05-03,947
3786,3786,2,2,2026-05-03,894
3787,3787,3,3,2026-05-03,790
3788,3788,3,3,2026-05-03,753
3789,3789,3,3,2026-05-03,858
3790,3790,4,4,2026-05-03,968
3791,3791,4,4,2026-05-03,1037
3792,3792,4,4,2026-05-03,991
3793,3793,5,5,2026-05-03,971
3794,3794,5,5,2026-05-03,926
3795,3795,5,5,2026-05-03,952
3796,3796,1,1,2026-05-04,993
3797,3797,1,1,2026-05-04,930
3798,3798,1,1,2026-05-04,997
3799,3799,2,2,2026-05-04,858
3800,3800,2,2,2026-05-04,971
3801,3801,2,2,2026-05-04,905
3802,3802,3,3,2026-05-04,772
3803,3803,3,3,2026-05-04,832
3804,3804,3,3,2026-05-04,813
3805,3805,4,4,2026-05-04,911
3806,3806,4,4,2026-05-04,964
3807,3807,4,4,2026-05-04,939
3808,3808,5,5,2026-05-04,893
3809,3809,5,5,2026-05-04,891
3810,3810,5,5,2026-05-04,950
3811,3811,1,1,2026-05-05,985
3812,3812,1,1,2026-05-05,919
3813,3813,1,1,2026-05-05,872
3814,3814,2,2,2026-05-05,804
3815,3815,2,2,2026-05-05,982
3816,3816,2,2,2026-05-05,906
3817,3817,3,3,2026-05-05,832
3818,3818,3,3,2026-05-05,792
3819,3819,3,3,2026-05-05,715
3820,3820,4,4,2026-05-05,996
3821,3821,4,4,2026-05-05,1046
3822,3822,4,4,2026-05-05,954
3823,3823,5,5,2026-05-05,841
3824,3824,5,5,2026-05-05,883
3825,3825,5,5,2026-05-05,964
3826,3826,1,1,2026-05-06,962
3827,3827,1,1,2026-05-06,998
3828,3828,1,1,2026-05-06,950
3829,3829,2,2,2026-05-06,927
3830,3830,2,2,2026-05-06,883
3831,3831,2,2,2026-05-06,856
3832,3832,3,3,2026-05-06,827
3833,3833,3,3,2026-05-06,835
3834,3834,3,3,2026-05-06,775
3835,3835,4,4,2026-05-06,1041
3836,3836,4,4,2026-05-06,1042
3837,3837,4,4,2026-05-06,942
3838,3838,5,5,2026-05-06,893
3839,3839,5,5,2026-05-06,895
3840,3840,5,5,2026-05-06,924
3841,3841,1,1,2026-05-07,934
3842,3842,1,1,2026-05-07,897
3843,3843,1,1,2026-05-07,916
3844,3844,2,2,2026-05-07,815
3845,3845,2,2,2026-05-07,821
3846,3846,2,2,2026-05-07,840
3847,3847,3,3,2026-05-07,879
3848,3848,3,3,2026-05-07,873
3849,3849,3,3,2026-05-07,829
3850,3850,4,4,2026-05-07,956
3851,3851,4,4,2026-05-07,920
3852,3852,4,4,2026-05-07,979
3853,3853,5,5,2026-05-07,947
3854,3854,5,5,2026-05-07,899
3855,3855,5,5,2026-05-07,945
3856,3856,1,1,2026-05-08,902
3857,3857,1,1,2026-05-08,926
3858,3858,1,1,2026-05-08,939
3859,3859,2,2,2026-05-08,974
3860,3860,2,2,2026-05-08,865
3861,3861,2,2,2026-05-08,997
3862,3862,3,3,2026-05-08,817
3863,3863,3,3,2026-05-08,901
3864,3864,3,3,2026-05-08,760
3865,3865,4,4,2026-05-08,935
3866,3866,4,4,2026-05-08,949
3867,3867,4,4,2026-05-08,980
3868,3868,5,5,2026-05-08,997
3869,3869,5,5,2026-05-08,905
3870,3870,5,5,2026-05-08,965
3871,3871,1,1,2026-05-09,1027
3872,3872,1,1,2026-05-09,960
3873,3873,1,1,2026-05-09,993
3874,3874,2,2,2026-05-09,867
3875,3875,2,2,2026-05-09,916
3876,3876,2,2,2026-05-09,926
3877,3877,3,3,2026-05-09,746
3878,3878,3,3,2026-05-09,764
3879,3879,3,3,2026-05-09,787
3880,3880,4,4,2026-05-09,914
3881,3881,4,4,2026-05-09,950
3882,3882,4,4,2026-05-09,972
3883,3883,5,5,2026-05-09,870
3884,3884,5,5,2026-05-09,1002
3885,3885,5,5,2026-05-09,970
3886,3886,1,1,2026-05-10,1091
3887,3887,1,1,2026-05-10,900
3888,3888,1,1,2026-05-10,967
3889,3889,2,2,2026-05-10,871
3890,3890,2,2,2026-05-10,854
3891,3891,2,2,2026-05-10,937
3892,3892,3,3,2026-05-10,802
3893,3893,3,3,2026-05-10,785
3894,3894,3,3,2026-05-10,811
3895,3895,4,4,2026-05-10,945
3896,3896,4,4,2026-05-10,944
3897,3897,4,4,2026-05-10,952
3898,3898,5,5,2026-05-10,976
3899,3899,5,5,2026-05-10,972
3900,3900,5,5,2026-05-10,878
3901,3901,1,1,2026-05-11,1020
3902,3902,1,1,2026-05-11,948
3903,3903,1,1,2026-05-11,967
3904,3904,2,2,2026-05-11,871
3905,3905,2,2,2026-05-11,900
3906,3906,2,2,2026-05-11,854
3907,3907,3,3,2026-05-11,768
3908,3908,3,3,2026-05-11,834
3909,3909,3,3,2026-05-11,835
3910,3910,4,4,2026-05-11,999
3911,3911,4,4,2026-05-11,962
3912,3912,4,4,2026-05-11,927
3913,3913,5,5,2026-05-11,981
3914,3914,5,5,2026-05-11,968
3915,3915,5,5,2026-05-11,856
3916,3916,1,1,2026-05-12,985
3917,3917,1,1,2026-05-12,935
3918,3918,1,1,2026-05-12,978
3919,3919,2,2,2026-05-12,841
3920,3920,2,2,2026-05-12,873
3921,3921,2,2,2026-05-12,903
3922,3922,3,3,2026-05-12,872
3923,3923,3,3,2026-05-12,906
3924,3924,3,3,2026-05-12,803
3925,3925,4,4,2026-05-12,1024
3926,3926,4,4,2026-05-12,989
3927,3927,4,4,2026-05-12,987
3928,3928,5,5,2026-05-12,951
3929,3929,5,5,2026-05-12,927
3930,3930,5,5,2026-05-12,963
3931,3931,1,1,2026-05-13,907
3932,3932,1,1,2026-05-13,947
3933,3933,1,1,2026-05-13,1026
3934,3934,2,2,2026-05-13,946
3935,3935,2,2,2026-05-13,912
3936,3936,2,2,2026-05-13,940
3937,3937,3,3,2026-05-13,862
3938,3938,3,3,2026-05-13,721
3939,3939,3,3,2026-05-13,788
3940,3940,4,4,2026-05-13,953
3941,3941,4,4,2026-05-13,923
3942,3942,4,4,2026-05-13,1063
3943,3943,5,5,2026-05-13,953
3944,3944,5,5,2026-05-13,968
3945,3945,5,5,2026-05-13,904
3946,3946,1,1,2026-05-14,938
3947,3947,1,1,2026-05-14,949
3948,3948,1,1,2026-05-14,965
3949,3949,2,2,2026-05-14,931
3950,3950,2,2,2026-05-14,828
3951,3951,2,2,2026-05-14,928
3952,3952,3,3,2026-05-14,790
3953,3953,3,3,2026-05-14,864
3954,3954,3,3,2026-05-14,854
3955,3955,4,4,2026-05-14,991
3956,3956,4,4,2026-05-14,981
3957,3957,4,4,2026-05-14,967
3958,3958,5,5,2026-05-14,946
3959,3959,5,5,2026-05-14,981
3960,3960,5,5,2026-05-14,932
3961,3961,1,1,2026-05-15,927
3962,3962,1,1,2026-05-15,951
3963,3963,1,1,2026-05-15,962
3964,3964,2,2,2026-05-15,854
3965,3965,2,2,2026-05-15,845
3966,3966,2,2,2026-05-15,878
3967,3967,3,3,2026-05-15,864
3968,3968,3,3,2026-05-15,848
3969,3969,3,3,2026-05-15,737
3970,3970,4,4,2026-05-15,942
3971,3971,4,4,2026-05-15,1010
3972,3972,4,4,2026-05-15,963
3973,3973,5,5,2026-05-15,948
3974,3974,5,5,2026-05-15,869
3975,3975,5,5,2026-05-15,930
3976,3976,1,1,2026-05-16,946
3977,3977,1,1,2026-05-16,988
3978,3978,1,1,2026-05-16,965
3979,3979,2,2,2026-05-16,905
3980,3980,2,2,2026-05-16,830
3981,3981,2,2,2026-05-16,978
3982,3982,3,3,2026-05-16,827
3983,3983,3,3,2026-05-16,771
3984,3984,3,3,2026-05-16,804
3985,3985,4,4,2026-05-16,964
3986,3986,4,4,2026-05-16,971
3987,3987,4,4,2026-05-16,1028
3988,3988,5,5,2026-05-16,892
3989,3989,5,5,2026-05-16,959
3990,3990,5,5,2026-05-16,980
3991,3991,1,1,2026-05-17,972
3992,3992,1,1,2026-05-17,943
3993,3993,1,1,2026-05-17,918
3994,3994,2,2,2026-05-17,873
3995,3995,2,2,2026-05-17,905
3996,3996,2,2,2026-05-17,824
3997,3997,3,3,2026-05-17,802
3998,3998,3,3,2026-05-17,834
3999,3999,3,3,2026-05-17,741
4000,4000,4,4,2026-05-17,1027
4001,4001,4,4,2026-05-17,1088
4002,4002,4,4,2026-05-17,977
4003,4003,5,5,2026-05-17,921
4004,4004,5,5,2026-05-17,924
4005,4005,5,5,2026-05-17,934
4006,4006,1,1,2026-05-18,938
4007,4007,1,1,2026-05-18,872
4008,4008,1,1,2026-05-18,944
4009,4009,2,2,2026-05-18,860
4010,4010,2,2,2026-05-18,906
4011,4011,2,2,2026-05-18,952
4012,4012,3,3,2026-05-18,762
4013,4013,3,3,2026-05-18,870
4014,4014,3,3,2026-05-18,785
4015,4015,4,4,2026-05-18,946
4016,4016,4,4,2026-05-18,1007
4017,4017,4,4,2026-05-18,960
4018,4018,5,5,2026-05-18,928
4019,4019,5,5,2026-05-18,930
4020,4020,5,5,2026-05-18,954
4021,4021,1,1,2026-05-19,947
4022,4022,1,1,2026-05-19,942
4023,4023,1,1,2026-05-19,934
4024,4024,2,2,2026-05-19,920
4025,4025,2,2,2026-05-19,878
4026,4026,2,2,2026-05-19,954
4027,4027,3,3,2026-05-19,801
4028,4028,3,3,2026-05-19,732
4029,4029,3,3,2026-05-19,812
4030,4030,4,4,2026-05-19,999
4031,4031,4,4,2026-05-19,1034
4032,4032,4,4,2026-05-19,950
4033,4033,5,5,2026-05-19,894
4034,4034,5,5,2026-05-19,956
4035,4035,5,5,2026-05-19,976
4036,4036,1,1,2026-05-20,918
4037,4037,1,1,2026-05-20,960
4038,4038,1,1,2026-05-20,947
4039,4039,2,2,2026-05-20,870
4040,4040,2,2,2026-05-20,895
4041,4041,2,2,2026-05-20,943
4042,4042,3,3,2026-05-20,801
4043,4043,3,3,2026-05-20,793
4044,4044,3,3,2026-05-20,824
4045,4045,4,4,2026-05-20,1027
4046,4046,4,4,2026-05-20,941
4047,4047,4,4,2026-05-20,992
4048,4048,5,5,2026-05-20,915
4049,4049,5,5,2026-05-20,931
4050,4050,5,5,2026-05-20,957
4051,4051,1,1,2026-05-21,938
4052,4052,1,1,2026-05-21,868
4053,4053,1,1,2026-05-21,946
4054,4054,2,2,2026-05-21,939
4055,4055,2,2,2026-05-21,918
4056,4056,2,2,2026-05-21,895
4057,4057,3,3,2026-05-21,805
4058,4058,3,3,2026-05-21,802
4059,4059,3,3,2026-05-21,730
4060,4060,4,4,2026-05-21,986
4061,4061,4,4,2026-05-21,929
4062,4062,4,4,2026-05-21,1026
4063,4063,5,5,2026-05-21,878
4064,4064,5,5,2026-05-21,913
4065,4065,5,5,2026-05-21,906
4066,4066,1,1,2026-05-22,1012
4067,4067,1,1,2026-05-22,994
4068,4068,1,1,2026-05-22,859
4069,4069,2,2,2026-05-22,899
4070,4070,2,2,2026-05-22,855
4071,4071,2,2,2026-05-22,906
4072,4072,3,3,2026-05-22,826
4073,4073,3,3,2026-05-22,809
4074,4074,3,3,2026-05-22,829
4075,4075,4,4,2026-05-22,969
4076,4076,4,4,2026-05-22,991
4077,4077,4,4,2026-05-22,1007
4078,4078,5,5,2026-05-22,912
4079,4079,5,5,2026-05-22,895
4080,4080,5,5,2026-05-22,904
4081,4081,1,1,2026-05-23,945
4082,4082,1,1,2026-05-23,950
4083,4083,1,1,2026-05-23,963
4084,4084,2,2,2026-05-23,870
4085,4085,2,2,2026-05-23,928
4086,4086,2,2,2026-05-23,972
4087,4087,3,3,2026-05-23,776
4088,4088,3,3,2026-05-23,898
4089,4089,3,3,2026-05-23,879
4090,4090,4,4,2026-05-23,980
4091,4091,4,4,2026-05-23,974
4092,4092,4,4,2026-05-23,953
4093,4093,5,5,2026-05-23,964
4094,4094,5,5,2026-05-23,933
4095,4095,5,5,2026-05-23,937
4096,4096,1,1,2026-05-24,916
4097,4097,1,1,2026-05-24,986
4098,4098,1,1,2026-05-24,940
4099,4099,2,2,2026-05-24,857
4100,4100,2,2,2026-05-24,897
4101,4101,2,2,2026-05-24,869
4102,4102,3,3,2026-05-24,854
4103,4103,3,3,2026-05-24,878
4104,4104,3,3,2026-05-24,798
4105,4105,4,4,2026-05-24,1023
4106,4106,4,4,2026-05-24,1021
4107,4107,4,4,2026-05-24,861
4108,4108,5,5,2026-05-24,904
4109,4109,5,5,2026-05-24,934
4110,4110,5,5,2026-05-24,913
4111,4111,1,1,2026-05-25,921
4112,4112,1,1,2026-05-25,994
4113,4113,1,1,2026-05-25,931
4114,4114,2,2,2026-05-25,913
4115,4115,2,2,2026-05-25,940
4116,4116,2,2,2026-05-25,957
4117,4117,3,3,2026-05-25,757
4118,4118,3,3,2026-05-25,761
4119,4119,3,3,2026-05-25,808
4120,4120,4,4,2026-05-25,902
4121,4121,4,4,2026-05-25,942
4122,4122,4,4,2026-05-25,1029
4123,4123,5,5,2026-05-25,955
4124,4124,5,5,2026-05-25,925
4125,4125,5,5,2026-05-25,948
4126,4126,1,1,2026-05-26,978
4127,4127,1,1,2026-05-26,894
4128,4128,1,1,2026-05-26,931
4129,4129,2,2,2026-05-26,994
4130,4130,2,2,2026-05-26,955
4131,4131,2,2,2026-05-26,909
4132,4132,3,3,2026-05-26,812
4133,4133,3,3,2026-05-26,798
4134,4134,3,3,2026-05-26,730
4135,4135,4,4,2026-05-26,956
4136,4136,4,4,2026-05-26,996
4137,4137,4,4,2026-05-26,961
4138,4138,5,5,2026-05-26,889
4139,4139,5,5,2026-05-26,893
4140,4140,5,5,2026-05-26,986
4141,4141,1,1,2026-05-27,929
4142,4142,1,1,2026-05-27,997
4143,4143,1,1,2026-05-27,962
4144,4144,2,2,2026-05-27,890
4145,4145,2,2,2026-05-27,869
4146,4146,2,2,2026-05-27,926
4147,4147,3,3,2026-05-27,841
4148,4148,3,3,2026-05-27,830
4149,4149,3,3,2026-05-27,748
4150,4150,4,4,2026-05-27,959
4151,4151,4,4,2026-05-27,964
4152,4152,4,4,2026-05-27,903
4153,4153,5,5,2026-05-27,948
4154,4154,5,5,2026-05-27,954
4155,4155,5,5,2026-05-27,952
4156,4156,1,1,2026-05-28,965
4157,4157,1,1,2026-05-28,937
4158,4158,1,1,2026-05-28,918
4159,4159,2,2,2026-05-28,887
4160,4160,2,2,2026-05-28,912
4161,4161,2,2,2026-05-28,951
4162,4162,3,3,2026-05-28,803
4163,4163,3,3,2026-05-28,801
4164,4164,3,3,2026-05-28,726
4165,4165,4,4,2026-05-28,995
4166,4166,4,4,2026-05-28,1034
4167,4167,4,4,2026-05-28,975
4168,4168,5,5,2026-05-28,922
4169,4169,5,5,2026-05-28,914
4170,4170,5,5,2026-05-28,957
4171,4171,1,1,2026-05-29,874
4172,4172,1,1,2026-05-29,997
4173,4173,1,1,2026-05-29,940
4174,4174,2,2,2026-05-29,916
4175,4175,2,2,2026-05-29,931
4176,4176,2,2,2026-05-29,863
4177,4177,3,3,2026-05-29,799
4178,4178,3,3,2026-05-29,790
4179,4179,3,3,2026-05-29,754
4180,4180,4,4,2026-05-29,1021
4181,4181,4,4,2026-05-29,966
4182,4182,4,4,2026-05-29,933
4183,4183,5,5,2026-05-29,931
4184,4184,5,5,2026-05-29,873
4185,4185,5,5,2026-05-29,911
4186,4186,1,1,2026-05-30,961
4187,4187,1,1,2026-05-30,889
4188,4188,1,1,2026-05-30,975
4189,4189,2,2,2026-05-30,903
4190,4190,2,2,2026-05-30,931
4191,4191,2,2,2026-05-30,931
4192,4192,3,3,2026-05-30,780
4193,4193,3,3,2026-05-30,781
4194,4194,3,3,2026-05-30,819
4195,4195,4,4,2026-05-30,937
4196,4196,4,4,2026-05-30,937
4197,4197,4,4,2026-05-30,955
4198,4198,5,5,2026-05-30,876
4199,4199,5,5,2026-05-30,882
4200,4200,5,5,2026-05-30,883
4201,4201,1,1,2026-05-31,937
4202,4202,1,1,2026-05-31,935
4203,4203,1,1,2026-05-31,987
4204,4204,2,2,2026-05-31,887
4205,4205,2,2,2026-05-31,896
4206,4206,2,2,2026-05-31,969
4207,4207,3,3,2026-05-31,710
4208,4208,3,3,2026-05-31,807
4209,4209,3,3,2026-05-31,790
4210,4210,4,4,2026-05-31,991
4211,4211,4,4,2026-05-31,957
4212,4212,4,4,2026-05-31,967
4213,4213,5,5,2026-05-31,979
4214,4214,5,5,2026-05-31,948
4215,4215,5,5,2026-05-31,919
4216,4216,1,1,2026-06-01,919
4217,4217,1,1,2026-06-01,907
4218,4218,1,1,2026-06-01,929
4219,4219,2,2,2026-06-01,789
4220,4220,2,2,2026-06-01,892
4221,4221,2,2,2026-06-01,969
4222,4222,3,3,2026-06-01,804
4223,4223,3,3,2026-06-01,773
4224,4224,3,3,2026-06-01,710
4225,4225,4,4,2026-06-01,947
4226,4226,4,4,2026-06-01,960
4227,4227,4,4,2026-06-01,988
4228,4228,5,5,2026-06-01,911
4229,4229,5,5,2026-06-01,1001
4230,4230,5,5,2026-06-01,920
4231,4231,1,1,2026-06-02,989
4232,4232,1,1,2026-06-02,886
4233,4233,1,1,2026-06-02,947
4234,4234,2,2,2026-06-02,868
4235,4235,2,2,2026-06-02,940
4236,4236,2,2,2026-06-02,883
4237,4237,3,3,2026-06-02,850
4238,4238,3,3,2026-06-02,824
4239,4239,3,3,2026-06-02,778
4240,4240,4,4,2026-06-02,936
4241,4241,4,4,2026-06-02,950
4242,4242,4,4,2026-06-02,967
4243,4243,5,5,2026-06-02,954
4244,4244,5,5,2026-06-02,928
4245,4245,5,5,2026-06-02,961
4246,4246,1,1,2026-06-03,1003
4247,4247,1,1,2026-06-03,950
4248,4248,1,1,2026-06-03,910
4249,4249,2,2,2026-06-03,913
4250,4250,2,2,2026-06-03,976
4251,4251,2,2,2026-06-03,934
4252,4252,3,3,2026-06-03,810
4253,4253,3,3,2026-06-03,765
4254,4254,3,3,2026-06-03,791
4255,4255,4,4,2026-06-03,918
4256,4256,4,4,2026-06-03,934
4257,4257,4,4,2026-06-03,994
4258,4258,5,5,2026-06-03,861
4259,4259,5,5,2026-06-03,915
4260,4260,5,5,2026-06-03,881
4261,4261,1,1,2026-06-04,906
4262,4262,1,1,2026-06-04,951
4263,4263,1,1,2026-06-04,920
4264,4264,2,2,2026-06-04,844
4265,4265,2,2,2026-06-04,877
4266,4266,2,2,2026-06-04,842
4267,4267,3,3,2026-06-04,847
4268,4268,3,3,2026-06-04,826
4269,4269,3,3,2026-06-04,826
4270,4270,4,4,2026-06-04,947
4271,4271,4,4,2026-06-04,995
4272,4272,4,4,2026-06-04,986
4273,4273,5,5,2026-06-04,899
4274,4274,5,5,2026-06-04,925
4275,4275,5,5,2026-06-04,867
4276,4276,1,1,2026-06-05,907
4277,4277,1,1,2026-06-05,944
4278,4278,1,1,2026-06-05,929
4279,4279,2,2,2026-06-05,912
4280,4280,2,2,2026-06-05,870
4281,4281,2,2,2026-06-05,884
4282,4282,3,3,2026-06-05,798
4283,4283,3,3,2026-06-05,767
4284,4284,3,3,2026-06-05,784
4285,4285,4,4,2026-06-05,986
4286,4286,4,4,2026-06-05,1039
4287,4287,4,4,2026-06-05,947
4288,4288,5,5,2026-06-05,909
4289,4289,5,5,2026-06-05,1038
4290,4290,5,5,2026-06-05,963
4291,4291,1,1,2026-06-06,994
4292,4292,1,1,2026-06-06,969
4293,4293,1,1,2026-06-06,992
4294,4294,2,2,2026-06-06,865
4295,4295,2,2,2026-06-06,938
4296,4296,2,2,2026-06-06,928
4297,4297,3,3,2026-06-06,756
4298,4298,3,3,2026-06-06,785
4299,4299,3,3,2026-06-06,717
4300,4300,4,4,2026-06-06,983
4301,4301,4,4,2026-06-06,1017
4302,4302,4,4,2026-06-06,957
4303,4303,5,5,2026-06-06,890
4304,4304,5,5,2026-06-06,887
4305,4305,5,5,2026-06-06,927
4306,4306,1,1,2026-06-07,969
4307,4307,1,1,2026-06-07,1010
4308,4308,1,1,2026-06-07,864
4309,4309,2,2,2026-06-07,954
4310,4310,2,2,2026-06-07,905
4311,4311,2,2,2026-06-07,935
4312,4312,3,3,2026-06-07,825
4313,4313,3,3,2026-06-07,799
4314,4314,3,3,2026-06-07,798
4315,4315,4,4,2026-06-07,993
4316,4316,4,4,2026-06-07,968
4317,4317,4,4,2026-06-07,971
4318,4318,5,5,2026-06-07,785
4319,4319,5,5,2026-06-07,951
4320,4320,5,5,2026-06-07,897
4321,4321,1,1,2026-06-08,989
4322,4322,1,1,2026-06-08,986
4323,4323,1,1,2026-06-08,930
4324,4324,2,2,2026-06-08,921
4325,4325,2,2,2026-06-08,916
4326,4326,2,2,2026-06-08,876
4327,4327,3,3,2026-06-08,824
4328,4328,3,3,2026-06-08,858
4329,4329,3,3,2026-06-08,841
4330,4330,4,4,2026-06-08,923
4331,4331,4,4,2026-06-08,997
4332,4332,4,4,2026-06-08,1014
4333,4333,5,5,2026-06-08,903
4334,4334,5,5,2026-06-08,969
4335,4335,5,5,2026-06-08,899
4336,4336,1,1,2026-06-09,938
4337,4337,1,1,2026-06-09,920
4338,4338,1,1,2026-06-09,914
4339,4339,2,2,2026-06-09,913
4340,4340,2,2,2026-06-09,846
4341,4341,2,2,2026-06-09,890
4342,4342,3,3,2026-06-09,813
4343,4343,3,3,2026-06-09,771
4344,4344,3,3,2026-06-09,847
4345,4345,4,4,2026-06-09,973
4346,4346,4,4,2026-06-09,1037
4347,4347,4,4,2026-06-09,1045
4348,4348,5,5,2026-06-09,872
4349,4349,5,5,2026-06-09,944
4350,4350,5,5,2026-06-09,936
4351,4351,1,1,2026-06-10,933
4352,4352,1,1,2026-06-10,950
4353,4353,1,1,2026-06-10,1058
4354,4354,2,2,2026-06-10,920
4355,4355,2,2,2026-06-10,928
4356,4356,2,2,2026-06-10,894
4357,4357,3,3,2026-06-10,815
4358,4358,3,3,2026-06-10,767
4359,4359,3,3,2026-06-10,829
4360,4360,4,4,2026-06-10,1035
4361,4361,4,4,2026-06-10,1012
4362,4362,4,4,2026-06-10,951
4363,4363,5,5,2026-06-10,891
4364,4364,5,5,2026-06-10,1022
4365,4365,5,5,2026-06-10,982
4366,4366,1,1,2026-06-11,978
4367,4367,1,1,2026-06-11,1008
4368,4368,1,1,2026-06-11,948
4369,4369,2,2,2026-06-11,927
4370,4370,2,2,2026-06-11,946
4371,4371,2,2,2026-06-11,888
4372,4372,3,3,2026-06-11,817
4373,4373,3,3,2026-06-11,841
4374,4374,3,3,2026-06-11,759
4375,4375,4,4,2026-06-11,964
4376,4376,4,4,2026-06-11,1020
4377,4377,4,4,2026-06-11,987
4378,4378,5,5,2026-06-11,932
4379,4379,5,5,2026-06-11,927
4380,4380,5,5,2026-06-11,975
4381,4381,1,1,2026-06-12,912
4382,4382,1,1,2026-06-12,931
4383,4383,1,1,2026-06-12,896
4384,4384,2,2,2026-06-12,887
4385,4385,2,2,2026-06-12,905
4386,4386,2,2,2026-06-12,826
4387,4387,3,3,2026-06-12,768
4388,4388,3,3,2026-06-12,807
4389,4389,3,3,2026-06-12,817
4390,4390,4,4,2026-06-12,1048
4391,4391,4,4,2026-06-12,1003
4392,4392,4,4,2026-06-12,972
4393,4393,5,5,2026-06-12,934
4394,4394,5,5,2026-06-12,936
4395,4395,5,5,2026-06-12,912
4396,4396,1,1,2026-06-13,959
4397,4397,1,1,2026-06-13,930
4398,4398,1,1,2026-06-13,961
4399,4399,2,2,2026-06-13,897
4400,4400,2,2,2026-06-13,891
4401,4401,2,2,2026-06-13,892
4402,4402,3,3,2026-06-13,829
4403,4403,3,3,2026-06-13,825
4404,4404,3,3,2026-06-13,789
4405,4405,4,4,2026-06-13,1008
4406,4406,4,4,2026-06-13,976
4407,4407,4,4,2026-06-13,977
4408,4408,5,5,2026-06-13,912
4409,4409,5,5,2026-06-13,993
4410,4410,5,5,2026-06-13,988
4411,4411,1,1,2026-06-14,923
4412,4412,1,1,2026-06-14,936
4413,4413,1,1,2026-06-14,964
4414,4414,2,2,2026-06-14,921
4415,4415,2,2,2026-06-14,859
4416,4416,2,2,2026-06-14,865
4417,4417,3,3,2026-06-14,685
4418,4418,3,3,2026-06-14,821
4419,4419,3,3,2026-06-14,743
4420,4420,4,4,2026-06-14,954
4421,4421,4,4,2026-06-14,1014
4422,4422,4,4,2026-06-14,1012
4423,4423,5,5,2026-06-14,991
4424,4424,5,5,2026-06-14,1006
4425,4425,5,5,2026-06-14,1042
4426,4426,1,1,2026-06-15,935
4427,4427,1,1,2026-06-15,926
4428,4428,1,1,2026-06-15,965
4429,4429,2,2,2026-06-15,847
4430,4430,2,2,2026-06-15,890
4431,4431,2,2,2026-06-15,905
4432,4432,3,3,2026-06-15,819
4433,4433,3,3,2026-06-15,823
4434,4434,3,3,2026-06-15,789
4435,4435,4,4,2026-06-15,932
4436,4436,4,4,2026-06-15,939
4437,4437,4,4,2026-06-15,902
4438,4438,5,5,2026-06-15,908
4439,4439,5,5,2026-06-15,876
4440,4440,5,5,2026-06-15,910
4441,4441,1,1,2026-06-16,965
4442,4442,1,1,2026-06-16,903
4443,4443,1,1,2026-06-16,953
4444,4444,2,2,2026-06-16,888
4445,4445,2,2,2026-06-16,913
4446,4446,2,2,2026-06-16,922
4447,4447,3,3,2026-06-16,786
4448,4448,3,3,2026-06-16,800
4449,4449,3,3,2026-06-16,789
4450,4450,4,4,2026-06-16,961
4451,4451,4,4,2026-06-16,952
4452,4452,4,4,2026-06-16,998
4453,4453,5,5,2026-06-16,982
4454,4454,5,5,2026-06-16,976
4455,4455,5,5,2026-06-16,879
4456,4456,1,1,2026-06-17,1001
4457,4457,1,1,2026-06-17,913
4458,4458,1,1,2026-06-17,955
4459,4459,2,2,2026-06-17,912
4460,4460,2,2,2026-06-17,840
4461,4461,2,2,2026-06-17,893
4462,4462,3,3,2026-06-17,854
4463,4463,3,3,2026-06-17,711
4464,4464,3,3,2026-06-17,896
4465,4465,4,4,2026-06-17,901
4466,4466,4,4,2026-06-17,991
4467,4467,4,4,2026-06-17,922
4468,4468,5,5,2026-06-17,947
4469,4469,5,5,2026-06-17,974
4470,4470,5,5,2026-06-17,962
4471,4471,1,1,2026-06-18,893
4472,4472,1,1,2026-06-18,989
4473,4473,1,1,2026-06-18,939
4474,4474,2,2,2026-06-18,844
4475,4475,2,2,2026-06-18,954
4476,4476,2,2,2026-06-18,983
4477,4477,3,3,2026-06-18,803
4478,4478,3,3,2026-06-18,784
4479,4479,3,3,2026-06-18,768
4480,4480,4,4,2026-06-18,1009
4481,4481,4,4,2026-06-18,1021
4482,4482,4,4,2026-06-18,964
4483,4483,5,5,2026-06-18,993
4484,4484,5,5,2026-06-18,955
4485,4485,5,5,2026-06-18,933
4486,4486,1,1,2026-06-19,962
4487,4487,1,1,2026-06-19,910
4488,4488,1,1,2026-06-19,978
4489,4489,2,2,2026-06-19,862
4490,4490,2,2,2026-06-19,879
4491,4491,2,2,2026-06-19,897
4492,4492,3,3,2026-06-19,875
4493,4493,3,3,2026-06-19,809
4494,4494,3,3,2026-06-19,766
4495,4495,4,4,2026-06-19,992
4496,4496,4,4,2026-06-19,1003
4497,4497,4,4,2026-06-19,1028
4498,4498,5,5,2026-06-19,929
4499,4499,5,5,2026-06-19,901
4500,4500,5,5,2026-06-19,1018
4501,4501,1,1,2026-06-20,963
4502,4502,1,1,2026-06-20,916
4503,4503,1,1,2026-06-20,948
4504,4504,2,2,2026-06-20,879
4505,4505,2,2,2026-06-20,951
4506,4506,2,2,2026-06-20,922
4507,4507,3,3,2026-06-20,787
4508,4508,3,3,2026-06-20,841
4509,4509,3,3,2026-06-20,795
4510,4510,4,4,2026-06-20,977
4511,4511,4,4,2026-06-20,950
4512,4512,4,4,2026-06-20,950
4513,4513,5,5,2026-06-20,1014
4514,4514,5,5,2026-06-20,969
4515,4515,5,5,2026-06-20,857
4516,4516,1,1,2026-06-21,911
4517,4517,1,1,2026-06-21,904
4518,4518,1,1,2026-06-21,952
4519,4519,2,2,2026-06-21,883
4520,4520,2,2,2026-06-21,960
4521,4521,2,2,2026-06-21,886
4522,4522,3,3,2026-06-21,879
4523,4523,3,3,2026-06-21,796
4524,4524,3,3,2026-06-21,890
4525,4525,4,4,2026-06-21,971
4526,4526,4,4,2026-06-21,972
4527,4527,4,4,2026-06-21,1018
4528,4528,5,5,2026-06-21,961
4529,4529,5,5,2026-06-21,878
4530,4530,5,5,2026-06-21,933
4531,4531,1,1,2026-06-22,933
4532,4532,1,1,2026-06-22,930
4533,4533,1,1,2026-06-22,953
4534,4534,2,2,2026-06-22,888
4535,4535,2,2,2026-06-22,907
4536,4536,2,2,2026-06-22,860
4537,4537,3,3,2026-06-22,739
4538,4538,3,3,2026-06-22,839
4539,4539,3,3,2026-06-22,846
4540,4540,4,4,2026-06-22,1017
4541,4541,4,4,2026-06-22,981
4542,4542,4,4,2026-06-22,965
4543,4543,5,5,2026-06-22,905
4544,4544,5,5,2026-06-22,898
4545,4545,5,5,2026-06-22,926
4546,4546,1,1,2026-06-23,995
4547,4547,1,1,2026-06-23,922
4548,4548,1,1,2026-06-23,995
4549,4549,2,2,2026-06-23,841
4550,4550,2,2,2026-06-23,909
4551,4551,2,2,2026-06-23,917
4552,4552,3,3,2026-06-23,779
4553,4553,3,3,2026-06-23,757
4554,4554,3,3,2026-06-23,833
4555,4555,4,4,2026-06-23,981
4556,4556,4,4,2026-06-23,1085
4557,4557,4,4,2026-06-23,1026
4558,4558,5,5,2026-06-23,976
4559,4559,5,5,2026-06-23,834
4560,4560,5,5,2026-06-23,902
4561,4561,1,1,2026-06-24,903
4562,4562,1,1,2026-06-24,870
4563,4563,1,1,2026-06-24,948
4564,4564,2,2,2026-06-24,932
4565,4565,2,2,2026-06-24,861
4566,4566,2,2,2026-06-24,822
4567,4567,3,3,2026-06-24,764
4568,4568,3,3,2026-06-24,793
4569,4569,3,3,2026-06-24,790
4570,4570,4,4,2026-06-24,980
4571,4571,4,4,2026-06-24,996
4572,4572,4,4,2026-06-24,979
4573,4573,5,5,2026-06-24,965
4574,4574,5,5,2026-06-24,892
4575,4575,5,5,2026-06-24,919
4576,4576,1,1,2026-06-25,973
4577,4577,1,1,2026-06-25,961
4578,4578,1,1,2026-06-25,1023
4579,4579,2,2,2026-06-25,863
4580,4580,2,2,2026-06-25,924
4581,4581,2,2,2026-06-25,874
4582,4582,3,3,2026-06-25,770
4583,4583,3,3,2026-06-25,843
4584,4584,3,3,2026-06-25,798
4585,4585,4,4,2026-06-25,990
4586,4586,4,4,2026-06-25,957
4587,4587,4,4,2026-06-25,959
4588,4588,5,5,2026-06-25,869
4589,4589,5,5,2026-06-25,937
4590,4590,5,5,2026-06-25,888
4591,4591,1,1,2026-06-26,944
4592,4592,1,1,2026-06-26,985
4593,4593,1,1,2026-06-26,879
4594,4594,2,2,2026-06-26,1019
4595,4595,2,2,2026-06-26,869
4596,4596,2,2,2026-06-26,895
4597,4597,3,3,2026-06-26,810
4598,4598,3,3,2026-06-26,768
4599,4599,3,3,2026-06-26,781
4600,4600,4,4,2026-06-26,1024
4601,4601,4,4,2026-06-26,1010
4602,4602,4,4,2026-06-26,969
4603,4603,5,5,2026-06-26,929
4604,4604,5,5,2026-06-26,935
4605,4605,5,5,2026-06-26,952
4606,4606,1,1,2026-06-27,975
4607,4607,1,1,2026-06-27,974
4608,4608,1,1,2026-06-27,933
4609,4609,2,2,2026-06-27,904
4610,4610,2,2,2026-06-27,939
4611,4611,2,2,2026-06-27,988
4612,4612,3,3,2026-06-27,803
4613,4613,3,3,2026-06-27,778
4614,4614,3,3,2026-06-27,767
4615,4615,4,4,2026-06-27,1004
4616,4616,4,4,2026-06-27,917
4617,4617,4,4,2026-06-27,1004
4618,4618,5,5,2026-06-27,955
4619,4619,5,5,2026-06-27,909
4620,4620,5,5,2026-06-27,939
4621,4621,1,1,2026-06-28,941
4622,4622,1,1,2026-06-28,896
4623,4623,1,1,2026-06-28,971
4624,4624,2,2,2026-06-28,917
4625,4625,2,2,2026-06-28,882
4626,4626,2,2,2026-06-28,987
4627,4627,3,3,2026-06-28,800
4628,4628,3,3,2026-06-28,726
4629,4629,3,3,2026-06-28,842
4630,4630,4,4,2026-06-28,1011
4631,4631,4,4,2026-06-28,1016
4632,4632,4,4,2026-06-28,940
4633,4633,5,5,2026-06-28,938
4634,4634,5,5,2026-06-28,929
4635,4635,5,5,2026-06-28,923
4636,4636,1,1,2026-06-29,1003
4637,4637,1,1,2026-06-29,950
4638,4638,1,1,2026-06-29,934
4639,4639,2,2,2026-06-29,883
4640,4640,2,2,2026-06-29,857
4641,4641,2,2,2026-06-29,904
4642,4642,3,3,2026-06-29,857
4643,4643,3,3,2026-06-29,787
4644,4644,3,3,2026-06-29,810
4645,4645,4,4,2026-06-29,972
4646,4646,4,4,2026-06-29,976
4647,4647,4,4,2026-06-29,1013
4648,4648,5,5,2026-06-29,887
4649,4649,5,5,2026-06-29,870
4650,4650,5,5,2026-06-29,972
4651,4651,1,1,2026-06-30,928
4652,4652,1,1,2026-06-30,934
4653,4653,1,1,2026-06-30,1048
4654,4654,2,2,2026-06-30,931
4655,4655,2,2,2026-06-30,865
4656,4656,2,2,2026-06-30,945
4657,4657,3,3,2026-06-30,832
4658,4658,3,3,2026-06-30,682
4659,4659,3,3,2026-06-30,806
4660,4660,4,4,2026-06-30,939
4661,4661,4,4,2026-06-30,976
4662,4662,4,4,2026-06-30,1068
4663,4663,5,5,2026-06-30,965
4664,4664,5,5,2026-06-30,971
4665,4665,5,5,2026-06-30,922
4666,4666,1,1,2026-07-01,991
4667,4667,1,1,2026-07-01,921
4668,4668,1,1,2026-07-01,955
4669,4669,2,2,2026-07-01,933
4670,4670,2,2,2026-07-01,931
4671,4671,2,2,2026-07-01,843
4672,4672,3,3,2026-07-01,876
4673,4673,3,3,2026-07-01,763
4674,4674,3,3,2026-07-01,907
4675,4675,4,4,2026-07-01,1014
4676,4676,4,4,2026-07-01,1010
4677,4677,4,4,2026-07-01,946
4678,4678,5,5,2026-07-01,910
4679,4679,5,5,2026-07-01,1002
4680,4680,5,5,2026-07-01,995
4681,4681,1,1,2026-07-02,943
4682,4682,1,1,2026-07-02,940
4683,4683,1,1,2026-07-02,941
4684,4684,2,2,2026-07-02,945
4685,4685,2,2,2026-07-02,941
4686,4686,2,2,2026-07-02,915
4687,4687,3,3,2026-07-02,805
4688,4688,3,3,2026-07-02,793
4689,4689,3,3,2026-07-02,903
4690,4690,4,4,2026-07-02,926
4691,4691,4,4,2026-07-02,964
4692,4692,4,4,2026-07-02,992
4693,4693,5,5,2026-07-02,869
4694,4694,5,5,2026-07-02,907
4695,4695,5,5,2026-07-02,1017
4696,4696,1,1,2026-07-03,988
4697,4697,1,1,2026-07-03,927
4698,4698,1,1,2026-07-03,926
4699,4699,2,2,2026-07-03,847
4700,4700,2,2,2026-07-03,882
4701,4701,2,2,2026-07-03,922
4702,4702,3,3,2026-07-03,815
4703,4703,3,3,2026-07-03,784
4704,4704,3,3,2026-07-03,763
4705,4705,4,4,2026-07-03,972
4706,4706,4,4,2026-07-03,971
4707,4707,4,4,2026-07-03,1012
4708,4708,5,5,2026-07-03,939
4709,4709,5,5,2026-07-03,933
4710,4710,5,5,2026-07-03,979
4711,4711,1,1,2026-07-04,1015
4712,4712,1,1,2026-07-04,964
4713,4713,1,1,2026-07-04,965
4714,4714,2,2,2026-07-04,895
4715,4715,2,2,2026-07-04,866
4716,4716,2,2,2026-07-04,935
4717,4717,3,3,2026-07-04,827
4718,4718,3,3,2026-07-04,798
4719,4719,3,3,2026-07-04,809
4720,4720,4,4,2026-07-04,1026
4721,4721,4,4,2026-07-04,1034
4722,4722,4,4,2026-07-04,885
4723,4723,5,5,2026-07-04,904
4724,4724,5,5,2026-07-04,928
4725,4725,5,5,2026-07-04,887
4726,4726,1,1,2026-07-05,960
4727,4727,1,1,2026-07-05,926
4728,4728,1,1,2026-07-05,961
4729,4729,2,2,2026-07-05,878
4730,4730,2,2,2026-07-05,879
4731,4731,2,2,2026-07-05,911
4732,4732,3,3,2026-07-05,837
4733,4733,3,3,2026-07-05,824
4734,4734,3,3,2026-07-05,798
4735,4735,4,4,2026-07-05,908
4736,4736,4,4,2026-07-05,958
4737,4737,4,4,2026-07-05,954
4738,4738,5,5,2026-07-05,959
4739,4739,5,5,2026-07-05,936
4740,4740,5,5,2026-07-05,937
4741,4741,1,1,2026-07-06,918
4742,4742,1,1,2026-07-06,1005
4743,4743,1,1,2026-07-06,957
4744,4744,2,2,2026-07-06,865
4745,4745,2,2,2026-07-06,868
4746,4746,2,2,2026-07-06,913
4747,4747,3,3,2026-07-06,764
4748,4748,3,3,2026-07-06,775
4749,4749,3,3,2026-07-06,755
4750,4750,4,4,2026-07-06,1009
4751,4751,4,4,2026-07-06,945
4752,4752,4,4,2026-07-06,1043
4753,4753,5,5,2026-07-06,948
4754,4754,5,5,2026-07-06,885
4755,4755,5,5,2026-07-06,954
4756,4756,1,1,2026-07-07,1006
4757,4757,1,1,2026-07-07,946
4758,4758,1,1,2026-07-07,1011
4759,4759,2,2,2026-07-07,919
4760,4760,2,2,2026-07-07,876
4761,4761,2,2,2026-07-07,988
4762,4762,3,3,2026-07-07,746
4763,4763,3,3,2026-07-07,787
4764,4764,3,3,2026-07-07,798
4765,4765,4,4,2026-07-07,1059
4766,4766,4,4,2026-07-07,1010
4767,4767,4,4,2026-07-07,1002
4768,4768,5,5,2026-07-07,901
4769,4769,5,5,2026-07-07,925
4770,4770,5,5,2026-07-07,907
4771,4771,1,1,2026-07-08,971
4772,4772,1,1,2026-07-08,998
4773,4773,1,1,2026-07-08,1050
4774,4774,2,2,2026-07-08,881
4775,4775,2,2,2026-07-08,845
4776,4776,2,2,2026-07-08,887
4777,4777,3,3,2026-07-08,841
4778,4778,3,3,2026-07-08,766
4779,4779,3,3,2026-07-08,800
4780,4780,4,4,2026-07-08,1003
4781,4781,4,4,2026-07-08,962
4782,4782,4,4,2026-07-08,989
4783,4783,5,5,2026-07-08,892
4784,4784,5,5,2026-07-08,981
4785,4785,5,5,2026-07-08,920
4786,4786,1,1,2026-07-09,958
4787,4787,1,1,2026-07-09,880
4788,4788,1,1,2026-07-09,907
4789,4789,2,2,2026-07-09,940
4790,4790,2,2,2026-07-09,882
4791,4791,2,2,2026-07-09,864
4792,4792,3,3,2026-07-09,742
4793,4793,3,3,2026-07-09,850
4794,4794,3,3,2026-07-09,828
4795,4795,4,4,2026-07-09,1005
4796,4796,4,4,2026-07-09,1047
4797,4797,4,4,2026-07-09,967
4798,4798,5,5,2026-07-09,875
4799,4799,5,5,2026-07-09,932
4800,4800,5,5,2026-07-09,1007
4801,4801,1,1,2026-07-10,953
4802,4802,1,1,2026-07-10,997
4803,4803,1,1,2026-07-10,896
4804,4804,2,2,2026-07-10,870
4805,4805,2,2,2026-07-10,937
4806,4806,2,2,2026-07-10,907
4807,4807,3,3,2026-07-10,796
4808,4808,3,3,2026-07-10,846
4809,4809,3,3,2026-07-10,837
4810,4810,4,4,2026-07-10,988
4811,4811,4,4,2026-07-10,885
4812,4812,4,4,2026-07-10,980
4813,4813,5,5,2026-07-10,947
4814,4814,5,5,2026-07-10,861
4815,4815,5,5,2026-07-10,946
4816,4816,1,1,2026-07-11,998
4817,4817,1,1,2026-07-11,950
4818,4818,1,1,2026-07-11,910
4819,4819,2,2,2026-07-11,809
4820,4820,2,2,2026-07-11,917
4821,4821,2,2,2026-07-11,835
4822,4822,3,3,2026-07-11,825
4823,4823,3,3,2026-07-11,874
4824,4824,3,3,2026-07-11,714
4825,4825,4,4,2026-07-11,952
4826,4826,4,4,2026-07-11,971
4827,4827,4,4,2026-07-11,1057
4828,4828,5,5,2026-07-11,935
4829,4829,5,5,2026-07-11,912
4830,4830,5,5,2026-07-11,971
4831,4831,1,1,2026-07-12,934
4832,4832,1,1,2026-07-12,919
4833,4833,1,1,2026-07-12,974
4834,4834,2,2,2026-07-12,945
4835,4835,2,2,2026-07-12,799
4836,4836,2,2,2026-07-12,869
4837,4837,3,3,2026-07-12,808
4838,4838,3,3,2026-07-12,793
4839,4839,3,3,2026-07-12,799
4840,4840,4,4,2026-07-12,940
4841,4841,4,4,2026-07-12,1007
4842,4842,4,4,2026-07-12,1043
4843,4843,5,5,2026-07-12,898
4844,4844,5,5,2026-07-12,957
4845,4845,5,5,2026-07-12,970
4846,4846,1,1,2026-07-13,958
4847,4847,1,1,2026-07-13,975
4848,4848,1,1,2026-07-13,922
4849,4849,2,2,2026-07-13,960
4850,4850,2,2,2026-07-13,945
4851,4851,2,2,2026-07-13,950
4852,4852,3,3,2026-07-13,754
4853,4853,3,3,2026-07-13,820
4854,4854,3,3,2026-07-13,775
4855,4855,4,4,2026-07-13,1044
4856,4856,4,4,2026-07-13,949
4857,4857,4,4,2026-07-13,990
4858,4858,5,5,2026-07-13,851
4859,4859,5,5,2026-07-13,939
4860,4860,5,5,2026-07-13,884
4861,4861,1,1,2026-07-14,972
4862,4862,1,1,2026-07-14,944
4863,4863,1,1,2026-07-14,935
4864,4864,2,2,2026-07-14,965
4865,4865,2,2,2026-07-14,992
4866,4866,2,2,2026-07-14,844
4867,4867,3,3,2026-07-14,787
4868,4868,3,3,2026-07-14,834
4869,4869,3,3,2026-07-14,815
4870,4870,4,4,2026-07-14,1011
4871,4871,4,4,2026-07-14,977
4872,4872,4,4,2026-07-14,1027
4873,4873,5,5,2026-07-14,938
4874,4874,5,5,2026-07-14,947
4875,4875,5,5,2026-07-14,885
4876,4876,1,1,2026-07-15,954
4877,4877,1,1,2026-07-15,984
4878,4878,1,1,2026-07-15,963
4879,4879,2,2,2026-07-15,981
4880,4880,2,2,2026-07-15,905
4881,4881,2,2,2026-07-15,920
4882,4882,3,3,2026-07-15,808
4883,4883,3,3,2026-07-15,798
4884,4884,3,3,2026-07-15,836
4885,4885,4,4,2026-07-15,975
4886,4886,4,4,2026-07-15,932
4887,4887,4,4,2026-07-15,1043
4888,4888,5,5,2026-07-15,906
4889,4889,5,5,2026-07-15,872
4890,4890,5,5,2026-07-15,955
4891,4891,1,1,2026-07-16,1019
4892,4892,1,1,2026-07-16,976
4893,4893,1,1,2026-07-16,1006
4894,4894,2,2,2026-07-16,865
4895,4895,2,2,2026-07-16,853
4896,4896,2,2,2026-07-16,886
4897,4897,3,3,2026-07-16,844
4898,4898,3,3,2026-07-16,822
4899,4899,3,3,2026-07-16,825
4900,4900,4,4,2026-07-16,985
4901,4901,4,4,2026-07-16,967
4902,4902,4,4,2026-07-16,987
4903,4903,5,5,2026-07-16,924
4904,4904,5,5,2026-07-16,914
4905,4905,5,5,2026-07-16,946
4906,4906,1,1,2026-07-17,940
4907,4907,1,1,2026-07-17,961
4908,4908,1,1,2026-07-17,874
4909,4909,2,2,2026-07-17,908
4910,4910,2,2,2026-07-17,890
4911,4911,2,2,2026-07-17,959
4912,4912,3,3,2026-07-17,740
4913,4913,3,3,2026-07-17,805
4914,4914,3,3,2026-07-17,835
4915,4915,4,4,2026-07-17,976
4916,4916,4,4,2026-07-17,969
4917,4917,4,4,2026-07-17,1015
4918,4918,5,5,2026-07-17,951
4919,4919,5,5,2026-07-17,954
4920,4920,5,5,2026-07-17,914
4921,4921,1,1,2026-07-18,930
4922,4922,1,1,2026-07-18,961
4923,4923,1,1,2026-07-18,988
4924,4924,2,2,2026-07-18,848
4925,4925,2,2,2026-07-18,897
4926,4926,2,2,2026-07-18,881
4927,4927,3,3,2026-07-18,802
4928,4928,3,3,2026-07-18,831
4929,4929,3,3,2026-07-18,768
4930,4930,4,4,2026-07-18,1006
4931,4931,4,4,2026-07-18,966
4932,4932,4,4,2026-07-18,1025
4933,4933,5,5,2026-07-18,900
4934,4934,5,5,2026-07-18,968
4935,4935,5,5,2026-07-18,881
4936,4936,1,1,2026-07-19,959
4937,4937,1,1,2026-07-19,977
4938,4938,1,1,2026-07-19,921
4939,4939,2,2,2026-07-19,815
4940,4940,2,2,2026-07-19,883
4941,4941,2,2,2026-07-19,902
4942,4942,3,3,2026-07-19,788
4943,4943,3,3,2026-07-19,779
4944,4944,3,3,2026-07-19,835
4945,4945,4,4,2026-07-19,1030
4946,4946,4,4,2026-07-19,1027
4947,4947,4,4,2026-07-19,999
4948,4948,5,5,2026-07-19,955
4949,4949,5,5,2026-07-19,895
4950,4950,5,5,2026-07-19,928
4951,4951,1,1,2026-07-20,955
4952,4952,1,1,2026-07-20,963
4953,4953,1,1,2026-07-20,962
4954,4954,2,2,2026-07-20,902
4955,4955,2,2,2026-07-20,919
4956,4956,2,2,2026-07-20,910
4957,4957,3,3,2026-07-20,810
4958,4958,3,3,2026-07-20,774
4959,4959,3,3,2026-07-20,756
4960,4960,4,4,2026-07-20,993
4961,4961,4,4,2026-07-20,964
4962,4962,4,4,2026-07-20,955
4963,4963,5,5,2026-07-20,958
4964,4964,5,5,2026-07-20,929
4965,4965,5,5,2026-07-20,986
4966,4966,1,1,2026-07-21,973
4967,4967,1,1,2026-07-21,921
4968,4968,1,1,2026-07-21,978
4969,4969,2,2,2026-07-21,917
4970,4970,2,2,2026-07-21,870
4971,4971,2,2,2026-07-21,880
4972,4972,3,3,2026-07-21,826
4973,4973,3,3,2026-07-21,733
4974,4974,3,3,2026-07-21,719
4975,4975,4,4,2026-07-21,988
4976,4976,4,4,2026-07-21,985
4977,4977,4,4,2026-07-21,991
4978,4978,5,5,2026-07-21,935
4979,4979,5,5,2026-07-21,948
4980,4980,5,5,2026-07-21,980
4981,4981,1,1,2026-07-22,951
4982,4982,1,1,2026-07-22,895
4983,4983,1,1,2026-07-22,879
4984,4984,2,2,2026-07-22,887
4985,4985,2,2,2026-07-22,888
4986,4986,2,2,2026-07-22,851
4987,4987,3,3,2026-07-22,713
4988,4988,3,3,2026-07-22,785
4989,4989,3,3,2026-07-22,869
4990,4990,4,4,2026-07-22,997
4991,4991,4,4,2026-07-22,993
4992,4992,4,4,2026-07-22,974
4993,4993,5,5,2026-07-22,917
4994,4994,5,5,2026-07-22,951
4995,4995,5,5,2026-07-22,885
4996,4996,1,1,2026-07-23,1031
4997,4997,1,1,2026-07-23,907
4998,4998,1,1,2026-07-23,974
4999,4999,2,2,2026-07-23,860
5000,5000,2,2,2026-07-23,906
5001,5001,2,2,2026-07-23,929
5002,5002,3,3,2026-07-23,738
5003,5003,3,3,2026-07-23,764
5004,5004,3,3,2026-07-23,767
5005,5005,4,4,2026-07-23,971
5006,5006,4,4,2026-07-23,991
5007,5007,4,4,2026-07-23,1050
5008,5008,5,5,2026-07-23,909
5009,5009,5,5,2026-07-23,997
5010,5010,5,5,2026-07-23,945
5011,5011,1,1,2026-07-24,906
5012,5012,1,1,2026-07-24,945
5013,5013,1,1,2026-07-24,895
5014,5014,2,2,2026-07-24,887
5015,5015,2,2,2026-07-24,885
5016,5016,2,2,2026-07-24,907
5017,5017,3,3,2026-07-24,825
5018,5018,3,3,2026-07-24,798
5019,5019,3,3,2026-07-24,760
5020,5020,4,4,2026-07-24,1069
5021,5021,4,4,2026-07-24,1036
5022,5022,4,4,2026-07-24,1053
5023,5023,5,5,2026-07-24,924
5024,5024,5,5,2026-07-24,943
5025,5025,5,5,2026-07-24,922
5026,5026,1,1,2026-07-25,957
5027,5027,1,1,2026-07-25,959
5028,5028,1,1,2026-07-25,901
5029,5029,2,2,2026-07-25,888
5030,5030,2,2,2026-07-25,942
5031,5031,2,2,2026-07-25,938
5032,5032,3,3,2026-07-25,788
5033,5033,3,3,2026-07-25,810
5034,5034,3,3,2026-07-25,790
5035,5035,4,4,2026-07-25,1006
5036,5036,4,4,2026-07-25,918
5037,5037,4,4,2026-07-25,1001
5038,5038,5,5,2026-07-25,989
5039,5039,5,5,2026-07-25,903
5040,5040,5,5,2026-07-25,983
5041,5041,1,1,2026-07-26,962
5042,5042,1,1,2026-07-26,947
5043,5043,1,1,2026-07-26,937
5044,5044,2,2,2026-07-26,954
5045,5045,2,2,2026-07-26,890
5046,5046,2,2,2026-07-26,966
5047,5047,3,3,2026-07-26,860
5048,5048,3,3,2026-07-26,782
5049,5049,3,3,2026-07-26,793
5050,5050,4,4,2026-07-26,907
5051,5051,4,4,2026-07-26,979
5052,5052,4,4,2026-07-26,984
5053,5053,5,5,2026-07-26,976
5054,5054,5,5,2026-07-26,993
5055,5055,5,5,2026-07-26,960
5056,5056,1,1,2026-07-27,992
5057,5057,1,1,2026-07-27,943
5058,5058,1,1,2026-07-27,903
5059,5059,2,2,2026-07-27,912
5060,5060,2,2,2026-07-27,945
5061,5061,2,2,2026-07-27,799
5062,5062,3,3,2026-07-27,805
5063,5063,3,3,2026-07-27,731
5064,5064,3,3,2026-07-27,770
5065,5065,4,4,2026-07-27,987
5066,5066,4,4,2026-07-27,1044
5067,5067,4,4,2026-07-27,981
5068,5068,5,5,2026-07-27,957
5069,5069,5,5,2026-07-27,941
5070,5070,5,5,2026-07-27,902
5071,5071,1,1,2026-07-28,969
5072,5072,1,1,2026-07-28,902
5073,5073,1,1,2026-07-28,951
5074,5074,2,2,2026-07-28,953
5075,5075,2,2,2026-07-28,908
5076,5076,2,2,2026-07-28,911
5077,5077,3,3,2026-07-28,787
5078,5078,3,3,2026-07-28,740
5079,5079,3,3,2026-07-28,792
5080,5080,4,4,2026-07-28,1015
5081,5081,4,4,2026-07-28,996
5082,5082,4,4,2026-07-28,934
5083,5083,5,5,2026-07-28,860
5084,5084,5,5,2026-07-28,902
5085,5085,5,5,2026-07-28,922
5086,5086,1,1,2026-07-29,945
5087,5087,1,1,2026-07-29,945
5088,5088,1,1,2026-07-29,951
5089,5089,2,2,2026-07-29,918
5090,5090,2,2,2026-07-29,885
5091,5091,2,2,2026-07-29,864
5092,5092,3,3,2026-07-29,822
5093,5093,3,3,2026-07-29,836
5094,5094,3,3,2026-07-29,779
5095,5095,4,4,2026-07-29,1062
5096,5096,4,4,2026-07-29,1041
5097,5097,4,4,2026-07-29,937
5098,5098,5,5,2026-07-29,862
5099,5099,5,5,2026-07-29,924
5100,5100,5,5,2026-07-29,942
5101,5101,1,1,2026-07-30,1031
5102,5102,1,1,2026-07-30,1029
5103,5103,1,1,2026-07-30,977
5104,5104,2,2,2026-07-30,886
5105,5105,2,2,2026-07-30,948
5106,5106,2,2,2026-07-30,906
5107,5107,3,3,2026-07-30,749
5108,5108,3,3,2026-07-30,750
5109,5109,3,3,2026-07-30,786
5110,5110,4,4,2026-07-30,1020
5111,5111,4,4,2026-07-30,940
5112,5112,4,4,2026-07-30,966
5113,5113,5,5,2026-07-30,991
5114,5114,5,5,2026-07-30,946
5115,5115,5,5,2026-07-30,1003
5116,5116,1,1,2026-07-31,971
5117,5117,1,1,2026-07-31,992
5118,5118,1,1,2026-07-31,937
5119,5119,2,2,2026-07-31,964
5120,5120,2,2,2026-07-31,929
5121,5121,2,2,2026-07-31,896
5122,5122,3,3,2026-07-31,855
5123,5123,3,3,2026-07-31,827
5124,5124,3,3,2026-07-31,800
5125,5125,4,4,2026-07-31,1002
5126,5126,4,4,2026-07-31,947
5127,5127,4,4,2026-07-31,1028
5128,5128,5,5,2026-07-31,1010
5129,5129,5,5,2026-07-31,869
5130,5130,5,5,2026-07-31,908
5131,5131,1,1,2026-08-01,925
5132,5132,1,1,2026-08-01,981
5133,5133,1,1,2026-08-01,959
5134,5134,2,2,2026-08-01,884
5135,5135,2,2,2026-08-01,890
5136,5136,2,2,2026-08-01,880
5137,5137,3,3,2026-08-01,826
5138,5138,3,3,2026-08-01,809
5139,5139,3,3,2026-08-01,788
5140,5140,4,4,2026-08-01,961
5141,5141,4,4,2026-08-01,1035
5142,5142,4,4,2026-08-01,1027
5143,5143,5,5,2026-08-01,956
5144,5144,5,5,2026-08-01,972
5145,5145,5,5,2026-08-01,879
5146,5146,1,1,2026-08-02,910
5147,5147,1,1,2026-08-02,906
5148,5148,1,1,2026-08-02,951
5149,5149,2,2,2026-08-02,944
5150,5150,2,2,2026-08-02,884
5151,5151,2,2,2026-08-02,950
5152,5152,3,3,2026-08-02,778
5153,5153,3,3,2026-08-02,796
5154,5154,3,3,2026-08-02,784
5155,5155,4,4,2026-08-02,973
5156,5156,4,4,2026-08-02,977
5157,5157,4,4,2026-08-02,911
5158,5158,5,5,2026-08-02,945
5159,5159,5,5,2026-08-02,926
5160,5160,5,5,2026-08-02,994
5161,5161,1,1,2026-08-03,974
5162,5162,1,1,2026-08-03,963
5163,5163,1,1,2026-08-03,1011
5164,5164,2,2,2026-08-03,956
5165,5165,2,2,2026-08-03,966
5166,5166,2,2,2026-08-03,880
5167,5167,3,3,2026-08-03,755
5168,5168,3,3,2026-08-03,731
5169,5169,3,3,2026-08-03,842
5170,5170,4,4,2026-08-03,906
5171,5171,4,4,2026-08-03,989
5172,5172,4,4,2026-08-03,1015
5173,5173,5,5,2026-08-03,871
5174,5174,5,5,2026-08-03,893
5175,5175,5,5,2026-08-03,978
5176,5176,1,1,2026-08-04,971
5177,5177,1,1,2026-08-04,998
5178,5178,1,1,2026-08-04,960
5179,5179,2,2,2026-08-04,863
5180,5180,2,2,2026-08-04,883
5181,5181,2,2,2026-08-04,937
5182,5182,3,3,2026-08-04,738
5183,5183,3,3,2026-08-04,780
5184,5184,3,3,2026-08-04,774
5185,5185,4,4,2026-08-04,977
5186,5186,4,4,2026-08-04,1006
5187,5187,4,4,2026-08-04,1027
5188,5188,5,5,2026-08-04,877
5189,5189,5,5,2026-08-04,896
5190,5190,5,5,2026-08-04,881
5191,5191,1,1,2026-08-05,949
5192,5192,1,1,2026-08-05,905
5193,5193,1,1,2026-08-05,965
5194,5194,2,2,2026-08-05,860
5195,5195,2,2,2026-08-05,953
5196,5196,2,2,2026-08-05,832
5197,5197,3,3,2026-08-05,767
5198,5198,3,3,2026-08-05,867
5199,5199,3,3,2026-08-05,808
5200,5200,4,4,2026-08-05,960
5201,5201,4,4,2026-08-05,1090
5202,5202,4,4,2026-08-05,969
5203,5203,5,5,2026-08-05,954
5204,5204,5,5,2026-08-05,899
5205,5205,5,5,2026-08-05,892
5206,5206,1,1,2026-08-06,976
5207,5207,1,1,2026-08-06,1021
5208,5208,1,1,2026-08-06,932
5209,5209,2,2,2026-08-06,859
5210,5210,2,2,2026-08-06,941
5211,5211,2,2,2026-08-06,883
5212,5212,3,3,2026-08-06,815
5213,5213,3,3,2026-08-06,781
5214,5214,3,3,2026-08-06,787
5215,5215,4,4,2026-08-06,946
5216,5216,4,4,2026-08-06,1008
5217,5217,4,4,2026-08-06,997
5218,5218,5,5,2026-08-06,945
5219,5219,5,5,2026-08-06,903
5220,5220,5,5,2026-08-06,943
5221,5221,1,1,2026-08-07,1028
5222,5222,1,1,2026-08-07,910
5223,5223,1,1,2026-08-07,919
5224,5224,2,2,2026-08-07,871
5225,5225,2,2,2026-08-07,905
5226,5226,2,2,2026-08-07,857
5227,5227,3,3,2026-08-07,821
5228,5228,3,3,2026-08-07,729
5229,5229,3,3,2026-08-07,833
5230,5230,4,4,2026-08-07,994
5231,5231,4,4,2026-08-07,1056
5232,5232,4,4,2026-08-07,941
5233,5233,5,5,2026-08-07,973
5234,5234,5,5,2026-08-07,926
5235,5235,5,5,2026-08-07,918
5236,5236,1,1,2026-08-08,910
5237,5237,1,1,2026-08-08,932
5238,5238,1,1,2026-08-08,933
5239,5239,2,2,2026-08-08,842
5240,5240,2,2,2026-08-08,914
5241,5241,2,2,2026-08-08,909
5242,5242,3,3,2026-08-08,824
5243,5243,3,3,2026-08-08,777
5244,5244,3,3,2026-08-08,834
5245,5245,4,4,2026-08-08,1035
5246,5246,4,4,2026-08-08,971
5247,5247,4,4,2026-08-08,942
5248,5248,5,5,2026-08-08,933
5249,5249,5,5,2026-08-08,931
5250,5250,5,5,2026-08-08,923
5251,5251,1,1,2026-08-09,974
5252,5252,1,1,2026-08-09,936
5253,5253,1,1,2026-08-09,909
5254,5254,2,2,2026-08-09,906
5255,5255,2,2,2026-08-09,926
5256,5256,2,2,2026-08-09,929
5257,5257,3,3,2026-08-09,784
5258,5258,3,3,2026-08-09,812
5259,5259,3,3,2026-08-09,856
5260,5260,4,4,2026-08-09,1036
5261,5261,4,4,2026-08-09,1024
5262,5262,4,4,2026-08-09,919
5263,5263,5,5,2026-08-09,917
5264,5264,5,5,2026-08-09,983
5265,5265,5,5,2026-08-09,869
5266,5266,1,1,2026-08-10,948
5267,5267,1,1,2026-08-10,926
5268,5268,1,1,2026-08-10,963
5269,5269,2,2,2026-08-10,817
5270,5270,2,2,2026-08-10,948
5271,5271,2,2,2026-08-10,899
5272,5272,3,3,2026-08-10,757
5273,5273,3,3,2026-08-10,771
5274,5274,3,3,2026-08-10,814
5275,5275,4,4,2026-08-10,948
5276,5276,4,4,2026-08-10,1049
5277,5277,4,4,2026-08-10,975
5278,5278,5,5,2026-08-10,990
5279,5279,5,5,2026-08-10,936
5280,5280,5,5,2026-08-10,958
5281,5281,1,1,2026-08-11,975
5282,5282,1,1,2026-08-11,930
5283,5283,1,1,2026-08-11,978
5284,5284,2,2,2026-08-11,884
5285,5285,2,2,2026-08-11,836
5286,5286,2,2,2026-08-11,891
5287,5287,3,3,2026-08-11,752
5288,5288,3,3,2026-08-11,782
5289,5289,3,3,2026-08-11,798
5290,5290,4,4,2026-08-11,943
5291,5291,4,4,2026-08-11,1002
5292,5292,4,4,2026-08-11,963
5293,5293,5,5,2026-08-11,881
5294,5294,5,5,2026-08-11,894
5295,5295,5,5,2026-08-11,934
5296,5296,1,1,2026-08-12,940
5297,5297,1,1,2026-08-12,961
5298,5298,1,1,2026-08-12,954
5299,5299,2,2,2026-08-12,860
5300,5300,2,2,2026-08-12,875
5301,5301,2,2,2026-08-12,934
5302,5302,3,3,2026-08-12,766
5303,5303,3,3,2026-08-12,861
5304,5304,3,3,2026-08-12,743
5305,5305,4,4,2026-08-12,1013
5306,5306,4,4,2026-08-12,975
5307,5307,4,4,2026-08-12,941
5308,5308,5,5,2026-08-12,933
5309,5309,5,5,2026-08-12,897
5310,5310,5,5,2026-08-12,907
5311,5311,1,1,2026-08-13,934
5312,5312,1,1,2026-08-13,979
5313,5313,1,1,2026-08-13,924
5314,5314,2,2,2026-08-13,909
5315,5315,2,2,2026-08-13,931
5316,5316,2,2,2026-08-13,902
5317,5317,3,3,2026-08-13,815
5318,5318,3,3,2026-08-13,798
5319,5319,3,3,2026-08-13,821
5320,5320,4,4,2026-08-13,930
5321,5321,4,4,2026-08-13,1037
5322,5322,4,4,2026-08-13,905
5323,5323,5,5,2026-08-13,902
5324,5324,5,5,2026-08-13,926
5325,5325,5,5,2026-08-13,855
5326,5326,1,1,2026-08-14,929
5327,5327,1,1,2026-08-14,960
5328,5328,1,1,2026-08-14,1013
5329,5329,2,2,2026-08-14,923
5330,5330,2,2,2026-08-14,882
5331,5331,2,2,2026-08-14,840
5332,5332,3,3,2026-08-14,851
5333,5333,3,3,2026-08-14,780
5334,5334,3,3,2026-08-14,810
5335,5335,4,4,2026-08-14,962
5336,5336,4,4,2026-08-14,995
5337,5337,4,4,2026-08-14,1029
5338,5338,5,5,2026-08-14,959
5339,5339,5,5,2026-08-14,919
5340,5340,5,5,2026-08-14,982
5341,5341,1,1,2026-08-15,1023
5342,5342,1,1,2026-08-15,989
5343,5343,1,1,2026-08-15,933
5344,5344,2,2,2026-08-15,933
5345,5345,2,2,2026-08-15,939
5346,5346,2,2,2026-08-15,890
5347,5347,3,3,2026-08-15,873
5348,5348,3,3,2026-08-15,847
5349,5349,3,3,2026-08-15,791
5350,5350,4,4,2026-08-15,963
5351,5351,4,4,2026-08-15,1018
5352,5352,4,4,2026-08-15,1066
5353,5353,5,5,2026-08-15,882
5354,5354,5,5,2026-08-15,947
5355,5355,5,5,2026-08-15,962
5356,5356,1,1,2026-08-16,999
5357,5357,1,1,2026-08-16,982
5358,5358,1,1,2026-08-16,931
5359,5359,2,2,2026-08-16,848
5360,5360,2,2,2026-08-16,887
5361,5361,2,2,2026-08-16,931
5362,5362,3,3,2026-08-16,777
5363,5363,3,3,2026-08-16,856
5364,5364,3,3,2026-08-16,794
5365,5365,4,4,2026-08-16,954
5366,5366,4,4,2026-08-16,897
5367,5367,4,4,2026-08-16,1002
5368,5368,5,5,2026-08-16,920
5369,5369,5,5,2026-08-16,912
5370,5370,5,5,2026-08-16,1010
5371,5371,1,1,2026-08-17,927
5372,5372,1,1,2026-08-17,936
5373,5373,1,1,2026-08-17,972
5374,5374,2,2,2026-08-17,955
5375,5375,2,2,2026-08-17,918
5376,5376,2,2,2026-08-17,904
5377,5377,3,3,2026-08-17,886
5378,5378,3,3,2026-08-17,784
5379,5379,3,3,2026-08-17,784
5380,5380,4,4,2026-08-17,957
5381,5381,4,4,2026-08-17,996
5382,5382,4,4,2026-08-17,946
5383,5383,5,5,2026-08-17,886
5384,5384,5,5,2026-08-17,916
5385,5385,5,5,2026-08-17,868
5386,5386,1,1,2026-08-18,960
5387,5387,1,1,2026-08-18,966
5388,5388,1,1,2026-08-18,973
5389,5389,2,2,2026-08-18,935
5390,5390,2,2,2026-08-18,887
5391,5391,2,2,2026-08-18,950
5392,5392,3,3,2026-08-18,845
5393,5393,3,3,2026-08-18,761
5394,5394,3,3,2026-08-18,798
5395,5395,4,4,2026-08-18,892
5396,5396,4,4,2026-08-18,1030
5397,5397,4,4,2026-08-18,1014
5398,5398,5,5,2026-08-18,990
5399,5399,5,5,2026-08-18,872
5400,5400,5,5,2026-08-18,949
5401,5401,1,1,2026-08-19,930
5402,5402,1,1,2026-08-19,875
5403,5403,1,1,2026-08-19,990
5404,5404,2,2,2026-08-19,853
5405,5405,2,2,2026-08-19,914
5406,5406,2,2,2026-08-19,879
5407,5407,3,3,2026-08-19,807
5408,5408,3,3,2026-08-19,835
5409,5409,3,3,2026-08-19,807
5410,5410,4,4,2026-08-19,1076
5411,5411,4,4,2026-08-19,945
5412,5412,4,4,2026-08-19,1061
5413,5413,5,5,2026-08-19,918
5414,5414,5,5,2026-08-19,902
5415,5415,5,5,2026-08-19,927
5416,5416,1,1,2026-08-20,893
5417,5417,1,1,2026-08-20,925
5418,5418,1,1,2026-08-20,940
5419,5419,2,2,2026-08-20,910
5420,5420,2,2,2026-08-20,902
5421,5421,2,2,2026-08-20,920
5422,5422,3,3,2026-08-20,798
5423,5423,3,3,2026-08-20,844
5424,5424,3,3,2026-08-20,827
5425,5425,4,4,2026-08-20,996
5426,5426,4,4,2026-08-20,1032
5427,5427,4,4,2026-08-20,1032
5428,5428,5,5,2026-08-20,935
5429,5429,5,5,2026-08-20,916
5430,5430,5,5,2026-08-20,939
5431,5431,1,1,2026-08-21,945
5432,5432,1,1,2026-08-21,934
5433,5433,1,1,2026-08-21,957
5434,5434,2,2,2026-08-21,915
5435,5435,2,2,2026-08-21,925
5436,5436,2,2,2026-08-21,959
5437,5437,3,3,2026-08-21,811
5438,5438,3,3,2026-08-21,799
5439,5439,3,3,2026-08-21,839
5440,5440,4,4,2026-08-21,948
5441,5441,4,4,2026-08-21,904
5442,5442,4,4,2026-08-21,919
5443,5443,5,5,2026-08-21,949
5444,5444,5,5,2026-08-21,917
5445,5445,5,5,2026-08-21,920
5446,5446,1,1,2026-08-22,918
5447,5447,1,1,2026-08-22,998
5448,5448,1,1,2026-08-22,890
5449,5449,2,2,2026-08-22,923
5450,5450,2,2,2026-08-22,900
5451,5451,2,2,2026-08-22,962
5452,5452,3,3,2026-08-22,839
5453,5453,3,3,2026-08-22,758
5454,5454,3,3,2026-08-22,827
5455,5455,4,4,2026-08-22,998
5456,5456,4,4,2026-08-22,977
5457,5457,4,4,2026-08-22,1003
5458,5458,5,5,2026-08-22,905
5459,5459,5,5,2026-08-22,934
5460,5460,5,5,2026-08-22,930
5461,5461,1,1,2026-08-23,919
5462,5462,1,1,2026-08-23,938
5463,5463,1,1,2026-08-23,931
5464,5464,2,2,2026-08-23,915
5465,5465,2,2,2026-08-23,950
5466,5466,2,2,2026-08-23,850
5467,5467,3,3,2026-08-23,816
5468,5468,3,3,2026-08-23,780
5469,5469,3,3,2026-08-23,836
5470,5470,4,4,2026-08-23,996
5471,5471,4,4,2026-08-23,921
5472,5472,4,4,2026-08-23,987
5473,5473,5,5,2026-08-23,925
5474,5474,5,5,2026-08-23,883
5475,5475,5,5,2026-08-23,910
